ID	parentID	basionymID	status	rank	etymology	scientificName	authorship	namePublishedInYear	nameReferenceID	extinct	kingdom	phylum	class	order	family	link
1			accepted	species	Lemmy Kilmister (Motörhead)	Kalloprion kilmisteri	Eriksson	2006	Eriksson_2006		Animalia	Annelida	Polychaeta	Aciculata	Kalloprionidae	
2			accepted	species	King Diamond (Mercyful Fate)	Kingnites diamondi	Eriksson	2012	Eriksson_2012		Animalia					
3			accepted	species	Beyoncé	Scaptia beyonceae	Lessard	2011	Lessard_2011		Animalia	Arthropoda				
4			accepted	species	Frank Zappa	Oenonites zappae	Eriksson	1997	Eriksson_1997		Animalia					http://www.tandfonline.com/doi/pdf/10.1080/11035899709546480#.VQ7Mq-FO3aw
5			accepted	species	Frank Zappa	Amaurotoma zappa	Plas	1972	zenodo.16284		Animalia					
6			accepted	species	Frank Zappa	Ranzania zappai	Carnevale	2007			Animalia					http://www.stsn.it/it/palaeontographia-italica.html
7			accepted	species	Frank Zappa	Zappaichthys harzhauseri	Carnevale & Collette	2014	Carnevale_2014		Animalia					
8			accepted	species	Malcom Young (AC/DC)	Maldybulakia malcomlmi	Edgecombe	1998	Edgecombe_1998	TRUE	Animalia	Arthropoda		Xiphosura		
9			accepted	species	Angus Young (AC/DC)	Maldybulakia angusi	Edgecombe	1998	Edgecombe_1998	TRUE	Animalia	Arthropoda		Xiphosura		
10			accepted	species	Ramones	Mackenziurus johnny	Edgecombe	1990			Animalia	Arthropoda	Trilobita	Phacopida	Encrinuridae	http://hdl.handle.net/2246/5060
11			accepted	species	Ramones	Mackenziurus deedeei	Edgecombe	1990			Animalia	Arthropoda	Trilobita	Phacopida	Encrinuridae	http://hdl.handle.net/2246/5060
12			accepted	species	Ramones	Mackenziurus ceejayi	Edgecombe	1990			Animalia	Arthropoda	Trilobita	Phacopida	Encrinuridae	http://hdl.handle.net/2246/5060
13			accepted	species	Ramones	Mackenziurus joeyi	Edgecombe	1990			Animalia	Arthropoda	Trilobita	Phacopida	Encrinuridae	http://hdl.handle.net/2246/5060
14			accepted	species	Sex Pistols	Arcticalymene viciousi	Adrain & Edgecombe	1997	jstor_1306585	TRUE	Animalia	Arthropoda	Trilobita	Phacopida		https://www.jstor.org/stable/1306585
15			accepted	species	Sex Pistols	Arcticalymene cooki	Adrain & Edgecombe	1997	jstor_1306585	TRUE	Animalia	Arthropoda	Trilobita	Phacopida		https://www.jstor.org/stable/1306585
16			accepted	species	Sex Pistols	Arcticalymene rotteni	Adrain & Edgecombe	1997	jstor_1306585	TRUE	Animalia	Arthropoda	Trilobita	Phacopida		https://www.jstor.org/stable/1306585
17			accepted	species	Sex Pistols	Arcticalymene matlocki	Adrain & Edgecombe	1997	jstor_1306585	TRUE	Animalia	Arthropoda	Trilobita	Phacopida		http://www.jstor.org/stable/1306585
18			accepted	species	Eluveitie	Paracidaris eluveitie	Hostettler & Menkveld	2015			Animalia					
19			accepted	species	Mark Knopfler	Masiakasaurus knopfleri	Sampson et al.	2001	Sampson_2001		Animalia	Chordata	Reptilia	Saurischia	Noasauridae	
20			accepted	species	Greg Graffin	Qiliana graffini	Ji et al.	2011	JI_2011		Animalia					
21			accepted	genus	Mick Jagger	Jaggermeryx	Miller et al.	2014	Miller_2014		Animalia	Chordata	Mammalia			http://www.bioone.org/doi/full/10.1666/13-122
21b			accepted	species	Mick Jagger	Jaggermeryx naida	Miller et al.	2014	Miller_2014		Animalia	Chordata	Mammalia			http://www.bioone.org/doi/full/10.1666/13-122
22			accepted	species	Mick Jagger	Aegrotocatellus jaggeri	Adrain & Edgecombe	1995	jstor_1306307		Animalia					http://www.jstor.org/stable/1306307
23			accepted	species	Mick Jagger	Anomphalus jaggerius	Miller et al.	1972			Animalia					http://jpaleontol.geoscienceworld.org/content/46/2/249.abstract
24			accepted	species	Keith Richards	Perirehaedulus richardsi	Adrain & Edgecombe	1995	jstor_1306307		Animalia					http://www.jstor.org/stable/1306307
25			accepted	species	Nanker Phelge	Aegrotocatellus nankerphelgeorum	Adrain & Edgecombe	1995	jstor_1306307		Animalia					http://www.jstor.org/stable/1306307
26			accepted	species	Michael Jackson	Mesoparapylocheles michaeljacksoni	Fraaije et al.	2012	Fraaije_2012		Animalia					
27			accepted	genus	Jimi Hendrix	Hendrixella	Bannikov & Carnevale	2009	Bannikov_2009		Animalia					
28			accepted	species	Robert Fripp	Frippia labroiformis	Bannikov & Carnevale	2012	Bannikov_2009		Animalia					http://link.springer.com/article/10.1007/s00015-009-1331-3
29			accepted	species	Tarkus	Tarkus squirei	Carnevale & Pietsch	2012	CARNEVALE_2010		Animalia					
30			accepted	species	John Lennon	Avalanchurus lennoni	Edgecom & Chatte	1993			Animalia					https://www.schweizerbart.de/papers/pala/list/A226#issue4-6
31			accepted	species	Ringo Starr	Avalanchurus starri	Edgecom & Chatte	1993			Animalia					https://www.schweizerbart.de/papers/pala/list/A226#issue4-6
32			accepted	species	George Harrison	Struszia harrisoni	Edgecom & Chatte	1993			Animalia					https://www.schweizerbart.de/papers/pala/list/A226#issue4-6
33			accepted	species	Paul McCartney	Struszia maccartneyi	Edgecom & Chatte	1993			Animalia					https://www.schweizerbart.de/papers/pala/list/A226#issue4-6
34			accepted	species	Art Garfunel	Avalanchurus garfunkeli	Edgecom & Chatte	1993			Animalia					https://www.schweizerbart.de/papers/pala/list/A226#issue4-6
35			accepted	species	Paul Simon	Avalanchurus simoni	Edgecom & Chatte	1993			Animalia					https://www.schweizerbart.de/papers/pala/list/A226#issue4-6
36			accepted	species	Miles Davis	Milesdavis eldredgei	Liebermann	1994			Animalia					http://hdl.handle.net/2246/831
37			accepted	genus	David Attenborough	Sirdavidia	Couvreur et al.	2015	Couvreur_2015		Plantae					
38			accepted	species	David Attenborough	Electrotettix attenboroughi	Heads & Thomas, 2014	2014	Heads_2014		Animalia	Arthropoda	Insecta	Orthoptera		
39			accepted	species	David Attenborough	Hieracium attenboroughianum	Rich	2014	Rich_2014		Plantae			Asterales	Asteraceae	
40			accepted	species	David Attenborough	Polioptila attenboroughi	Whittaker, Aleixo, Smith & Klicka, 2013	2013			Animalia	Chordata	Aves	Passeriformes		http://treatment.plazi.org/id/67E76402-2B97-4733-856F-ED3A7A1822AC
41			accepted	species	David Attenborough	Prethopalpus attenboroughi	Baehr & Harvey, 2012	2012	Baehr_2012		Animalia					
42			accepted	species	David Attenborough	Trigonopterus attenboroughi	Riedel, 2014	2014	Riedel_2014		Animalia	Arthropoda	Insecta	Coleoptera		
43			accepted	species	David Attenborough	Zaglossus attenboroughi	Flannery & Groves, 1998	1998	FLANNERY_1998		Animalia	Chordata	Mammalia		Tachyglossidae	
44			accepted	species	Greedo	Peckoltia greedoi	Armbruster et al.	1998	Armbruster_2015		Animalia					
45			accepted	species	Neil Young	Myrmekiaphila neilyoungi	Jason Bond	2007			Animalia	Arthropoda	Arachnida			
46			accepted	species	Roy Orbison	Orectochilus orbisonorum		2008			Animalia	Arthropoda		Coleoptera		
47			accepted	species	Freddie Mercury	Cirolana mercuryi					Animalia	Arthropoda				
48			accepted	species	Jerry Garcia	Cryptocercus garciai					Animalia	Arthropoda	Insecta			
49			accepted	species	Green Day	Macrocarpaea dies-viridis					Plantae			Gentianales	Gentianaceae	
50			accepted	species	Frank Zappa	Pachygnatha zappa					Animalia	Arthropoda	Arachnida			
51		52	accepted	species	Sting	Dendropsophus stingi	(Kaplan, 1994)	2005			Animalia	Chordata	Amphibia	Anura	Hylidae	
52	51		synonym	species	Sting	Hyla stingi	Kaplan, 1994	1994	Kaplan_1994		Animalia	Chordata	Amphibia	Anura	Hylidae	
53			accepted	species	Elvis Presley	Preseucoela imallshookupis	Buffington, 2004	2004			Animalia	Arthropoda	Insecta	Hymenoptera	Figitidae	http://www.mapress.com/zootaxa/2004f/zt00408.pdf
54			accepted	species	Brian Eno	Pseudocorinna brianeno	Jocqué & Bosselaers	2011	JOCQUE_2011		Animalia	Arthropoda	Arachnida	Araneae		
55			accepted	species	James Taylor	Anacroneuria taylori					Animalia	Arthropoda	Insecta			
56			accepted	species	Carole King	Anacroneuria carole					Animalia	Arthropoda	Insecta			
57			accepted	species	James Brown	Funkotriplogynium iagobadius	Seeman & Walter, 1997	1997			Animalia	Arthropoda	Arachnida	Mesostigmata		
58			accepted	species	Barack and Michelle Obama	Teleogramma obamaorum	Stiassny & Alter, 2015	2015	Stiassny_2015	FALSE	Animalia	Chordata			Cichlidae	http://www.fishbase.org/summary/67778
59			accepted	species	Barack Obama	Tosanoides obama	Pyle, Greene & Kosaki	2016	Pyle_2016	FALSE	Animalia	Chordata		Perciformes	Serranidae	http://zoobank.org/18C72D73-00C3-40E4-B27F-FA7748A1251E
60			accepted	genus	Barack Obama	Obamadon	Longrich et al., 2013	2013	pnas.1303907110	TRUE	Animalia	Chordata	Reptilia	Squamata		
61			accepted	species	Barack Obama	Obamadon gracillis	Longrich et al., 2013	2013	pnas.1303907110	TRUE	Animalia	Chordata	Reptilia	Squamata		
62			accepted	genus	Barack Obama	Baracktrema	Roberts et al., 2016	2016	Roberts_2016	FALSE	Animalia	Platyhelminthes	Trematoda	Strigeidida	Schistosomatidae	
63			accepted	species	Barack Obama	Baracktrema obamai	Roberts et al., 2016	2016	Roberts_2016	FALSE	Animalia	Platyhelminthes	Trematoda	Strigeidida	Schistosomatidae	
64			accepted	species	Barack Obama	Etheostoma obama	Mayden & Layman, 2012	2012	Layman_2012	FALSE	Animalia	Chordata		Perciformes	Percidae	http://specifyassets.nhm.ku.edu/Ichthyology/originals/sp62866480801339482162.att.pdf
65			accepted	species	Barack Obama	Caloplaca obamae	Knudsen, 2009	2009	Knudsen_2009	FALSE	Fungi	Ascomycota	Lecanoromycetes	Teloschistales	Teloschistaceae	http://sweetgum.nybg.org/images3/250/136/op6p2.pdf
66			accepted	species	Barack Obama	Aptostichus barackobamai	Bond, 2012	2012	Bond_2012	FALSE	Animalia	Arthropoda	Arachnida	Araneae	Euctenizidae	https://en.wikipedia.org/wiki/Aptostichus_barackobamai
67			accepted	species	Barack Obama	Paragordius obamai	Hanelt, 2012	2012	Hanelt_2012	FALSE	Animalia	Nematomorpha				
68			accepted	species	Barack Obama	Nystalus obamai	Whitney, Piacentini, Schunck, Aleixo, Sousa, Silveira & Rego, 2013	2013		FALSE	Animalia	Chordata	Aves		Bucconidae	http://zoobank.org/NomenclaturalActs/3DCEBC85-2A85-43B5-B84F-6BB705E1AE70
69			accepted	species	Donald Trump	Neopalpa donaldtrumpi	Nazari, 2017	2017	Nazari_2017	FALSE	Animalia	Arthropoda	Insecta	Lepidoptera		https://doi.org/10.3897/zookeys.646.11411
70			accepted	species	Donald Trump	Tetragramma donaldtrumpi	Thompson, 2016	2016	Thompson_2016	TRUE	Animalia	Echinodermata	Echinoidea		Pseudodiadematidae	http://zoobank.org/NomenclaturalActs/C0F80BB8-728C-4151-B639-C764B5D8FA4A
71	72		synonym	subspecies	Theodore Roosevelt	Cervus elaphus roosevelti	Merriam, 1897	1897		FALSE	Animalia					http://explorer.natureserve.org/servlet/NatureServe?searchName=Cervus+elaphus+roosevelti
72		71	accepted	subspecies	Theodore Roosevelt	Cervus canadensis roosevelti	(Merriam, 1897)			FALSE	Animalia	Chordata	Mammalia		Cervidae	https://en.wikipedia.org/wiki/Elk#Taxonomy
73			accepted	species	Theodore Roosevelt	Crocidura roosevelti	(Heller, 1910)			FALSE	Animalia	Chordata	Mammalia	Eulipotyphla	Soricidae	http://www.iucnredlist.org/details/41355/0
74			accepted	species	Theodore Roosevelt	Pheidole roosevelti	Mann, 1921	1921	zenodo.25892	FALSE	Animalia	Arthropoda	Insecta	Hymenoptera	Formicidae	http://hol.osu.edu/index.html?id=33974
75			accepted	species	Isabella Rossellini	Ptomaphaginus isabellarossellini	Schilthuizen, Njunjić & Perreau, 2018	2018	Schilthuizen_2018	FALSE	Animalia	Arthropoda	Insecta	Coleoptera	Leiodidae	http://zoobank.org/87C3F9D7-6CBD-4351-B96F-307A65F0716D
76			accepted	species	David Attenborough	Kingsleya attenboroughi	Pinheiro & Santana, 2016	2016	PINHEIRO_2016	FALSE	Animalia	Arthropoda	Malacostraca	Decapoda	Pseudothelphusidae	
77			accepted	species	David Attenborough	Micridium attenboroughi	Darby, 2017	2017	DARBY_2017	FALSE	Animalia	Arthropoda	Insecta	Coleoptera	Ptiliidae	http://zoobank.org/0DD1868D-4EF5-4FB7-AEE9-372644800A79
78			accepted	species	David Attenborough	Acisoma attenboroughi	Mens, Schutte, Stokvis & Dijkstra, 2016		MENS_2016	FALSE	Animalia	Arthropoda	Insecta	Odonata	Libellulidae	
79			accepted	species	David Attenborough	Ctenocheloides attenboroughi	Anker, 2010	2010	Anker_2010	FALSE	Animalia	Arthropoda	Malacostraca	Decapoda	Callianassidae	
80			accepted	species	David Attenborough	Palaina attenboroughi	Greke, 2017	2017	Greke_2017	FALSE	Animalia	Mollusca	Gastropoda	Architaenioglossa	Diplommatinidae	http://zoobank.org/a9e64f72-c826-4226-8e64-8be0d34b43dd
81			accepted	species	David Attenborough	Platysaurus attenboroughi	Whiting, Branch, Pepper & Keogh, 2015	2015	WHITING_2015	TRUE	Animalia	Chordata	Reptilia	Squamata		
82			accepted	species	David Attenborough	Materpiscis attenboroughi	Long, Trinajstic, Young & Senden, 2008	2008	Long_2008	TRUE	Animalia	Chordata	Placodermi	Ptyctodontida	Ptyctodontidae	https://www.nature.com/articles/nature06966
83			accepted	species	David Attenborough	Cavisternum attenboroughi	Baehr & Raven, 2013	2013	BAEHR_2013	FALSE	Animalia	Arthropoda	Arachnida	Araneae	Oonopidae	
84			accepted	species	David Attenborough	Apoleptomastix attenboroughi	Noyes & Hayat, 1994	1994		FALSE	Animalia	Arthropoda	Insecta	Hymenoptera	Encyrtidae	
85			accepted	species	David Attenborough	Succinalophus attenboroughi	Legalov, 2016	2016		FALSE	Animalia	Arthropoda	Insecta	Coleoptera	Curculionidae	
86			accepted	genus	Lou Reed	Loureedia	Miller 2012	2012	Miller_2012	FALSE	Animalia	Arthropoda	Arachnida	Araneae	Eresidae	https://zookeys.pensoft.net/articles.php?id=2798
87			accepted	species	Emperor Akihito	Exyrias akihito	Allen & Randall, 2005	2005	Allen_2005	FALSE	Animalia	Chordata	Actinopterygii	Perciformes	Gobiidae	http://zoobank.org/NomenclaturalActs/c0ab159e-00c8-481b-8d3a-2762082df33d
89			accepted	species	Joni Mitchell	Cortinarius jonimitchelliae	H. Lindstr., Dima, Kytöv., Liimat. & Niskanen	2016	Dima_2016	FALSE	Fungi	Basidiomycota	Agaricomycotina	Agaricales	Cortinariaceae	https://doi.org/10.1007/s11557-016-1217-5
90			accepted	species	Greta Thunberg	Nelloptodes gretae	Darby, 2019	2019	Darby_2019	FALSE	Animalia	Arthropoda	Insecta	Coleoptera	Ptiliidae	https://www.ingentaconnect.com/content/pemberley/emm/2019/00000155/00000004/art00007
91			accepted	species	Arnold Schwarzenegger	Agra schwarzeneggeri	Erwin, 2002	2002	ERWIN_2002	FALSE	Animalia	Arthropoda	Insecta	Coleoptera	Carabidae	https://biotaxa.org/Zootaxa/article/view/zootaxa.119.1.1
93			accepted	species	Barack Obama	Spintharus barackobamai	Agnarsson & Sargeant, 2018	2018	Agnarsson_2017	FALSE	Animalia	Arthropoda	Arachnida	Araneae	Theridiidae	https://www.eurekalert.org/pub_releases/2017-09/oupu-csn092617.php
94			accepted	species	Bernie Sanders	Spintharus berniesandersi	Agnarsson & Sargeant, 2018	2018	Agnarsson_2017	FALSE	Animalia	Arthropoda	Arachnida	Araneae	Theridiidae	https://www.eurekalert.org/pub_releases/2017-09/oupu-csn092617.php
95			accepted	species	David Attenborough	Spintharus davidattenboroughi	Agnarsson & Sargeant, 2018	2018	Agnarsson_2017	FALSE	Animalia	Arthropoda	Arachnida	Araneae	Theridiidae	https://www.eurekalert.org/pub_releases/2017-09/oupu-csn092617.php
96			accepted	species	David Bowie	Spintharus davidbowiei	Agnarsson & Sargeant, 2018	2018	Agnarsson_2017	FALSE	Animalia	Arthropoda	Arachnida	Araneae	Theridiidae	https://www.eurekalert.org/pub_releases/2017-09/oupu-csn092617.php
97			accepted	species	Leonardo DiCaprio	Spintharus leonardodicaprioi	Agnarsson & Sargeant, 2018	2018	Agnarsson_2017	FALSE	Animalia	Arthropoda	Arachnida	Araneae	Theridiidae	https://www.eurekalert.org/pub_releases/2017-09/oupu-csn092617.php
98			accepted	species	Michelle Obama	Spintharus michelleobamaae	Agnarsson & Sargeant, 2018	2018	Agnarsson_2017	FALSE	Animalia	Arthropoda	Arachnida	Araneae	Theridiidae	https://www.eurekalert.org/pub_releases/2017-09/oupu-csn092617.php
99			accepted	species	Vicki Funk	Proterops vickifunkae	Sharkey, 2021	2021	Sharkey_2021	FALSE	Animalia	Arthropoda	Insecta	Hymenoptera	Braconidae	https://doi.org/10.3897/zookeys.1013.55600
100			accepted	species	Hu Ge & Koo Tin-lok	Nemoura hugekootinlokorum	Wang in Wang & Guo, 2021	2021	IJE_2021_101001	FALSE	Animalia	Arthropoda	Insecta	Plecoptera	Nemouridae	http://zoobank.org/NomenclaturalActs/d855da2a-f220-46f6-b540-50ea7ec52e77
101			accepted	species	Leonardo DiCaprio	Grouvellinus leonardodicaprioi	Freitag, Pangantihon & Njunjić, 2018	2018	Freitag_2018	FALSE	Animalia	Arthropoda	Insecta	Coleoptera	Elmidae	https://doi.org/10.3897/zookeys.754.24276
102			accepted	species	Kate Winslet	Agra katewinsletae	Erwin, 2002	2002	ERWIN_2002	FALSE	Animalia	Arthropoda	Insecta	Coleoptera	Carabidae	https://doi.org/10.11646/zootaxa.119.1.1
103			accepted	species	Matt Groening	Albunea groeningi	Boyko, 2002	2002	KUMAR_2020	FALSE	Animalia	Arthropoda	Malacostraca	Decapoda	Albuneidae	https://doi.org/10.11646/zootaxa.4766.4.5
104			accepted	species	Boris Becker	Bufonaria borisbeckeri	Parth, 1996	1996	Parth_1996	FALSE	Animalia	Mollusca	Gastropoda		Bursidae	http://www.marinespecies.org/aphia.php?p=taxdetails&id=476458
105			accepted	species	Jeff Daniels	Tarantobelus jeffdanielsi	Schurkman, Anesko, Abolafia, Tandingan De Ley & Dillman, 2022	2022	Schurkman_2022	FALSE	Animalia	Nematoda	Secernentea	Tylenchida	Panagrolaimidae	http://zoobank.org/NomenclaturalActs/8de3e8eb-9465-4436-b372-8e7bd63fbf7a
106			accepted	species	Edward Osborne Wilson	Pheidole eowilsoni	Longino, 2009	2009	Longino_2009	FALSE	Animalia	Arthropoda	Insecta	Hymenoptera	Formicidae	http://zoobank.org/NomenclaturalActs/eee26378-7666-404b-93c6-71a0ded667d2
107			accepted	species	Edward Osborne Wilson	Aenictus wilsoni	Bharti, Wachkoo & Kumar, 2012	2012	Bharti_2012	FALSE	Animalia	Arthropoda	Insecta	Hymenoptera	Formicidae	https://doi.org/10.1016/j.aspen.2012.02.002
108			accepted	species	Edward Osborne Wilson	Aphaenogaster wilsoni	Cagniant, 1988	1988	x1	FALSE	Animalia	Arthropoda	Insecta	Hymenoptera	Formicidae	https://www.antweb.org/description.do?genus=aphaenogaster&species=wilsoni&rank=species&museumCode=KGAC
109			accepted	species	Edward Osborne Wilson	Apterostigma eowilsoni	Schultz, 2007	2007	x2	TRUE	Animalia	Arthropoda	Insecta	Hymenoptera	Formicidae	https://antwiki.org/wiki/Apterostigma_eowilsoni
110			accepted	species	Edward Osborne Wilson	Dacetinops wilsoni	Taylor, 1985	1985	x3	FALSE	Animalia	Arthropoda	Insecta	Hymenoptera	Formicidae	https://www.antcat.org/catalog/436303
111			accepted	species	Jacinda Ardern	Hemiandrus jacinda	Trewick, 2021	2021	TREWICK_2021	FALSE	Animalia	Arthropoda	Insecta	Orthoptera	Anostostomatidae	http://zoobank.org/NomenclaturalActs/b98129ce-b464-4c32-98e6-8b4b2f007f57
112			accepted	species	Bram Stoker	Draculoides bramstokeri	Harvey & Humphreys, 1995	1995	x4	FALSE	Animalia	Arthropoda	Arachnida	Schizomida	Hubbardiidae	https://library.museum.wa.gov.au/internaldocs/19145/Harvey&Humphreys1995NotesonDraculoides.pdf
113			accepted	species	Jean-Baptiste Lamarck	Amelanchier lamarckii	F.G.Schroed.	1968	Schroeder_1968	FALSE	Plantae			Rosales	Rosaceae	https://en.wikipedia.org/wiki/Amelanchier_lamarckii
114			accepted	species	Adolf Hitler	Anophthalmus hitleri	Scheibel, 1937	1937	x5	FALSE	Animalia	Arthropoda	Insecta	Coleoptera	Carabidae	https://en.wikipedia.org/wiki/Anophthalmus_hitleri
115			accepted	species	Taylor Swift	Nannaria swiftae	Hennen, Means & Marek, 2022	2022	Hennen_2022	FALSE	Animalia	Arthropoda	Diplopoda	Polydesmida	Xystodesmidae	https://en.wikipedia.org/wiki/Nannaria_swiftae
116			accepted	species	Vladimir Lenin	Leninia stellans	Fischer et al., 2013	2013	FISCHER_2013	TRUE	Animalia	Chordata	Reptilia	Ichthyosauria	Ophthalmosauridae	https://en.wikipedia.org/wiki/Leninia
117			accepted	species	Charles Darwin	Rhinoderma darwinii	Duméril & Bibron, 1841	1841	x6	FALSE	Animalia	Chordata	Amphibia	Anura	Rhinodermatidae	https://en.wikipedia.org/wiki/Darwin%27s_frog
118	117	117	synonym	species	Charles Darwin	Bombinator darwinii	(Duméril & Bibron, 1841)	1858	x7	FALSE	Animalia	Chordata	Amphibia	Anura	Rhinodermatidae	https://amphibiansoftheworld.amnh.org/Amphibia/Anura/Rhinodermatidae/Rhinoderma/Rhinoderma-darwinii
119			accepted	species	Johann Wolfgang von Goethe & William Shakespeare	Goetheana shakespearei	Girault, 1920	1920	x8	FALSE	Animalia	Arthropoda	Insecta	Hymenoptera	Eulophidae	http://www.waspweb.org/Chalcidoidea/Eulophidae/Entedoninae/Goetheana/Goetheana_shakespearei.htm
120			accepted	species	Wolfgang Amadeus Mozart & Ludwig van Beethoven	Mozartella beethoveni	Girault, 1926	1926	x9	FALSE	Animalia	Arthropoda	Insecta	Hymenoptera	Encyrtidae	https://sv.wikipedia.org/wiki/Mozartella_beethoveni
121			accepted	species	Leonardo DiCaprio	Uvariopsis dicaprio	Cheek & Gosline	2022	Gosline_2022	FALSE	Plantae				Annonaceae	https://doi.org/10.7717/peerj.12614
122			accepted	species	Greta Thunberg	Craspedotropis gretathunbergae	Schilthuizen et al., 2020	2020	Schilthuizen_2020	FALSE	Animalia	Mollusca	Gastropoda		Cyclophoridae	https://doi.org/10.3897/BDJ.8.e47484
123			accepted	species	Karl Lagerfeld	Jotus karllagerfeldi	Baehr, Schubert & Harms, 2019	2019	Baehr_2019	FALSE	Animalia	Arthropoda	Arachnida	Araneae	Salticidae	https://doi.org/10.3897/evolsyst.3.34496
124			accepted	species	Slash (Guns N' Roses)	Lielaphis slashi	Huang et al., 2026	2026	HUANG_2026	FALSE	Animalia	Chordata	Reptilia	Squamata	Colubridae	https://doi.org/10.11646/zootaxa.5866.2.6
125			accepted	species	Maturin (Stephen King)	Peltocephalus maturin	Ferreira et al., 2024	2024	Ferreira_2024	TRUE	Animalia	Chordata	Reptilia	Testudines	Podocnemididae	https://doi.org/10.1098/rsbl.2024.0010
126			accepted	species	Omar Khayyam: Refers to Omar Khayyam Neyshaburi, a Persian mathematician, astronomer, and poet (born on May 18, 1048, ACE in Neyshabur [, Razavi Khorasan province]; died on December 4, 1131 ACE in the same city)	Abditusdyadus khayyammii	Ghavidel-Syooki & Piri-Kangarshahi, 2021	2021	Ghavidel_Syooki_2021	TRUE						https://doi.org/10.1016/j.revpalbo.2020.104337
127			accepted	genus	Abel Tasman: The generic name is a combination of the name Abel, after the Dutch seafarer, explorer, and merchant Abel Tasman, and Psocus, a genus of Psocidae	Abelopsocus	Schmidt & New, 2008	2008	Schmidt_2008	FALSE	Animalia	Arthropoda	Insecta	Psocodea	Philotarsidae	https://doi.org/10.24199/j.mmv.2008.65.7
128			accepted	species	José de San Martín: named after José de San Martín, one of the leaders of South America's successful struggle for independence from Spain	Aberrapex sanmartini	Menoret, Mutti & Ivanov, 2017	2017	Menoret_2017	FALSE	Animalia	Platyhelminthes	Cestoda	Lecanicephalidea	Aberrapecidae	https://doi.org/10.14411/fp.2017.009
129			accepted	species	Cuitláhuac: The specific epithet honors Cuitláhuac, the penultimate "Huey Tlatoani"; a Nahuatl expression that refers to governors of the triple alliance (Tenochtitlán-Texcoco-Tlacopan) of the regions where the lake system occurred	Abies cuitlahuacii	Cevallos-Ferriz, Ríos-Santos & Lozano-García		Cevallos_Ferriz_2019	TRUE	Plantae	Tracheophyta	Pinopsida	Pinales	Pinaceae	https://doi.org/10.18268/bsgm2019v71n1a10
130			accepted	species	Hugo Grotius	Ablerus grotiusi	Girault, 1913	1913		FALSE	Animalia	Arthropoda	Insecta	Hymenoptera	Azotidae	
131			accepted	species	Atahualpa	Acanthobothrium atahualpai	Marques, Brooks & Barriga, 1997	1997	Marques_1997	FALSE	Animalia	Platyhelminthes	Cestoda	Onchoproteocephalidea	Onchobothriidae	https://doi.org/10.2307/3284414
132			accepted	species	Francis II Rákóczi: named in honour of Ferenc Rákóczi II (1676–1735), ruling prince of Transylvania and commander of Hungarian insurgent forces (1704–1711)	Acaphyllisa rakoczii	Ripka, 2009	2009	Ripka_2009	FALSE						https://doi.org/10.1556/aphyt.44.2009.1.8
133			accepted	genus	Achaemenes: is derived from the name Achaemenes (7th century BC, Persian king), traditional founder of the Achaemenid Empire (ca. 550–330 BC), also known as the Persian Empire which at the height of its power encompassed approximately eight million km2	Achaemenothrombium	Saboori, Wohltmann & Hakimitabar, 2010	2010	SABOORI_2010	FALSE						https://doi.org/10.11646/zootaxa.2611.1.2
134			accepted	species	Cyrus the Great: named for Persian king, Cyrus the great (c. 600 BC or 576 BC – December 530 BC), also known as Cyrus II or Cyrus of Persia	Achaemenothrombium cyrusi	Saboori, Wohltmann & Hakimitabar, 2010	2010	SABOORI_2010	FALSE						https://doi.org/10.11646/zootaxa.2611.1.2
135			accepted	species	Darius the Great: named for the third king of the Persian Achaemenid Empire, Darius the Great or Darius I (550–486 BC) who ruled the empire at its peak	Achaemenothrombium dariusi	Saboori, Wohltmann & Hakimitabar, 2013	2013	SABOORI_2013	FALSE						https://doi.org/10.11646/zootaxa.3694.2.3
136			accepted	species	Xerxes I: is named for the fourth king of the Persian Achaemenid Empire, Xerxes I (Khashayar) (c.518–August 465 BC), commonly known as Xerxes the Great, ruling from 486 to 465 BC. He was the son and successor of Darius the Great [...] and his mother was Atossa, a daughter of Cyrus the Great [...], the founder of the Achaemenid empire. Also, the previous described species (A. cyrusi, and A. dariusi) were named for this reason	Achaemenothrombium khashayarshahi	Noei, 2022	2022	Kohansal_2022	FALSE						https://doi.org/10.11158/saa.27.3.13
137			accepted	species	Anaximander: The specific name anaximanderi is derived from both the region of its discovery, the undersea Anaximander Seamounts [located near Turkey], and the Greek philosopher of the 6th century B.C. Anaximander (610–546 B.C.) for which the site was named. Anaximander was an early Pre-Socratic philosopher from the Greek city of Miletus in Ionia (modern-day Turkey)	Aciculaspio anaximanderi	Blake & Ramey-Balci, 2020	2020	BLAKE_2020	FALSE	Animalia	Annelida	Polychaeta			https://doi.org/10.11646/zoosymposia.19.1.14
138			accepted	species	Hatuey	Acylophorus hatuey	Bierig, 1938	1938		FALSE	Animalia	Arthropoda	Insecta	Coleoptera	Staphylinidae	
139			accepted	species	Atahualpa	Adaina atahualpa	Gielis, 2011	2011		FALSE	Animalia	Arthropoda	Insecta	Lepidoptera	Pterophoridae	
140			accepted	species	Maria Quitéria: named in honor to Maria Quitéria de Jesus, first ♀ military to fight at war in Brazilian history	Adelius quiteriae	Souza-Gessner, Cerântola & Penteado-Dias, 2019	2019	SHIMBORI_2019	FALSE	Animalia	Arthropoda	Insecta	Hymenoptera	Braconidae	https://doi.org/10.11646/zootaxa.4571.2.1
141			accepted	species	Caupolicán	Adelomelon caupolicani	Nielsen & Frassinetti, 2007	2007	NIELSEN_2007	TRUE	Animalia	Mollusca	Gastropoda	Neogastropoda	Volutidae	https://doi.org/10.1666/0022-3360(2007)81[82:TNVGNF]2.0.CO;2
142			accepted	species	Colocolo	Adelomelon colocoloi	Nielsen & Frassinetti, 2007	2007	NIELSEN_2007	TRUE	Animalia	Mollusca	Gastropoda	Neogastropoda	Volutidae	https://doi.org/10.1666/0022-3360(2007)81[82:TNVGNF]2.0.CO;2
143			accepted	species	Brothers Grimm: Named on the occasion of the 150th anniversary of Jacob and Wilhelm Grimm, best known for their fairy tales (Jacob Grimm died 20 September 1863)	Adelphenaldis grimmorum	Fischer, 2014	2014		FALSE	Animalia	Arthropoda	Insecta	Hymenoptera	Braconidae	
144			accepted	species	Juan Sebastián Elcano: Named in honor of Juan Sebastián Elcano, who captained the voyage back from the Philippines of the Nao Victoria, on which he completed the first circumnavigation of the world, on the 500th anniversary of the feat (1519-1521) that began with Ferdinand Magellan. His name is also that of the Spanish Navy training ship, to which we also want to pay a well-deserved tribute with this new species that, due to its uniqueness, will once again travel around the world	Aeolidiopsis elcanoi	Ortea & Moro, 2020	2020		FALSE	Animalia	Mollusca	Gastropoda	Nudibranchia	Magallanidae	
145			accepted	genus	Aeschylus	Aeschylia	Girault, 1929	1929		FALSE	Animalia	Arthropoda	Insecta	Hymenoptera	Melanosomellidae	
146			accepted	genus	Aesop: Named for the Greek teller of fables, Aesop, universally known for his hump, evoking that of the fish here described, and ιχθύς, fish	Aesopichthys	Poplin & Lund, 2000	2000	Poplin_2000	TRUE						https://doi.org/10.1671/0272-4634(2000)020[0428:TNDBPA]2.0.CO;2
147			accepted	species	Hernán Cortés: This species is named after the great Spanish explorer and conquistador Hernan Cortez [sic] who explored much of Mexico, conquered the local regime, and whose deeds and motivations remain somewhat controversial	Agathidium cortezi	Miller & Wheeler, 2005	2005	MILLER_2005	FALSE	Animalia	Arthropoda	Insecta	Coleoptera	Leiodidae	https://doi.org/10.1206/0003-0090(2005)291<0001:SBOTGA>2.0.CO;2
148			accepted	species	Pocahontas: This species is named pocahontasae after [[Pocahontas County, West Virginia|a county in [West] Virginia]] from which numerous type specimens were collected and after the young woman Pocahontas, who may have saved the struggling Jamestown Colony by marrying John Rolfe, thereby establishing a peace between Jamestown colonists and the tribes of Powhatan	Agathidium pocahontasae	Miller & Wheeler, 2005	2005	MILLER_2005	FALSE	Animalia	Arthropoda	Insecta	Coleoptera	Leiodidae	https://doi.org/10.1206/0003-0090(2005)291<0001:SBOTGA>2.0.CO;2
149			accepted	species	Isaac Newton	Alaptus newtoni	Girault, 1912	1912		FALSE	Animalia	Arthropoda	Insecta	Hymenoptera	Mymaridae	
150			accepted	species	Cuauhtémoc: dedicated to the last Aztec emperor, Cuauhtémoc, executed by the Spanish conquerors under Hernán Cortés in 1525 and still venerated by the Mexicans	Alcathoe cuauhtemoci	Krogmann & Riefenstahl, 2004	2004		FALSE	Animalia	Arthropoda	Insecta	Lepidoptera	Sesiidae	
151			accepted	species	Ferdowsi: After Hakim Abul-Qasim Ferdowsi Tusi (940-1020), important and influential Persian poet and author of the epic Shahnameh	Alibashites ferdowsii	Korn et al., 2015	2015	Korn_2015	TRUE	Animalia	Mollusca	Cephalopoda	Ammonoidea	Dzhulfitidae	https://doi.org/10.1080/14772019.2015.1119211
152			accepted	genus	Dante Alighieri	Aligheria	Girault, 1928	1928		FALSE	Animalia	Arthropoda	Insecta	Hymenoptera		
153			accepted	genus	Dante Alighieri	Aligherinia	Girault, 1922	1922		FALSE	Animalia	Arthropoda	Insecta	Hymenoptera	Lyciscidae	
154			accepted	species	Manco Cápac: The species epithet mancocapaci refers to Manco Capac, the first ruler of the Tawantinsuyu	Alophophion mancocapaci	Alvarado, 2014	2014	Alvarado_2014	FALSE	Animalia	Arthropoda	Insecta	Hymenoptera	Ichneumonidae	https://doi.org/10.15381/rpb.v21i1.8245
155			accepted	species	Sinchi Roca: The species epithet sinchirocai refers to Sinchi Roca, the second ruler of the Tawantinsuyu	Alophophion sinchirocai	Alvarado, 2014	2014	Alvarado_2014	FALSE	Animalia	Arthropoda	Insecta	Hymenoptera	Ichneumonidae	https://doi.org/10.15381/rpb.v21i1.8245
156			accepted	species	Lloque Yupanqui: The species epithet lloqueyupanquii refers to Lloque Yupanqui, the third ruler of the Tawantinsuyu	Alophophion lloqueyupanquii	Alvarado, 2014	2014	Alvarado_2014	FALSE	Animalia	Arthropoda	Insecta	Hymenoptera	Ichneumonidae	https://doi.org/10.15381/rpb.v21i1.8245
157			accepted	species	Mayta Cápac: The species epithet maytacapaci refers to Mayta Capac, the fourth ruler of the Tawantinsuyu	Alophophion maytacapaci	Alvarado, 2014	2014	Alvarado_2014	FALSE	Animalia	Arthropoda	Insecta	Hymenoptera	Ichneumonidae	https://doi.org/10.15381/rpb.v21i1.8245
158			accepted	species	Cápac Yupanqui: The species epithet capacyupanquii refers to Cápac Yupanqui, the fifth ruler of the Tawantinsuyu	Alophophion capacyupanquii	Alvarado, 2014	2014	Alvarado_2014	FALSE	Animalia	Arthropoda	Insecta	Hymenoptera	Ichneumonidae	https://doi.org/10.15381/rpb.v21i1.8245
159			accepted	species	Inca Roca: The species epithet incarocai refers to Inca Roca, the sixth ruler of the Tawantinsuyu and first inca	Alophophion incarocai	Alvarado, 2014	2014	Alvarado_2014	FALSE	Animalia	Arthropoda	Insecta	Hymenoptera	Ichneumonidae	https://doi.org/10.15381/rpb.v21i1.8245
160			accepted	species	Yawar Waqaq: The species epithet yahuarhuacaci refers to Atahualpa [sic; likely an editing error, meant to say Yáhuar Huácac], the seventh ruler of the Tawantinsuyu and first inca [sic; likely an editing error, meant to say second inca, or be omitted altogether]	Alophophion yahuarhuacaci	Alvarado, 2014	2014	Alvarado_2014	FALSE	Animalia	Arthropoda	Insecta	Hymenoptera	Ichneumonidae	https://doi.org/10.15381/rpb.v21i1.8245
161			accepted	species	Viracocha Inca: The species epithet wiracochai refers to Wiracocha, the eighth ruler of the Tawantinsuyu	Alophophion wiracochai	Alvarado, 2014	2014	Alvarado_2014	FALSE	Animalia	Arthropoda	Insecta	Hymenoptera	Ichneumonidae	https://doi.org/10.15381/rpb.v21i1.8245
162			accepted	species	Pachacuti: The species epithet pachacutii refers to Pachacuti, the ninth ruler of the Tawantinsuyu	Alophophion pachacutii	Alvarado, 2014	2014	Alvarado_2014	FALSE	Animalia	Arthropoda	Insecta	Hymenoptera	Ichneumonidae	https://doi.org/10.15381/rpb.v21i1.8245
163			accepted	species	Topa Inca Yupanqui: The species epithet yupankii refers to Túpaq Inka Yupanki, the tenth ruler of the Tawantinsuyu	Alophophion yupankii	Alvarado, 2014	2014	Alvarado_2014	FALSE	Animalia	Arthropoda	Insecta	Hymenoptera	Ichneumonidae	https://doi.org/10.15381/rpb.v21i1.8245
164			accepted	species	Huayna Capac: The species epithet huaynacapac refers to Huayna Cápac, the eleventh ruler of the Tawantinsuyu	Alophophion huaynacapaci	Alvarado, 2014	2014	Alvarado_2014	FALSE	Animalia	Arthropoda	Insecta	Hymenoptera	Ichneumonidae	https://doi.org/10.15381/rpb.v21i1.8245
165			accepted	species	Huáscar: The species epithet huascari refers to Huascar, the twelfth ruler of the Tawantinsuyu	Alophophion huascari	Alvarado, 2014	2014	Alvarado_2014	FALSE	Animalia	Arthropoda	Insecta	Hymenoptera	Ichneumonidae	https://doi.org/10.15381/rpb.v21i1.8245
166			accepted	species	Atahualpa: The species epithet atahualpai refers to Atahualpa, the last ruler of the Tawantinsuyu	Alophophion atahualpai	Alvarado, 2014	2014	Alvarado_2014	FALSE	Animalia	Arthropoda	Insecta	Hymenoptera	Ichneumonidae	https://doi.org/10.15381/rpb.v21i1.8245
167			accepted	species	Nostradamus: Nostradamus, Latinised name of Michel de Nostredame (1503–1566), French seer, well known for his prophecies published in his book Les Prophéties. His name [...] has been chosen because the presence of cyclids in the Alsasua area was predicted by one of us (RHBF) one year prior to the discovery of the holotype of the new taxon	Alsasuacaris nostradamus	Bakel, Jagt, Fraaije & Artal, 2011	2011		TRUE						
168			accepted	species	Empress Joséphine	Alvania josephineae	Landau, Ceulemans & Van Dingenen, 2018	2018		TRUE	Animalia	Mollusca	Gastropoda	Littorinimorpha	Rissoidae	
169			accepted	species	Napoleon	Alvania napoleoni	Landau, Ceulemans & Van Dingenen, 2018	2018		TRUE	Animalia	Mollusca	Gastropoda	Littorinimorpha	Rissoidae	
170			accepted	species	Tipu Sultan: named after Tipu Sultan the ruler of the 'Kingdom of Mysore', who died defending his fort at Srirangapattana	Amblyaspis tipusultani	Veenakumari & Buhl, 2013	2013		FALSE	Animalia	Arthropoda	Insecta	Hymenoptera	Platygastridae	
171			accepted	species	Topa Inca Yupanqui: The specific epithet is a patronym in honor of the Inca leader, Tupac Yupanqui, who unified the agricultural populations of Ecuador	Ami yupanquii	Pérez-Miles, Gabriel & Gallon, 2008	2008	P_REZ_MILES_2008	FALSE						https://doi.org/10.11646/zootaxa.1915.1.3
172			accepted	species	Cleopatra VII	Ammophila cleopatra	Menke, 1964	1964		FALSE	Animalia	Arthropoda	Insecta	Hymenoptera	Sphecidae	
173			accepted	species	Charles-Irénée Castel de Saint-Pierre	Amoturella saintpierrei	Girault, 1913	1913		FALSE	Animalia	Arthropoda	Insecta	Hymenoptera	Moranilidae	
174			accepted	species	Sepé Tiaraju: The species is named after the South-American Indigenous warrior Sepé Tiaraju, supposedly born around 1723, leader of the "Sete Povos das Missões", a set of seven indigenous settlements founded by the Spanish Jesuits in northwest Rio Grande do Sul, Brazil. Sepé Tiaraju is a Guaraní hero, symbol of indigenous sentiment of liberty, but he was also part of the gaucho folklore traditions, immortalized in many regional literary works. [...] The tribute was a reference to the restricted distribution of the species to the "Missões" region	Amphisbaena tiaraju	Perez & Borges-Martins, 2019	2019	Perez_2019	FALSE	Animalia	Chordata	Reptilia	Squamata	Amphisbaenidae	https://doi.org/10.1016/j.jcz.2019.09.007
175			accepted	species	Hatuey	Anabaena hatueyi	Komárek, 2005	2005		FALSE	Bacillati	Cyanobacteriota	Cyanophyceae	Nostocales	Aphanizomenonaceae	
176			accepted	genus	Anacaona: named after Anacaona (born in 1474, murdered by hanging in 1503), the well-known Taino woman that ruled the Jaragua chiefdom in Hispaniola and was also said to be the greatest Caribbean beauty	Anacaona	Yong, 2019	2019		FALSE	Animalia	Arthropoda	Insecta	Orthoptera	Tettigoniidae	
177			accepted	species	Túpac Amaru	Anacroneuria amaru	Stark, 2004	2004		FALSE	Animalia	Arthropoda	Insecta	Plecoptera	Perlidae	
178			accepted	species	Titu Cusi	Anacroneuria cusi	Stark, 2004	2004		FALSE	Animalia	Arthropoda	Insecta	Plecoptera	Perlidae	
179			accepted	species	Huayna Capac	Anacroneuria huayna	Stark, 2004	2004		FALSE	Animalia	Arthropoda	Insecta	Plecoptera	Perlidae	
180			accepted	species	Benvenuto Cellini	Anagyrus cellinini	Girault, 1915	1915		FALSE	Animalia	Arthropoda	Insecta	Hymenoptera	Encyrtidae	
181			accepted	species	William Ellery Channing	Anagyrus channingi	Girault, 1913	1913		FALSE	Animalia	Arthropoda	Insecta	Hymenoptera	Encyrtidae	
182			accepted	species	Hugo Grotius	Anagyrus grotii	Girault, 1915	1915		FALSE	Animalia	Arthropoda	Insecta	Hymenoptera	Encyrtidae	
183			accepted	species	Georg Wilhelm Friedrich Hegel	Anagyrus hegeli	Girault, 1915	1915		FALSE	Animalia	Arthropoda	Insecta	Hymenoptera	Encyrtidae	
184			accepted	species	William Penn	Anagyrus penni	Girault, 1913	1913		FALSE	Animalia	Arthropoda	Insecta	Hymenoptera	Encyrtidae	
185			accepted	species	Charles-Irénée Castel de Saint-Pierre	Anagyrus saintpierrei	Girault, 1913	1913		FALSE	Animalia	Arthropoda	Insecta	Hymenoptera	Encyrtidae	
186			accepted	species	Immanuel Kant: Dedicated to Immanuel Kant for his The General Natural History and Theory of the Heavens	Anaphes kantii	Girault, 1912	1912		FALSE	Animalia	Arthropoda	Insecta	Hymenoptera	Mymaridae	
187			accepted	species	Pierre-Simon Laplace	Anaphes laplacei	Girault, 1912	1912	LIN_2007	FALSE	Animalia	Arthropoda	Insecta	Hymenoptera	Mymaridae	https://doi.org/10.11646/zootaxa.1596.1.1
188			accepted	species	Thomas Paine	Anaphes painei	Girault, 1912	1912		FALSE	Animalia	Arthropoda	Insecta	Hymenoptera	Mymaridae	
189			accepted	species	Charles-Irénée Castel de Saint-Pierre	Anaphes saintpierrei	Girault, 1913	1913		FALSE	Animalia	Arthropoda	Insecta	Hymenoptera	Mymaridae	
190			accepted	species	Zumbi dos Palmares: named after Zumbi from Quilombo dos Palmares, a martyr and last leader of a self-sustaining community of runaway captives evading slavery in the seventeenth century, located in the state of Alagoas, Brazil	Ancistrobasis zumbii	Lima, Christoffersen & Barros, 2013	2013		FALSE	Animalia	Mollusca	Gastropoda	Seguenziida	Seguenziidae	
191			accepted	species	Atahualpa: after Atahualpa, the last Inca, executed in the square of Cajamarca [the type locality], in August 1533	Andinorites atahualpai	Etonti & Mateu, 2000	2000		FALSE	Animalia	Arthropoda	Insecta	Coleoptera	Carabidae	
192			accepted	species	Xuanzang: dedicated to Chinese Buddhist priest Xuanzang [...] who traveled with hardships from Changan (Xian at present) to India through Xinjiang Uygur on Silk Road in 629 B.C. [sic, actually AD] in the Tang Dynasty and returned with many Buddhist Scriptures in 645 B.C. [sic] and translated into Chinese which were imparted to Japan later	Andrena xuanzangi	Tadauchi & Xu, 2003	2003	Tadauchi_2003	FALSE	Animalia	Arthropoda	Insecta	Hymenoptera	Andrenidae	https://doi.org/10.5109/2675
193			accepted	genus	Fra Angelico	Angeliconana	Girault, 1922	1922		FALSE	Animalia	Arthropoda	Insecta	Hymenoptera	Encyrtidae	
194			accepted	species	Koxinga	Anisogomphus koxingai	Chao, 1954	1954		FALSE	Animalia	Arthropoda	Insecta	Odonata	Gomphidae	
195			accepted	genus	Anselm of Canterbury	Anselmella	Girault, 1925	1925		FALSE	Animalia	Arthropoda	Insecta	Hymenoptera	Eulophidae	
196			accepted	species	Rosamund Clifford: A triple allusion to red hair, spinifex [which the animal lives and hides among] and Woodstock [a station in Western Australia, the type locality]. Fair Rosamond was by tradition, red-haired and very beautiful. Mistress of Henry II, she was kept hidden in "a house of wonderful working, so that no man or woman might come to her..." This maze was at the Royal Manor of Woodstock in Oxfordshire	Antechinus rosamondae	Ride, 1964	1964		FALSE	Animalia	Chordata	Mammalia	Dasyuromorphia	Dasyuridae	
197			accepted	species	Confucius	Anthobium confucii	Shavrin & Smetana, 2018	2018	SHAVRIN_2018	FALSE	Animalia	Arthropoda	Insecta	Coleoptera	Staphylinidae	https://doi.org/10.11646/zootaxa.4508.4.1
198			accepted	species	Toussaint Louverture: to honor the memory of the enlightened, self-educated Toussaint L'Ouverture (1743[?]–1803), formerly a slave, who became the most influential leader of the revolution that overthrew the erstwhile ruling European powers, and led to the foundations of an independent Haiti	Apenes toussainti	Ball & Shpeley, 2009	2009	Ball_2009	FALSE	Animalia	Arthropoda	Insecta	Coleoptera	Carabidae	https://doi.org/10.2992/007.078.0201
199			accepted	species	Chares of Lindos: Named after Chares of Lindos, a Greek sculptor born on the island of Rhodes. Chares constructed the Colossus of Rhodes in 282 BC, one of the Seven Wonders of the Ancient World	Aphaenogaster charesi	Salata & Borowiec, 2016	2016	SALATA_2016	FALSE	Animalia	Arthropoda	Insecta	Hymenoptera	Formicidae	https://doi.org/10.11646/zootaxa.4170.1.13
200			accepted	species	Thomas Paine: Respectfully dedicated to Thomas Paine, one of the manly defenders of truth and reason and author of the Rights of Man and The Age of Reason	Aphelinoidea painei	Girault, 1912	1912		FALSE	Animalia	Arthropoda	Insecta	Hymenoptera	Trichogrammatidae	
201			accepted	species	Hugo Grotius	Aphelinus grotiusi	Girault, 1913	1913	Polaszek_1991	FALSE	Animalia	Arthropoda	Insecta	Hymenoptera	Aphelinidae	https://doi.org/10.1017/S0007485300053293
202			accepted	species	John Milton	Aphelinus miltoni	Girault, 1915	1915	Hayat_1990	FALSE	Animalia	Arthropoda	Insecta	Hymenoptera	Aphelinidae	https://doi.org/10.1080/00305316.1990.11835539
203			accepted	species	Nathaniel Palmer: named after Nathaniel B. Palmer, American whaler, who is reputed to be among the first to sight the Antarctic continent	Aphelochaeta palmeri	Blake, 2018	2018	BLAKE_2018	FALSE	Animalia	Annelida	Polychaeta		Cirratulidae	https://doi.org/10.11646/zootaxa.4537.1.1
204			accepted	species	Atahualpa: perfect metaphor for the continuing destruction of the cultures of the indigenous peoples of South America and destruction of their environment by 'modern' man	Apistogramma atahualpa	Römer 1997	1997		FALSE	Animalia	Chordata	Teleostei	Cichliformes	Cichlidae	
205			accepted	species	Huáscar: large phenotypical similarity	Apistogramma huascar	Römer, Pretor & Hahn, 2006	2006		FALSE	Animalia	Chordata	Teleostei	Cichliformes	Cichlidae	
206			accepted	species	Ram Khamhaeng	Apocyclops ramkhamhaengi	Chullasorn, Kangtia, Pinkaew & Ferrari, 2008	2008		FALSE	Animalia	Arthropoda	Copepoda		Cyclopidae	
207			accepted	species	Wolfgang Amadeus Mozart: dedicated to the great composer Wolfgang Amadeus C. Mozart, for the endless pleasure of his music	Apousiella mozarti	García-Alcalde, 2022	2022	Garc_a_Alcalde_2022	TRUE	Animalia	Brachiopoda	Rhynchonellata	Spiriferida	Mucrospiriferidae	https://doi.org/10.7203/sjp.25315
208			accepted	species	Plato	Aprostocetus platoni	Girault, 1915	1915		FALSE	Animalia	Arthropoda	Insecta	Hymenoptera	Eulophidae	
209			accepted	species	Alexander Pope	Apseudogramma popei	Girault, 1915	1915		FALSE	Animalia	Arthropoda	Insecta	Hymenoptera	Trichogrammatidae	
210			accepted	species	George Washington: The species is named after George Washington, as is the mountain	Araneus washingtoni	Levi, 1971	1971		FALSE	Animalia	Arthropoda	Arachnida	Araneae	Araneidae	
211			accepted	species	Pachacuti: in honour [of] Pachakutiq Inka Yupanki (Quechua) [...] the ninth Sapa Inca (1418–1471/1472?) of the kingdom of Cusco which he transformed into the Inca Empire	Araucarites pachacuteci	Martínez		Mart_nez_2020	TRUE						https://doi.org/10.1016/j.cretres.2020.104426
212			accepted	genus	Archytas	Archytas	Jaennicke, 1867	1867		FALSE	Animalia	Arthropoda	Insecta	Diptera	Tachinidae	
213			accepted	species	Domingo Martínez de Irala	Argia iralai	Calvert, 1909	1909	Calvert_1909	FALSE	Animalia	Arthropoda	Insecta	Odonata	Coenagrionidae	https://doi.org/10.5962/p.202300
214			accepted	species	Sappho	Argoptochus sappho	Germann, Borovec & Braunert, 2015	2015	GERMANN_2015	FALSE	Animalia	Arthropoda	Insecta	Coleoptera	Curculionidae	https://doi.org/10.11646/zootaxa.4040.3.6
215			accepted	genus	Aristophanes	Aristophania	Guzman et al., 2023	2023	Guzman_2023	FALSE	Pseudomonadati	Pseudomonadota	Alphaproteobacteria	Rhodospirillales	Acetobacteraceae	https://doi.org/10.1099/ijsem.0.005699
216			accepted	genus	Arsinoe II	Arsinoitherium	Beadnell, 1902	1902		TRUE						
217			accepted	genus	José Gervasio Artigas: Father of the Nation	Artigasia	Francis & Mones, 1966	1966		TRUE	Animalia	Nematoda	Chromadorea	Rhabditida	Hystrignathidae	
218			accepted	species	Jean Jacques Rousseau: Respectfully dedicated to Jean Jacques Rousseau for his extract from the Project of Perpetual Peace, by the Abbé Saint-Pierre	Asaphomorphella rousseaui	Girault, 1913	1913	Berry_1995	FALSE	Animalia	Arthropoda	Insecta	Hymenoptera	Moranilidae	https://doi.org/10.7931/J2/FNZ.33
219			accepted	species	Saint Peter: named after Saint Peter, very popular in the Brazilian countryside, because the holotype emerged [on] Saint Peter's day	Asphondylia sanctipetri	Urso-Guimarães & de Souza Amorim, 2002	2002	Urso_Guimar_es_2002	FALSE	Animalia	Arthropoda	Insecta	Diptera	Cecidomyiidae	https://doi.org/10.1590/S0085-56262002000400011
220			accepted	species	Hypatia	Aspilota hypatiae	Kittel, 2016	2016		FALSE	Animalia	Arthropoda	Insecta	Hymenoptera	Braconidae	
221			accepted	species	Cleopatra VII	Astata cleopatra	Puławski, 1959	1959		FALSE	Animalia	Arthropoda	Insecta	Hymenoptera	Crabronidae	
222			accepted	species	Nefertiti	Astata nephertiti	Puławski, 1959	1959		FALSE	Animalia	Arthropoda	Insecta	Hymenoptera	Crabronidae	
223			accepted	species	Joana Angélica: in honor of Sister Joana Angélica, a conceptionist nun and martyr of the Brazilian Independence War, who died when resisting the invasion of the Convent of Lapa [located in Salvador], and has her name included in the book of the Heroes and Heroines of the Country	Asterocheres angelicae	Bahiana, Farias, Neves & Johnsson, 2025	2025	BAHIANA_2025	FALSE	Animalia	Arthropoda	Copepoda		Asterocheridae	https://doi.org/10.11646/zootaxa.5696.2.2
224			accepted	species	Maria Filipa de Oliveira: in honor of Maria Felipa, a black fisherwoman, descendant of enslaved people, who led a group of hundreds of Brazilians civilians to defend Itaparica Island during the Brazilian Independence War. Her name was included in the book of the Heroes and Heroines of the Country	Asterocheres felipae	Bahiana, Farias, Neves & Johnsson, 2025	2025	BAHIANA_2025	FALSE	Animalia	Arthropoda	Copepoda		Asterocheridae	https://doi.org/10.11646/zootaxa.5696.2.2
225			accepted	species	Maria Quitéria: in honor of Lieutenant Maria Quitéria, known as the first woman to enlist in the Brazilian army, dressed as a man, during the Brazilian Independence War, and has her name included in the book of the Heroes and Heroines of the Country	Asterocheres quiteriae	Bahiana, Farias, Neves & Johnsson, 2025	2025	BAHIANA_2025	FALSE	Animalia	Arthropoda	Copepoda		Asterocheridae	https://doi.org/10.11646/zootaxa.5696.2.2
226			accepted	species	Atahualpa: Named for Atahualpa, among the last of the unfortunate Incas of Peru, who was strangled by the Spaniards at Cajamarca, Augist 29, 1533	Astyanax atahualpianus	Fowler, 1907	1907	Ortega_1986	FALSE	Animalia	Chordata	Teleostei	Characiformes	Acestrorhamphidae	https://doi.org/10.5479/si.00810282.437
227			accepted	species	Leonidas I: The specific epithet leonidas refers to the Spartan King Leonidas who heroically fought a million-man Persian army with only three hundred soldiers. The battle, in which Leonidas lost his life, took place in the narrow pass of Thermopylae. This epithet is dedicated to all the academic teachers of Argentina that stand in defense of a free and independent education	Astyanax leonidas	Azpelicueta, Casciotta & Almirón, 2002	2002	Azpelicueta_2002	FALSE	Animalia	Chordata	Teleostei	Characiformes	Acestrorhamphidae	https://doi.org/10.5962/bhl.part.79588
228			accepted	genus	Athaulf	Ataulfo	O. Pickard-Cambridge, 1895	1895		FALSE						
229			accepted	species	Anacaona: Named after Anacaona, also called 'golden flower', who was an Indian 'queen' and wife of Caonabo, one of the five 'caciques' of the island of Santo Domingo	Atomosia anacaona	Scarbrough & Perez-Gelabert, 2006	2006	SCARBROUGH_2006	FALSE	Animalia	Arthropoda	Insecta	Diptera	Asilidae	https://doi.org/10.11646/zootaxa.1381.1.1
230			accepted	species	Hugo Grotius	Atoposoma grotiusi	Girault, 1913	1913		FALSE	Animalia	Arthropoda	Insecta	Hymenoptera	Eulophidae	
231			accepted	species	Darius the Great: refers to Dariush, king of Persia, of the house of the Achaemenids	Atranus dariushi	Muilwijk & Seiedy & Wrase, 2021	2021		FALSE	Animalia	Arthropoda	Insecta	Coleoptera	Carabidae	
232			accepted	genus	Attila	Attila	Lesson, 1830	1830		FALSE	Animalia	Chordata	Aves	Passeriformes	Tyrannidae	
233			accepted	species	Cleopatra VII	Augochlora cleopatra	Schrottky, 1902	1902		FALSE	Animalia	Arthropoda	Insecta	Hymenoptera	Halictidae	
234			accepted	species	Leonidas I	Auranus leonidas	Colmenares, Porto & Tourinho, 2016	2016	COLMENARES_2016	FALSE	Animalia	Arthropoda	Arachnida	Opiliones	Stygnidae	https://doi.org/10.11646/zootaxa.4103.2.2
235			accepted	species	Xerxes I	Auranus xerxes	Colmenares, Porto & Tourinho, 2016	2016	COLMENARES_2016	FALSE	Animalia	Arthropoda	Arachnida	Opiliones	Stygnidae	https://doi.org/10.11646/zootaxa.4103.2.2
236			accepted	species	Bartolomeu de Gusmão: Dedicated to the Brazilian priest and inventor Bartolomeu Lourenço de Gusmão, who was born [in] Santos, São Paulo state in 1685 and died in 1724. Bartolomeu de Gusmão was the first Brazilian inventor and scientist, famous for the creation in 1709 of the hot air balloon	Austrotinodes gusmaoi	Dumas, de Souza & Rocha, 2017	2017	Dumas_2017	FALSE	Animalia	Arthropoda	Insecta	Trichoptera	Ecnomidae	https://doi.org/10.5852/ejt.2017.297
237			accepted	species	Ahuitzotl: This species is named in memory of Aztec Emperor Ahuitzotl, third Royal son of Montezuma I. Ahuitzotl greatly expanded the Aztec empire, and for the first time extended Aztec control to the Pacific coastal regions of Oaxaca and Guerrero, where this species occurs	Automeris ahuitzotli	Lemaire & Wolfe, 1993	1993		FALSE	Animalia	Arthropoda	Insecta	Lepidoptera	Saturniidae	
238			accepted	genus	Averroes	Averrhoa	L.			FALSE	Plantae	Tracheophyta	Magnoliopsida	Oxalidales	Oxalidaceae	
239			accepted	genus	Avicenna	Avicennia	L.			FALSE	Plantae	Tracheophyta	Magnoliopsida	Lamiales	Acanthaceae	
240			accepted	species	Confucius	Azygophleps confucianus	Yakovlev, 2006	2006		FALSE	Animalia	Arthropoda	Insecta	Lepidoptera	Cossidae	
241			accepted	genus	Johann Sebastian Bach	Bachiana	Strand, 1928	1928		FALSE	Animalia	Arthropoda	Insecta	Hymenoptera	Encyrtidae	
242			accepted	species	Aryabhata: named after the renowned Indian astronomer of the 5th century AD	Bacillus aryabhattai	Shivaji et al., 2009	2009	Shivaji_2009	FALSE	Bacillati	Bacillota	Bacilli	Caryophanales	Bacillaceae	https://doi.org/10.1099/ijs.0.002527-0
243			accepted	species	Ferdowsi	Badezorus ferdowsii	Linnavuori, 1997	1997		FALSE	Animalia	Arthropoda	Insecta	Hemiptera	Miridae	
244			accepted	genus	Vasco Núñez de Balboa	Balboa	Distant, 1893	1893		FALSE	Animalia	Arthropoda	Insecta	Hemiptera	Rhyparochromidae	
245			accepted	species	Artemisia II of Caria	Barichneumon cariae	Kittel, 2016	2016		FALSE	Animalia	Arthropoda	Insecta	Hymenoptera	Ichneumonidae	
246			accepted	genus	George Bass: The generic name is a combination of the name Bass, after the British naval surgeon and explorer George Bass, and Caecilius, a genus of Caeciliusidae	Bassocaecilius	Schmidt & New, 2008	2008		FALSE	Animalia	Arthropoda	Insecta	Psocodea	Caeciliusidae	
247			accepted	species	Dandara dos Palmares: in honor of "Dandara dos Palmares", an ex-slave warrior, who led the fight against slavery in Brazil in the XVII century	Batillipes dandarae	Santos, Rocha, Gomes Jr. & Fontoura, 2017	2017	SANTOS_2017	FALSE	Animalia	Tardigrada	Heterotardigrada	Arthrotardigrada	Batillipedidae	https://doi.org/10.11646/zootaxa.4243.3.4
248			accepted	species	Perkeo of Heidelberg	Batis perkeo	Neumann, 1907	1907		FALSE	Animalia	Chordata	Aves	Passeriformes	Platysteiridae	
249			accepted	genus	Antoine César Becquerel: Dedicated to the archfamous investigator of the physical world Becquerel, companion of the Academy of Sciences, who through many ingenious experiments has exposed the hidden powers of nature	Becquerelia	Brongn.			FALSE	Plantae	Tracheophyta	Liliopsida	Poales	Cyperaceae	
250			accepted	genus	Ludwig van Beethoven	Beethovena	Girault, 1932	1932		FALSE	Animalia	Arthropoda	Insecta	Hymenoptera	Encyrtidae	
251			accepted	genus	Ludwig van Beethoven: Dedicated to the greatest of the great musicians, for his unrepeatable symphonic repertoire, Ludwig van Beethoven	Beethovenia	García-Alcalde, 2015	2015	Garc_a_Alcalde_2015	TRUE	Animalia	Brachiopoda	Strophomenata	Strophomenida	Strophodontidae	https://doi.org/10.17811/tdg.34.2014.19-60
252			accepted	species	Johann Sebastian Bach: Dedicated to the sublime German composer Johann Sebastian Bach for his counterpoint mastery that has created so much musical beauty	Beethovenia bachi	García-Alcalde, 2015	2015	Garc_a_Alcalde_2015	TRUE	Animalia	Brachiopoda	Strophomenata	Strophomenida	Strophodontidae	https://doi.org/10.17811/tdg.34.2014.19-60
253			accepted	species	Ludwig van Beethoven: Dedicated to the extraordinary German composer Ludwig van Beethoven, for the energy and extraordinary vitality of his music	Beethovenia beethoveni	García-Alcalde, 2015	2015	Garc_a_Alcalde_2015	TRUE	Animalia	Brachiopoda	Strophomenata	Strophomenida	Strophodontidae	https://doi.org/10.17811/tdg.34.2014.19-60
254			accepted	species	Hernán Cortés: after the sea-faring explorer from Spain who touched the Middle American coast and Caribbean islands in so many places	Bembidion cortes	Erwin, 1982	1982		FALSE	Animalia	Arthropoda	Insecta	Coleoptera	Carabidae	
255			accepted	genus	Franz Berwald	Berwaldia	Larsson, 1981	1981	Larsson_1981	FALSE	Fungi	Rozellomycota	Microsporea	Glugeida	Tuzetiidae	https://doi.org/10.1017/S0031182000085334
256			accepted	species	Wolfgang Amadeus Mozart	Bishopina mozarti	Bonaduce et al. 1976	1976		FALSE	Animalia	Arthropoda	Ostracoda	Podocopida	Cytherideidae	
257			accepted	species	Leonardo da Vinci: named after Leonardo da Vinci, the famous Italian painter, draughtsman, engineer, scientist, theorist, sculptor, and architect. The species was first detected during a culture-independent survey of fungi associated with his famous self-portrait	Blastobotrys davincii	Visagie et al., 2022	2022	Visagie_2022	FALSE	Fungi	Ascomycota	Saccharomycetes	Saccharomycetales	Trichomonascaceae	https://doi.org/10.1002/yea.3816
258			accepted	genus	Bleda	Bleda	Bonaparte, 1857	1857		FALSE	Animalia	Chordata	Aves	Passeriformes	Pycnonotidae	
259			accepted	genus	William Bligh	Blighia	K. D. Koenig			FALSE	Plantae	Tracheophyta	Magnoliopsida	Sapindales	Sapindaceae	
260			accepted	species	Xerxes I: A tribute to famous Achaemenian king Xerxes I, who enforced the extension of Persepolis and constructed, among others, the Gate of All Nations and the Hall of a Hundred Columns, the largest and most imposing elements of the central palace there and which deeply impressed the first author	Bobbodus xerxesi	Hampe et al., 2013	2013	Hampe_2012	TRUE						https://doi.org/10.3140/bull.geosci.1357
261			accepted	genus	Giovanni Boccaccio: The generic name is based on the author of the Decameron, Giovanni Boccaccio. In the wake of what is said to be an almost inevitable worldwide pandemic of bird flu in humans, his masterpiece book may in fact be as contemporary to us as ever. The last name "Boccaccio" is combined with the common ending for many fairyfly genera, "-mymar"	Boccacciomymar	Triapitsyn & Berezovskiy, 2007	2007	TRIAPITSYN_2007	FALSE	Animalia	Arthropoda	Insecta	Hymenoptera	Mymaridae	https://doi.org/10.11646/zootaxa.1455.1.1
262			accepted	species	Gilbert du Motier, Marquis de Lafayette: Named in honor of General Lafayette who fought as a volunteer for the cause of American Liberty	Bolivina lafayettei	McLean, 1956	1956		TRUE	Chromista	Foraminifera	Globothalamea	Rotaliida	Bolivinitidae	
263			accepted	species	Thomas Jefferson: The specific epithet honors Thomas Jefferson who first described fossil vertebrates from Virginia	Boreogomphodon jeffersoni	Sues & Olsen, 1990	1990	Sues_1990	TRUE						https://doi.org/10.1126/science.249.4972.1020
264			accepted	genus	Louis Antoine de Bougainville	Bougainvillea	Comm. ex Juss.			FALSE	Plantae	Tracheophyta	Magnoliopsida	Caryophyllales	Nyctaginaceae	
265			accepted	species	Lloque Yupanqui	Brachylaemus yupanquii	Freitas, Kohn & Ibáñez, 1967	1967	Freitas_1967	FALSE						https://doi.org/10.1590/S0074-02761967000100006
266			accepted	species	Thomas Jefferson: This species is named in honor of Thomas Jefferson (1743–1826), third president of the United States. The type locality is Mt. Jefferson, North Carolina, and one of the other two known localities (Mt. Rogers-White Top) is in the Jefferson National Forest. Thomas Jefferson was not only an eminent statesman but a scholar with broad interests, among them the natural history of his country. It seems especially appropriate, as we note the nation's bicentennial anniversary, to honor Jefferson, the major author of the Declaration of Independence	Brachypanorpa jeffersoni	Byers, 1976	1976		FALSE	Animalia	Arthropoda	Insecta	Mecoptera	Panorpodidae	
267			accepted	species	Sacagawea: This species is named for the Shoshone "Bird Woman" Sacajawea (ca. 1790-1884), who with husband and infant son accompanied the Lewis and Clark expedition in 1805–1806 from Fort Mandan (North Dakota) to the mouth of the Columbia River on the Pacific coast, then back. She is said to have had familiarity with many animal and plant species encountered by the explorers. Her knowledge of the mountains of western Montana and northern Idaho aided the expedition in crossing the Bitterroot Range at Lolo Pass to gain access to a tributary of the Snake River and thence to the Columbia	Brachypanorpa sacajawea	Byers, 1990	1990		FALSE	Animalia	Arthropoda	Insecta	Mecoptera	Panorpodidae	
268			accepted	genus	Tycho Brahe	Brahea	Mart.			FALSE	Plantae	Tracheophyta	Liliopsida	Arecales	Arecaceae	
269			accepted	species	Miguel de Cervantes: dedicated to Cervantes, on the occasion of the 400th anniversary of his birth	Branchinecta cervantesi	Margalef, 1947	1947		FALSE	Animalia	Arthropoda	Branchiopoda	Anostraca	Branchinectidae	
270			accepted	species	Avicenna: named after Ibn Sina, also known as Avicenna (ca 980–June 1037), a Persian polymath who is regarded as the father of early modern medicine	Brigittea avicenna	Zamani & Marusik, 2021	2021	Zamani_2021	FALSE	Animalia	Arthropoda	Arachnida	Araneae	Dictynidae	https://doi.org/10.3897/zookeys.1054.70408
271			accepted	species	Manco Inca Yupanqui: refers to the most important Inca of Vilcabamba, Manco Inca, who was the leader of the last Incan resistance in southeastern Peru	Bryophryne mancoinca	Mamani et al., 2017	2017	Mamani_2017	FALSE	Animalia	Chordata	Amphibia	Anura	Strabomantidae	https://doi.org/10.11606/issn.2316-9079.v16i2p129-141
272			accepted	genus	Buddha	Buddhaites	Diener 1895	1895		TRUE	Animalia	Mollusca	Cephalopoda	Ammonoidea	Gymnitidae	
273			accepted	species	Tuanku Imam Bonjol: named in honour of Tuanku Imam Bonjol, a national hero of Indonesia from West Sumatra Province	Bulbophyllum bonjolianum	Yudistira, Candra & Mustaqim		Yudistira_2024	FALSE	Plantae	Tracheophyta	Liliopsida	Asparagales	Orchidaceae	https://doi.org/10.26492/gbs76(2).2024-07
274			accepted	species	Cleopatra VII	Bunaea cleopatra	Aurivillius, 1893	1893		FALSE	Animalia	Arthropoda	Insecta	Lepidoptera	Saturniidae	
275			accepted	species	Johann Sebastian Bach: The new species is named in honor of Johann Sebastian Bach (1685–1750), a musical genius and one of the greatest composers of all time	Bythaelurus bachi	Weigmann et al., 2016	2016	WEIGMANN_2016	FALSE	Animalia	Chordata	Elasmobranchii	Carcharhiniformes	Scyliorhinidae	https://doi.org/10.11646/zootaxa.4208.5.1
276			accepted	species	Antonio Vivaldi: The new species is named in honor of Antonio Vivaldi (1678–1741), a genius composer of [the] Baroque era, to express its relationship to Bythaelurus bachi, named after sublime genius Johann Sebastian Bach	Bythaelurus vivaldii	Weigmann & Kaschner, 2017	2017	WEIGMANN_2017	FALSE	Animalia	Chordata	Elasmobranchii	Carcharhiniformes	Scyliorhinidae	https://doi.org/10.11646/zootaxa.4263.1.4
277			accepted	species	Pythagoras: Named for the Greek philosopher and mathematician Pythagoras of Samos, after whom the Pythagorean theorem of Euclidean geometry was named, to refer to the geometric (triangular) shape that characterizes the species	Bythocypris pythagorasi	Trabelsi et al., 2021	2021	Trabelsi_2021	TRUE	Animalia	Arthropoda	Ostracoda	Podocopida	Bythocyprididae	https://doi.org/10.1016/j.cretres.2020.104581
278			accepted	species	Moctezuma II: This beautiful cacique lives in Mexico [...] [and] it recalls the name of a Mexican cacique that history has made famous	Cacicus montezuma	Lesson, 1831	1831	Lesson_1830	FALSE	Animalia	Chordata	Aves	Passeriformes	Icteridae	https://doi.org/10.5962/bhl.title.41400
279			accepted	species	Ludwig van Beethoven	Caenaugochlora beethoveni	Engel, 1995	1995		FALSE	Animalia	Arthropoda	Insecta	Hymenoptera	Halictidae	
280			accepted	species	Vasco da Gama	Calamotropha dagamae	Bassi, 2014	2014	Bassi_2014	FALSE	Animalia	Arthropoda	Insecta	Lepidoptera	Crambidae	https://doi.org/10.4081/entomologia.2014.160
281			accepted	genus	Caligula	Caligula	Moore, 1862	1862		FALSE	Animalia	Arthropoda	Insecta	Lepidoptera	Saturniidae	
282			accepted	species	Guan Yu: named for Guan Yu, a historic Chinese hero, said to have a reddish face, and thus sharing the same color of pores of the species when young	Caloboletus guanyui	N.K. Zeng, H.Chai & S.Jiang		Chai_2019	FALSE	Fungi	Basidiomycota	Agaricomycetes	Boletales	Boletaceae	https://doi.org/10.3897/mycokeys.46.31470
283			accepted	species	Skanderbeg: The specific epithet honours George Kastrioti Skanderbeg (1405–1468), national hero of Albania, whose castle stands on the hill where the new species was found	Campanula skanderbegii	Bogdanović, Brullo & D. Lakušić		Bogdanovi__2014	FALSE	Plantae	Tracheophyta	Magnoliopsida	Asterales	Campanulaceae	https://doi.org/10.1600/036364414x682571
284			accepted	species	Hildegard of Bingen	Campoletis bingenae	Kittel, 2016	2016		FALSE	Animalia	Arthropoda	Insecta	Hymenoptera	Ichneumonidae	
285			accepted	species	Ashoka	Camponotus ashokai	Karmaly & Narendran, 2006	2006		FALSE	Animalia	Arthropoda	Insecta	Hymenoptera	Formicidae	
286			accepted	species	Henri Christophe	Camponotus christophei	Wheeler & Mann, 1914	1914		FALSE	Animalia	Arthropoda	Insecta	Hymenoptera	Formicidae	
287			accepted	species	Toussaint Louverture	Camponotus toussainti	Wheeler & Mann, 1914	1914		FALSE	Animalia	Arthropoda	Insecta	Hymenoptera	Formicidae	
288			accepted	species	Rhianus	Campyloneuropsis rhianos	Linnavuori, 1997	1997		FALSE	Animalia	Arthropoda	Insecta	Hemiptera	Miridae	
289			accepted	species	Diogenes	Cancer diogenes	Linnaeus, 1758	1758		FALSE	Animalia	Arthropoda	Malacostraca	Decapoda	Diogenidae	
290			accepted	species	Al-Biruni	Capoeta birunii	Zareian & Esmaeili, 2017	2017	zareian_esmaeili_2017	FALSE	Animalia	Chordata	Teleostei	Cypriniformes	Cyprinidae	https://doi.org/10.22034/iji.v4i3.239
291			accepted	species	Ferdowsi	Capoeta ferdowsii	Jouladeh-Roudbar et al., 2017	2017		FALSE	Animalia	Chordata	Teleostei	Cypriniformes	Cyprinidae	
292			accepted	species	Magtymguly Pyragy	Capoeta pyragyi	Jouladeh-Roudbar et al., 2017	2017		FALSE	Animalia	Chordata	Teleostei	Cypriniformes	Cyprinidae	
293			accepted	species	Abu Bakr al-Razi: named in honour of Abū Bakr Muhammad ibn Zakariyyā al-Rāzī, a Persian polymath, physician, alchemist, and philosopher, for his important contributions in the history of medicine. He also discovered numerous compounds including Ethanol	Capoeta razii	Jouladeh-Roudbar, Eagderi, Ghanavi & Doadrio, 2017	2017	Jouladeh_Roudbar_2017	FALSE	Animalia	Chordata	Teleostei	Cypriniformes	Cyprinidae	https://doi.org/10.3897/zookeys.682.12670
294			accepted	genus	James Cook	Captaincookia	N.Hallé			FALSE	Plantae	Tracheophyta	Magnoliopsida	Gentianales	Rubiaceae	
295			accepted	species	Thomas Jefferson: Dedicated to the honored memory of President Thomas Jefferson, one of the earliest writers on American paleontology	Carabus jeffersoni	Scudder, 1900	1900	1900	TRUE	Animalia	Arthropoda	Insecta	Coleoptera	Carabidae	https://doi.org/10.3133/m40
296			accepted	species	Dandara dos Palmares	Carapoia dandarae	Huber, 2016	2016	HUBER_2016	FALSE	Animalia	Arthropoda	Arachnida	Araneae	Pholcidae	https://doi.org/10.11646/zootaxa.4177.1.1
297			accepted	species	Zumbi dos Palmares	Carapoia zumbii	Huber, 2016	2016	HUBER_2016	FALSE	Animalia	Arthropoda	Arachnida	Araneae	Pholcidae	https://doi.org/10.11646/zootaxa.4177.1.1
298			accepted	species	Kristijonas Donelaitis: devoted to the poet Kristijonas Donelaitis [...], who lived in Lithuania Minor [Kleinlitauen, present-day eastern parts of Kaliningrad region] and wrote the first classical poem in Lithuanian language, "Metai" ("The Seasons"), which became one of the principal works of Lithuanian poetry and a classical work of Lithuanian literature	Carcinops donelaitisi	Alekseev, 2016	2016		TRUE	Animalia	Arthropoda	Insecta	Coleoptera	Histeridae	
299			accepted	species	Abu Hurairah: named after Abuhurayra, the companion of the Prophet, Mohammed, may peace and blessing be upon him, and whose tribe inhabited Al Bahah region	Carebara abuhurayri	Sharaf & Aldawood, 2011	2011	Sharaf_2011	FALSE	Animalia	Arthropoda	Insecta	Hymenoptera	Formicidae	https://doi.org/10.3897/zookeys.92.770
300			accepted	genus	Thomas Carlyle	Carlyleia	Girault, 1916	1916		FALSE	Animalia	Arthropoda	Insecta	Hymenoptera	Eulophidae	
301			accepted	genus	Giacomo Casanova: after the famous Italian adventurer and philanderer Giacomo Casanova, in reference to the unusual sexual ornamentation of the males of some species	Casanovula	Hoare, 2013	2013	Hoare_2013	FALSE	Animalia	Arthropoda	Insecta	Lepidoptera	Nepticulidae	https://doi.org/10.3897/zookeys.278.4743
302			accepted	species	Heraclitus: To one of the seed-planting Ionians	Casca heracliti	Girault, 1936	1936		FALSE	Animalia	Arthropoda	Insecta	Hymenoptera	Aphelinidae	
303			accepted	species	Antonio Vivaldi: Dedicated to the immortal Venetian Baroque composer and performer, for his immense symphonic works	Castrillonia vivaldiana	García-Alcalde, 2015	2015	Garc_a_Alcalde_2017	TRUE						https://doi.org/10.17811/tdg.35.2015.41-99
304			accepted	genus	Caupolicán: in honor of Caupolicán, the most famous of Chileans who dared to resist the invasions of foreigners and who sacrificed himself for the independence of his tribe	Caupolicana	Spinola, 1851	1851		FALSE	Animalia	Arthropoda	Insecta	Hymenoptera	Colletidae	
305			accepted	species	Dante Alighieri	Ceratoneuronella aligherini	Girault, 1915	1915		FALSE	Animalia	Arthropoda	Insecta	Hymenoptera	Eulophidae	
306			accepted	species	Shivaji: The specific epithet shivrayiana honours the great King of Maratha empire and an unparalleled Warrior Chhatrapati Shivaji Shahaji Bhosale, who was popularly known as Chhatrapati Shivray or Chhatrapati Shivaji Maharaj. He had built and won several forts, which have become important protected sites for several endemic and rare species. Even he had issued mandate for Biodiversity Conservation which is popularly known as 'Adnyapatra'. As this species has been discovered from one of his historical forts Vishalgad, it has been named in his honour	Ceropegia shivrayiana	Jangam, Kambale & N.V.Pawar		JANGAM_2024	FALSE	Plantae	Tracheophyta	Magnoliopsida	Gentianales	Apocynaceae	https://doi.org/10.11646/phytotaxa.662.1.8
307			accepted	species	Marcus Junius Brutus: Named for Marcus Junius Brutus, a Roman politician famous for betraying Julius Caesar in orchestrating his assassination, thereby freeing Rome from Caesar's iron fist	Ceroptres bruti	Nastasi, Smith & Davis, 2024	2024	NASTASI_2024	FALSE	Animalia	Arthropoda	Insecta	Hymenoptera	Cynipidae	https://doi.org/10.11646/zootaxa.5508.1.1
308			accepted	species	Napoleon: after the French Emperor Napoleon Bonaparte, who was held in exile on the island of Elba	Chaetonotus napoleonicus	Balsamo, Todaro & Tongiorgi, 1992	1992	Balsamo_1992	FALSE	Animalia	Gastrotricha		Chaetonotida	Chaetonotidae	https://doi.org/10.1080/11250009209386710
309			accepted	species	Claudio Monteverdi: This species is named after Claudio Monteverdi, an Italian composer, author of the operatic scena Il combattimento di Tancredi e Clorinda, amongst other pieces	Chaetozone monteverdii	Grosse, Capa & Bakken, 2021	2021	Grosse_2021	FALSE	Animalia	Annelida	Polychaeta		Cirratulidae	https://doi.org/10.3897/zookeys.1039.61098
310			accepted	species	Margaret Cavendish, Duchess of Newcastle-upon-Tyne	Charops cavendishae	Kittel, 2016	2016		FALSE	Animalia	Arthropoda	Insecta	Hymenoptera	Ichneumonidae	
311			accepted	species	Matthias I of Hungary: the Hungarian king Mathias, whose favorite spot was Visegrád, the first known locality of the species	Charybdis mathiasi	Müller, 1984	1984		TRUE	Animalia	Arthropoda	Malacostraca	Decapoda	Portunidae	
312			accepted	species	Baruch Spinoza	Chasicotatus spinozai	Scillato-Yané, Krmpotic & Esteban, 2010	2010		TRUE						
313			accepted	species	Manuchehri: The species is named in memory of Abu Najm Ahmad ibn Ahmad ibn Qaus Manuchehri (Manouchehri Damghani), a famous Iranian poet (1007−1040 AD) from Damghan, Iran	Cheiroseius manouchehrii	Shamsi & Saboori, 2013	2013	SHAMSI_2013	FALSE	Animalia	Arthropoda	Arachnida	Mesostigmata	Blattisociidae	https://doi.org/10.11158/saa.18.2.5
314			accepted	species	Attakullakulla	Cherokeea attakullakulla	Quinter & Sullivan, 2014	2014	Sullivan_2014	FALSE						https://doi.org/10.3897/zookeys.421.7727
315			accepted	species	Marco Polo: is named in honour of a prominent traveller Marco Polo who undertook an incredible for his time journey to Asia	Chinocossus marcopoloi	Yakovlev, 2006	2006		FALSE	Animalia	Arthropoda	Insecta	Lepidoptera	Cossidae	
316			accepted	species	Samarth Ramdas: The species epithet is a patronym honouring Samartha Ramdas Swami, who was a renowned Hindu saint, philosopher, poet, writer, social reformer, and spiritual master of the 17th century. It is believed that he dictated his famous literary trait Dasbodh while residing in a natural cave behind a waterfall known as Shivtharghal, very close to the type locality	Chiromachetes ramdasswamii	Sulakhe et al', 2020	2020		FALSE	Animalia	Arthropoda	Arachnida	Scorpiones	Hormuridae	
317			accepted	species	Jeanne Dumée	Chirotica dumeeae	Kittel, 2016	2016		FALSE	Animalia	Arthropoda	Insecta	Hymenoptera	Ichneumonidae	
318			accepted	species	Maria Clara Eimmart	Chirotica eimmartae	Kittel, 2016	2016		FALSE	Animalia	Arthropoda	Insecta	Hymenoptera	Ichneumonidae	
319			accepted	species	Cyrano de Bergerac: honoring Hector Savinien de Cyrano de Bergerac (1619–1655), French dramatist who was famously known for his overly large nose	Chlerogella cyranoi	Engel, 2010	2010	Engel_2010	FALSE	Animalia	Arthropoda	Insecta	Hymenoptera	Halictidae	https://doi.org/10.3897/zookeys.47.416
320			accepted	species	Tycho Brahe: honoring Danish nobleman and astronomer Tycho Brahe, the Latinized name adopted by Tyge Ottesen Brahe de Knudstrup (1546–1601). During his life Tycho painstakingly catalogued celestial movements, data later used by individuals such as his assistant Johannes Kepler. As a student Tycho lost part of his nose in a duel and he apparently wore a prosthetic nose made of silver and gold, although speculation and evidence exists to suggest it was perhaps made of copper	Chlerogella tychoi	Engel, 2010	2010	Engel_2010	FALSE	Animalia	Arthropoda	Insecta	Hymenoptera	Halictidae	https://doi.org/10.3897/zookeys.47.416
321			accepted	species	Metacomet	Chriacus metocometi	Van Valen, 1978	1978		TRUE						
322			accepted	species	Oconostota	Chriacus oconostotae	Van Valen, 1978	1978		TRUE						
323			accepted	species	Bao Zheng	Cryptocephalus baowenzhengi	Duan & Zhou, 2021	2021	Duan_2021	FALSE	Animalia	Arthropoda	Insecta	Coleoptera	Chrysomelidae	https://doi.org/10.3390/d13110523
324			accepted	species	Confucius	Chrysolina confucii	Lopatin, 2007	2007	Lopatin_2007	FALSE	Animalia	Arthropoda	Insecta	Coleoptera	Chrysomelidae	https://doi.org/10.1134/s001387380702008x
325			accepted	species	Lu Lun	Chrysolina luluni	Bieńkowski, 2024	2024	Bie_kowski_2024	FALSE	Animalia	Arthropoda	Insecta	Coleoptera	Chrysomelidae	https://doi.org/10.1556/1777.2024.00035
326			accepted	species	Marco Polo: named after Marco Polo (1254–1324), Italian explorer, ambassador in China and writer. The name for this species was suggested by my friend M. Daccordi, who presented me the type specimens	Chrysolina poloi	Bieńkowski, 2024	2024		FALSE	Animalia	Arthropoda	Insecta	Coleoptera	Chrysomelidae	
327			accepted	species	Matteo Ricci: named after Matteo Ricci (1552–1610), Italian Jesuit, geographer, mathematics [sic], and sinologist. The name for this species was suggested by my friend M. Daccordi, who presented me the type specimens	Chrysolina riccii	Bieńkowski, 2024	2024		FALSE	Animalia	Arthropoda	Insecta	Coleoptera	Chrysomelidae	
328			accepted	species	Te Rauparaha: after the Māori chief Te Rauparaha, of the history of whose life the siege and capture of Kaiapoi Pā occupies a prominent part	Chrysophanus rauparaha	Fereday, 1877	1877		FALSE	Animalia	Arthropoda	Insecta	Lepidoptera	Lycaenidae	
329			accepted	species	Barbad: is named for the Iranian musician Barbod (590–627 A.D.) who introduced his music to the king Khosroparviz while he was hidden in a tree so the king thought the music came from heaven	Cicadatra barbodi	Mozaffarian & Sanborn, 2013	2013		FALSE	Animalia	Arthropoda	Insecta	Hemiptera	Cicadidae	
330			accepted	species	Archimedes: The miniature screw-like appearance suggested the trivial name, after Archimedes, the celebrated Syracusan mathematician, inventor of the screw, who is reported to have taken for his model thereof the well-known Mediterranean shell Turritella terebra, L	Cingulina archimedea	Melvill, 1896	1896		FALSE	Animalia	Mollusca	Gastropoda		Pyramidellidae	
331			accepted	species	Nezahualpilli: named in honor of Netzahualpilli (1465-1516), king of Texcoco, admired by his contemporaries as a wise man, constructor, prudent judge and astrologer	Cladophorella netzahualpillii	Galicia & E.Novelo		Galicia_Garc_a_2000	FALSE	Plantae	Chlorophyta	Ulvophyceae	Cladophorales	Cladophoraceae	https://doi.org/10.2216/i0031-8884-39-4-288.1
332			accepted	genus	Claudius	Claudius	Cope, 1865	1865		FALSE	Animalia	Chordata	Reptilia	Testudines	Kinosternidae	
333			accepted	species	Atahualpa: named after Atahuallpa, the last king of the Incas	Clavilithes atahuallpai	Hanna & Israelsky, 1925	1925		TRUE	Animalia	Mollusca	Gastropoda	Neogastropoda	Clavilithidae	
334			accepted	genus	Cleopatra VII	Cleopatra	Troschel, 1856	1856		FALSE	Animalia	Mollusca	Gastropoda		Paludomidae	
335			accepted	genus	Cleopatra VII: After Cleopatra VII (?69-30 B.C.), last ruler of Ptolemaic Egypt (in analogy with Ptolemaia, a relative of Cleopatrodon and named for the Ptolemaic Dynasty)	Cleopatrodon	Bown & Simons, 1987	1987	Bown_1987	TRUE						https://doi.org/10.1080/02724634.1987.10011662
336			accepted	species	Charles-Irénée Castel de Saint-Pierre: This species is respectfully dedicated to the Abbe Saint-Pierre for his The Project of Perpetual Peace	Closterocerus saintpierrei	Girault, 1913	1913		FALSE	Animalia	Arthropoda	Insecta	Hymenoptera	Eulophidae	
337			accepted	species	Yunus Emre: Named for Yunus Emre (about 1238–1320) the folk poet, philosopher and Sufi mystic who is the pioneer of Turkish poetry in Anatolia	Cobitis emrei	Freyhof, Bayçelebi & Geiger, 2018	2018	FREYHOF_2018	FALSE	Animalia	Chordata	Teleostei	Cypriniformes	Cobitidae	https://doi.org/10.11646/zootaxa.4535.1.1
338			accepted	species	Piri Reis: Named for Piri Reis (1465–1553) the Ottoman admiral, navigator, geographer and cartographer. Piri Reis is known for his world maps showing America and the maritime book called Kitab-ı Bahriye	Cobitis pirii	Freyhof, Bayçelebi & Geiger, 2018	2018	FREYHOF_2018	FALSE	Animalia	Chordata	Teleostei	Cypriniformes	Cobitidae	https://doi.org/10.11646/zootaxa.4535.1.1
339			accepted	species	Jonathan Swift	Coccophagus swifti	Girault, 1915	1915		FALSE	Animalia	Arthropoda	Insecta	Hymenoptera	Aphelinidae	
340			accepted	species	Thomas Jefferson: named in honor of Thomas Jefferson, the third President of the United States of America, for his contributions as a politician, architect, and naturalist	Coiba jeffersoni	Kula 2009	2009	Kula_2009	FALSE	Animalia	Arthropoda	Insecta	Hymenoptera	Braconidae	https://doi.org/10.4289/0013-8797-111.1.183
341			accepted	species	Ferdowsi: The species is named in memory of Hakim Abol Qasem Ferdowsi Tousi, one of the greatest Persian poets, author of the Shahnameh ("The Epic of Kings"), the Persian national epic	Coleolaelaps ferdowsi	Joharchi, 2012	2012	Joharchi_2019	FALSE						https://doi.org/10.33338/ef.84559
342			accepted	genus	Christopher Columbus: In memory of the famous Christopher Columbus, or rather Colón, as he and his descendants wanted to be known in Spain; who, by a remarkable feat, discovered the New World, completely unknown to the ancients, and so increased the empire of Flora in a wonderful manner. But if botanists make certain plants distinguished by the names of Cookii, Bougainvillea, and other navigators; this new race must be consecrated to the superior title of Columbus, the leader of the navigators of the modern age	Colona	Cav			FALSE	Plantae	Tracheophyta	Magnoliopsida	Malvales	Malvaceae	
343			accepted	genus	Confucius	Confucius	Distant, 1907	1907		FALSE	Animalia	Arthropoda	Insecta	Hemiptera	Cicadellidae	
344			accepted	genus	Confucius: Confucius's bird	Confuciusornis	Hou, Zhou, Gu & Zhang, 1995	1995		TRUE						
345			accepted	species	Mastino I della Scala: named after "Mastino della Scala" (1220–1277), Master of the city of Verona from 1262 to 1277, and in reference to the Italian word "mastino" meaning "mastiff", given the large fangs of this species	Contemptor mastinoi	Calzoni, Giusberti & Carnevale, 2026	2026	Calzoni_2026	TRUE						https://doi.org/10.1371/journal.pone.0338490
346			accepted	genus	James Cook	Cookia	Lesson, 1832	1832	Lesson_1831	FALSE	Animalia	Mollusca	Gastropoda	Trochida	Turbinidae	https://doi.org/10.5962/bhl.title.41398
347			accepted	genus	Nicolaus Copernicus	Copernicia	Mart.			FALSE	Plantae	Tracheophyta	Liliopsida	Arecales	Arecaceae	
348			accepted	genus	Nicolaus Copernicus: In honour of Mikołaj Kopernik (in Latin: Nicolaus Copernicus), Polish polyhistorian and astronomer, and creator of the heliocentric model of the Solar System, which was published in his book De revolutionibus orbium coelestium. The Senate of the Republic of Poland adopted 2023 as the year of Copernicus	Copernicrinus	Płachno et al., 2024	2024	P_achno_2024	TRUE	Animalia	Echinodermata	Crinoidea	Comatulida	Thiolliericrinidae	https://doi.org/10.1016/j.jop.2024.02.001
349			accepted	species	Hugo Grotius	Cosmocomoidea grotiusi	Girault, 1913	1913		FALSE	Animalia	Arthropoda	Insecta	Hymenoptera	Mymaridae	
350			accepted	species	Sejong the Great: The species is named in memory of Sejong the Great [...], the fourth king of the Joseon dynasty in [the] Republic of Korea, who encouraged creativity and advancements in scientific technology and under whom the Hangeul (Korean alphabet) was created	Cosmolaelaps sejongi	Keum, Jung & Joharchi, 2017	2017	KEUM_2017	FALSE						https://doi.org/10.11646/zootaxa.4353.3.5
351			accepted	species	Catherine de Parthenay	Cotesia parthenayae	Kittel, 2016	2016	Fernandez_Triana_2020	FALSE	Animalia	Arthropoda	Insecta	Hymenoptera	Braconidae	https://doi.org/10.3897/zookeys.920.39128
352			accepted	genus	William Cowper	Cowperia	Girault, 1919	1919		FALSE	Animalia	Arthropoda	Insecta	Hymenoptera	Encyrtidae	
353			accepted	species	Johann Sebastian Bach	Crambus bachi	Bassi, 2012	2012	Bassi_2012	FALSE	Animalia	Arthropoda	Insecta	Lepidoptera	Crambidae	https://doi.org/10.5962/bhl.part.150195
354			accepted	species	Girolamo Frescobaldi	Crambus frescobaldii	Bassi, 2012	2012	Bassi_2012	FALSE	Animalia	Arthropoda	Insecta	Lepidoptera	Crambidae	https://doi.org/10.5962/bhl.part.150195
355			accepted	species	Wolfgang Amadeus Mozart	Crambus mozarti	Bassi, 2012	2012	Bassi_2012	FALSE	Animalia	Arthropoda	Insecta	Lepidoptera	Crambidae	https://doi.org/10.5962/bhl.part.150195
356			accepted	species	Gioachino Rossini	Crambus rossinii	Bassi, 2012	2012	Bassi_2012	FALSE	Animalia	Arthropoda	Insecta	Lepidoptera	Crambidae	https://doi.org/10.5962/bhl.part.150195
357			accepted	species	Francisco Pizarro: named for Francis Pizarro, the Spanish conqueror of Peru	Crassatellites pizarroi	Hanna & Israelsky, 1925	1925	DeVries_2016	TRUE	Animalia	Mollusca	Bivalvia		Crassatellidae	https://doi.org/10.4202/app.00228.2015
358			accepted	species	Mahavira	Cremastobaeus mahaviraii	Veenakumari, 2017	2017	Kamalanathan_2017	FALSE	Animalia	Arthropoda	Insecta	Hymenoptera	Scelionidae	https://doi.org/10.1080/00222933.2017.1357859
359			accepted	species	Valmiki	Cremastobaeus valmikii	Veenakumari, 2017	2017	Kamalanathan_2017	FALSE	Animalia	Arthropoda	Insecta	Hymenoptera	Scelionidae	https://doi.org/10.1080/00222933.2017.1357859
360			accepted	species	Dandara dos Palmares: named after an Afro-Brazilian warrior of Brazil's colonial period. According to legend, Dandara and her husband Zumbi fiercely defended the community of Palmares, a safe haven for escaped slaves in the coastal state of Alagoas, Brazil. Nowadays, she has become a symbol of the struggle against racism and the exploitation of black women	Crenicichla dandara	Varella & Ito 2018	2018	Varella_2018	FALSE	Animalia	Chordata	Teleostei	Cichliformes	Cichlidae	https://doi.org/10.1635/053.166.0104
361			accepted	subspecies	Attila	Crocidura poensis attila	Dollman, 1915	1915	Dollman_1915	FALSE	Animalia	Chordata	Mammalia	Eulipotyphla	Soricidae	https://doi.org/10.1080/00222931508693698
362			accepted	species	Avicenna: The name honors Ibn Sina (also known as Avicenna; ~980–1037), a Persian polymath, physician, astronomer, and thinker	Crossopriza ibnsinai	Huber, 2022	2022	Huber_2022	FALSE	Animalia	Arthropoda	Arachnida	Araneae	Pholcidae	https://doi.org/10.5852/ejt.2022.795.1663
363			accepted	species	Omar Khayyam: The name honors Omar Khayyam (1048–1131), a Persian polymath, mathematician, astronomer, philosopher, and poet	Crossopriza khayyami	Huber, 2022	2022	Huber_2022	FALSE	Animalia	Arthropoda	Arachnida	Araneae	Pholcidae	https://doi.org/10.5852/ejt.2022.795.1663
364			accepted	species	Boudica: After Boudica the renowned warrior queen of the Icene [sic], who is said to have ridden a scythed chariot; in recognition of the unusual 'armaments' carried by the female	Crux boudica	Trewick, 2024	2024	TREWICK_2024	FALSE	Animalia	Arthropoda	Insecta	Orthoptera	Rhaphidophoridae	https://doi.org/10.11646/zootaxa.5481.5.3
365			accepted	species	Omar Khayyam	Cryptoseius khayyami	Kazemi & Moraza, 2008	2008	KAZEMI_2008	FALSE						https://doi.org/10.11646/zootaxa.1852.1.1
366			accepted	species	Margaret Bryan	Cryptus bryanae	Kittel, 2016	2016		FALSE	Animalia	Arthropoda	Insecta	Hymenoptera	Ichneumonidae	
367			accepted	species	Huayna Capac	Culicoides huaynacapaci	Felippe-Bauer, 2008	2008	Felippe_Bauer_2008	FALSE	Animalia	Arthropoda	Insecta	Diptera	Ceratopogonidae	https://doi.org/10.1590/S0073-47212008000300003
368			accepted	species	Johann Wolfgang von Goethe	Cycladophora goetheana	Haeckel 1887	1887		FALSE	Chromista	Radiozoa	Polycystina	Nassellaria	Theoperidae	
369			accepted	species	Inca Garcilaso de la Vega	Cyclammina garcilassoi	Frizzell, 1943	1943		TRUE	Chromista	Foraminifera	Globothalamea	Loftusiida	Cyclamminidae	
370			accepted	species	Giacomo Casanova	Cyclocephala casanova	Ratcliffe & Cave, 2009	2009		FALSE	Animalia	Arthropoda	Insecta	Coleoptera	Scarabaeidae	
371			accepted	species	Michael Servetus: dedicated to the Aragonese humanist Miguel Servet, an active connoisseur of the most diverse areas of human knowledge. He achieved his greatest glory in medicine with the first description, in the West, of the lesser circulation of the blood	Cyclophora serveti	Redondo & Gastón, 1999	1999		FALSE	Animalia	Arthropoda	Insecta	Lepidoptera	Geometridae	
372			accepted	species	Plato	Cylindroniscus platoi	Fernandes, Campos-Filho & Bichuette, 2018	2018	FERNANDES_2018	FALSE	Animalia	Arthropoda	Malacostraca	Isopoda	Styloniscidae	https://doi.org/10.11646/zootaxa.4464.3.6
373			accepted	species	Mehmed II: in honour of Mehmed II (Fatih Sultan Mehmed, known as the Conqueror), who is a genius statesman and leader interested in literature, fine arts, and monumental architecture	Cynips fatihi	Azmaz & Katilmiş, 2021	2021	AZMAZ_2021	FALSE	Animalia	Arthropoda	Insecta	Hymenoptera	Cynipidae	https://doi.org/10.11646/zootaxa.5016.3.4
374			accepted	species	Averroes: After Ibn Rushd (lat. Averroes), *1126 Córdoba, †1198 Marrakech; Arabian physician, philosopher, and commentator on Aristotle (Averroism – theory of the beginningless existence of the world)	Czarnoclymenia ibnrushdi	Korn, 1999	1999		TRUE	Animalia	Mollusca	Cephalopoda	Ammonoidea	Platyclymeniidae	
375			accepted	species	Nezahualcoyotl: The specific epithet refers to Acolmiztli Nezahualcóyotl (1402-1472), King of Tezcoco, known commonly as the Poet King	Dahlibruchus nezahualcoyotli	Romero Nápoles & Romero Ramírez, 2011	2011		FALSE						
376			accepted	species	Georg Philipp Telemann: Dedicated to the great 17th century composer Georg Philipp Telemann, probably the most prolific composer in history, particularly for his vibrant and emotive trumpet music	Dalejinna telemanni	García-Alcalde, 2015	2015		TRUE						
377			accepted	species	Huayna Capac	Dasybasis huaynai	Gonzalez & Yabar, 2024	2024	GONZ_LEZ_2024	FALSE	Animalia	Arthropoda	Insecta	Diptera	Asilidae	https://doi.org/10.11646/zootaxa.5418.4.6
378			accepted	species	Manco Cápac	Dasybasis mancoi	Gonzalez & Yabar, 2024	2024	GONZ_LEZ_2024	FALSE	Animalia	Arthropoda	Insecta	Diptera	Asilidae	https://doi.org/10.11646/zootaxa.5418.4.6
379			accepted	species	Spartacus: The name spartacus embodies many features shared by this dasyurid with the notorious Thracian gladiator — strength, a tenacious fighting spirit, and the capacity to draw blood	Dasyurus spartacus	Van Dyck, 1987	1987	Van_1988	FALSE	Animalia	Chordata	Mammalia	Dasyuromorphia	Dasyuridae	https://doi.org/10.1071/AM88018
380			accepted	genus	Leonardo da Vinci	Davincia	Girault, 1924	1924		FALSE	Animalia	Arthropoda	Insecta	Hymenoptera	Eulophidae	
381			accepted	genus	Demosthenes	Demosthenesia	A.C.Sm.		Smith_1936	FALSE	Plantae	Tracheophyta	Magnoliopsida	Ericales	Ericaceae	https://doi.org/10.2307/2481157
382			accepted	species	Gonzalo Fernández de Oviedo y Valdés: in honor of Gonzalo Fernández de Oviedo, contemporary of the Conquest of Peru, whose manuscript reports have been widely quoted	Dentalina oviedoi	Frizzell, 1943	1943		TRUE	Chromista	Foraminifera	Nodosariata	Nodosariida	Nodosariidae	
383			accepted	genus	Jean-Baptiste Descamps	Descampsia	Risbec, 1955	1955		FALSE	Animalia	Arthropoda	Insecta	Hymenoptera	Eupelmidae	
384			accepted	genus	Jean-Baptiste Descamps	Descampsina	Mesnil, 1956	1956		FALSE	Animalia	Arthropoda	Insecta	Diptera	Tachinidae	
385			accepted	species	Ferdinand Magellan: in memory of the great explorer Fernão de Magalhães and all of his family members that joined him in the expedition of 1519-1522 and the exploration of the Philippines	Desisopsis magallanesorum	Vives, 2012	2012		FALSE	Animalia	Arthropoda	Insecta	Coleoptera	Cerambycidae	
386			accepted	species	Simón Bolívar: in honor of General Simon Bolivar, liberator and first president of Bolivia	Desmopachria bolivari	Miller, 1999	1999	Miller_1999	FALSE	Animalia	Arthropoda	Insecta	Coleoptera	Dytiscidae	https://doi.org/10.1163/187631200X00165
387			accepted	species	Émilie du Châtelet	Diadegma chateletae	Kittel, 2016	2016		FALSE	Animalia	Arthropoda	Insecta	Hymenoptera	Ichneumonidae	
388			accepted	species	Bernardo O'Higgins	Dipoena ohigginsi	Levi, 1963	1963		FALSE	Animalia	Arthropoda	Arachnida	Araneae	Theridiidae	
389			accepted	species	Huayna Capac	Discheramocephalus capac	Darby, 2016	2016	DARBY_2016	FALSE	Animalia	Arthropoda	Insecta	Coleoptera	Ptiliidae	https://doi.org/10.11646/zootaxa.4097.3.9
390			accepted	species	Atahualpa	Discomorpha atahualpai	Borowiec, 2006	2006	BOROWIEC_2006	FALSE	Animalia	Arthropoda	Insecta	Coleoptera	Chrysomelidae	https://doi.org/10.11646/zootaxa.1357.1.4
391			accepted	species	Huáscar: named for the heir of the Inca dynasty, son of Huayna Capac, executed by Atahuallpa prior to the conquest of Peru	Discorbis huascari	Frizzell, 1943	1943		TRUE	Chromista	Foraminifera	Globothalamea	Rotaliida	Discorbidae	
392			accepted	species	Nikolay Karamzin	Dolecta karamzini	Naydenov, Yakovlev, Penco & Sinyaev, 2020	2020	Naydenov_2020	FALSE	Animalia	Arthropoda	Insecta	Lepidoptera	Cossidae	https://doi.org/10.37828/em.2020.35.7
393			accepted	species	Alexander Pushkin	Dolecta pushkini	Naydenov, Yakovlev, Penco & Sinyaev, 2020	2020	Naydenov_2020	FALSE	Animalia	Arthropoda	Insecta	Lepidoptera	Cossidae	https://doi.org/10.37828/em.2020.35.7
394			accepted	species	Kawila	Dolgoma kawila	Volynkin & Černý, 2021	2021	VOLYNKIN_2021	FALSE	Animalia	Arthropoda	Insecta	Lepidoptera	Erebidae	https://doi.org/10.11646/zootaxa.5060.3.7
395			accepted	species	Juan Sebastián Elcano: We name this species after the great Basque seafarer, Juan Sebastián Elcano (1476-1526), who joined Ferdinand Magellan in his naval expedition, being the first naval officer to circumnavigate the Earth	Doliops elcanoi	Vives, 2011	2011		FALSE	Animalia	Arthropoda	Insecta	Coleoptera	Cerambycidae	
396			accepted	species	Andrés de Urdaneta: We name this species after the great Spanish seafarer and member of the Dominican Order, Friar Andrés de Urdaneta y Cerain (Ordícia, 1508 – Ciudad de México, 1568). He was the first to establish the maritime route to return from the Philippines to Mexico, 'El Tornaviaje'	Doliops urdanetai	Vives, 2011	2011		FALSE	Animalia	Arthropoda	Insecta	Coleoptera	Cerambycidae	
397			accepted	species	Pocahontas: The new species was found and identified while I was staying at Pocahontas Bungalows near the east entrance to Jasper Park, Alberta. Pocahontas is the name of a North American Indian princess (1595-1617) who was born in Virginia [...]. The word means "the playful one" and is descriptive of the problems that I had in identifying the males	Doronomyrmex pocahontas	Buschinger, 1979	1979	Buschinger_1979	FALSE	Animalia	Arthropoda	Insecta	Hymenoptera	Formicidae	https://doi.org/10.1007/bf02223799
398			accepted	species	Vlad the Impaler	Dracula vlad-tepes	Luer & R.Escobar			FALSE	Plantae	Tracheophyta	Liliopsida	Asparagales	Orchidaceae	
399			accepted	species	Cuauhtémoc: named in honor of Cuauhtémoc, the last emperor of the Aztecs and a national hero of Mexico	Drosophila cuauhtemoci	Felix et al., 1976	1976		FALSE	Animalia	Arthropoda	Insecta	Diptera	Drosophilidae	
400			accepted	species	Rumiñahui: named in honor of Rumiñahui, an indigenous hero who bravely fought against the Spaniards in the 1500's	Drosophila ruminahuii	Vela & Rafael, 2004	2004	Vela_2004	FALSE	Animalia	Arthropoda	Insecta	Diptera	Drosophilidae	https://doi.org/10.1590/S0073-47212004000300012
401			accepted	species	Ferdowsi: Refers to Abul-Qâsem Ferdowsi Tusi, a Persian poet and the author of the Shahnameh book, the longest epic poem in the world created by a single poet, and the national epic of Greater Iran (born in 940 ACE in Tus, near Mashhad [in Razavi Khorasan province]; died in 1020 ACE in the same place)	Dyadospora ferdowsii	Ghavidel-Syooki & Piri-Kangarshahi, 2021	2021		TRUE						
402			accepted	species	Cyrus the Great: after Cyrus the Great – Kourosh in Persian, which translates as Lord of the Sun – the founder of the first Persian empire	Dysdera kourosh	Bellvert, Zamani & Dimitrov, 2024	2024	Bellvert_2024	FALSE	Animalia	Arthropoda	Arachnida	Araneae	Dysderidae	https://doi.org/10.5852/ejt.2024.921.2429
403			accepted	genus	Egilona	Egilona	O. Pickard-Cambridge, 1895	1895		FALSE						
404			accepted	species	Cápac Yupanqui: The species name refers to the emperor Cápac Yupanqui, who was the forerunner king of the first people of the Inca civilization	Elasmopus yupanquii	Alves, Johnsson & Senna, 2016	2016	ALVES_2016	FALSE	Animalia	Arthropoda	Malacostraca	Amphipoda	Maeridae	https://doi.org/10.11646/zootaxa.4184.1.1
405			accepted	species	Inca Roca: The species name refers to the emperor Inca Roca, the first king of Inca civilization	Elasmopus incarocai	Alves, Johnsson & Senna, 2016	2016	ALVES_2016	FALSE	Animalia	Arthropoda	Malacostraca	Amphipoda	Maeridae	https://doi.org/10.11646/zootaxa.4184.1.1
406			accepted	species	Yawar Waqaq: The species name refers to the Yahuar —the third [sic, actually second] Inca King, whose name means tears of blood. This name alludes to the red color of the living species	Elasmopus yahuarhuaci	Alves, Johnsson & Senna, 2016	2016	ALVES_2016	FALSE	Animalia	Arthropoda	Malacostraca	Amphipoda	Maeridae	https://doi.org/10.11646/zootaxa.4184.1.1
407			accepted	species	Viracocha Inca: The species name refers to the emperor Viracocha, who was the fourth [sic, actually third] King of the Inca civilization	Elasmopus viracochai	Alves, Johnsson & Senna, 2016	2016	ALVES_2016	FALSE	Animalia	Arthropoda	Malacostraca	Amphipoda	Maeridae	https://doi.org/10.11646/zootaxa.4184.1.1
408			accepted	species	Pachacuti: The species name refers to the Pachacútec, the fifth [sic, actually fourth] King of Inca civilization, who was the most powerful emperor of them	Elasmopus pachacuteci	Alves, Johnsson & Senna, 2016	2016	ALVES_2016	FALSE	Animalia	Arthropoda	Malacostraca	Amphipoda	Maeridae	https://doi.org/10.11646/zootaxa.4184.1.1
409			accepted	species	Alessandro Volta	Electrophorus voltai	de Santana et al., 2019	2019	de_Santana_2019	FALSE	Animalia	Chordata	Teleostei	Gymnotiformes	Gymnotidae	https://doi.org/10.1038/s41467-019-11690-z
410			accepted	genus	Elephantis: Elephantis is a humorous name after an ancient Greek erotical poetess in reference to the enlarged sexual appendages of males	Elephantis	Castelin, Marquet & Klotz, 2013	2013	CASTELIN_2013	FALSE	Animalia	Arthropoda	Malacostraca	Decapoda	Atyidae	https://doi.org/10.11646/zootaxa.3702.6.5
411			accepted	species	Christopher Columbus	Elephas columbi	Falconer, 1857	1857		TRUE	Animalia	Chordata	Mammalia	Proboscidea	Elephantidae	
412			accepted	species	Wolfgang Amadeus Mozart: for the remarkable resemblance of the wide-band audiospectrogram of this species to musical notes	Eleutherodactylus amadeus	Hedges et al., 1987	1987	Hedges_1987	FALSE	Animalia	Chordata	Amphibia	Anura	Eleutherodactylidae	https://doi.org/10.2307/1445557
413			accepted	species	Simón Bolívar	Eleutherodactylus simonbolivari	Wiens & Coloma, 1992	1992		FALSE	Animalia	Chordata	Amphibia	Anura	Strabomantidae	
414			accepted	species	Napoleon: In reference to the history of Aix Island. The emperor Napoléon I, after he was defeated in Waterloo, stayed for a time on Aix Island before [going on] to be exiled and to die on Sainte Hélène Island	Enallax napoleoni	Girard		Girard_2009	TRUE	Plantae	Chlorophyta	Chlorophyceae	Sphaeropleales	Scenedesmaceae	https://doi.org/10.5252/g2009n1a13
415			accepted	species	Peter Abelard	Encyocrypta abelardi	Raven, 1994	1994		FALSE	Animalia	Arthropoda	Arachnida	Araneae	Barychelidae	
416			accepted	species	Héloïse	Encyocrypta heloiseae	Raven, 1994	1994		FALSE	Animalia	Arthropoda	Arachnida	Araneae	Barychelidae	
417			accepted	species	Plato	Entedonomyia platoni	Girault, 1915	1915		FALSE	Animalia	Arthropoda	Insecta	Hymenoptera	Eulophidae	
418			accepted	genus	Euric	Enrico	O. Pickard-Cambridge, 1895	1895		FALSE						
419			accepted	species	Giovanni Boccaccio	Entedonomphale boccaccioi	Triapitsyn, 2005	2005		FALSE	Animalia	Arthropoda	Insecta	Hymenoptera	Eulophidae	
420			accepted	species	Charles Lamb	Epiblatticida lambi	Girault, 1915	1915		FALSE	Animalia	Arthropoda	Insecta	Hymenoptera	Encyrtidae	
421			accepted	species	Immanuel Kant: in honor of the Prussian philosopher Emmanuel Kant (1724–1804), brilliant creator of the criticism and precursor of the modern scientific philosophy	Epipeltephilus kanti	González-Ruiz, Scillato-Yané, Krmpotic & Carlini, 2012	2012	GONZ_LEZ_RUIZ_2012	TRUE						https://doi.org/10.11646/zootaxa.3359.1.5
422			accepted	species	William Ellery Channing: Respectfully dedicated to the William Ellery Channing in recognition of his public utterances against war	Epiperilampus channingi	Girault, 1913	1913	Gahan_1947	FALSE	Animalia	Arthropoda	Insecta	Hymenoptera	Melanosomellidae	https://doi.org/10.1093/aesa/40.2.271
423			accepted	species	Shaka	Epirhyssa shaka	Rousse & Van Noort, 2014	2014	Rousse_2014	FALSE	Animalia	Arthropoda	Insecta	Hymenoptera	Ichneumonidae	https://doi.org/10.5852/ejt.2014.91
424			accepted	species	Johann Wolfgang von Goethe	Epistenia goethei	Girault, 1913	1913		FALSE	Animalia	Arthropoda	Insecta	Hymenoptera	Lyciscidae	
425			accepted	species	Huayna Capac	Eponides huaynai	Frizzell, 1943	1943		TRUE	Chromista	Foraminifera	Globothalamea	Rotaliida	Eponididae	
426			accepted	species	Agustín de Zárate	Eponides zaratei	Frizzell, 1943	1943		TRUE	Chromista	Foraminifera	Globothalamea	Rotaliida	Eponididae	
427			accepted	genus	Alonso de Ercilla: named after the author of a famous epic set in Chile	Ercilla	A.Juss.			FALSE	Plantae	Tracheophyta	Magnoliopsida	Caryophyllales	Phytolaccaceae	
428			accepted	genus	Erwig	Ervig	O. Pickard-Cambridge, 1895	1895		FALSE						
429			accepted	species	Hafez: named in memory of Muhammad Hafez-e Shirazi (a Persian lyric poet). His collected works are composed of a series of Persian poetry (Divan). His life and poems have been the subject of much analysis, commentary and interpretation, influencing post-Fourteenth Century Persian writing more than any other author. Hafez was born in Shiraz city, Iran and his mausoleum, Hafezieh, is located in the Musalla Gardens of Shiraz city	Erythraeus hafezi	Saboori, Hakimitabar & Mahmoudi, 2014	2014	MAHMOUDI_2014	FALSE	Animalia	Arthropoda	Arachnida	Trombidiformes	Erythraeidae	https://doi.org/10.11158/saa.19.1.7
430			accepted	species	Cleopatra VII	Erythrodiplax cleopatra	Ris, 1911	1911		FALSE	Animalia	Arthropoda	Insecta	Odonata	Libellulidae	
431			accepted	species	Atahualpa: Whether King Atahuallpa murdered his brother or merely defended himself, his famous name may appropriately be perpetuated in the botany of the land of the Incas. Anyway, it may be mentioned, for the pleasure of the cynics, that it would not be the first time that a plant has been named for a reprobate	Escallonia atahuallpae	J.F.Macbr.			FALSE	Plantae	Tracheophyta	Magnoliopsida	Escalloniales	Escalloniaceae	
432			accepted	species	Tecumseh: Shawnee darter	Etheostoma tecumsehi	Ceas & Page, 1997	1997	Ceas_1997	FALSE	Animalia	Chordata	Teleostei	Perciformes	Percidae	https://doi.org/10.2307/1447555
433			accepted	species	Noah Worcester: This beautiful species, the first to be recorded from the American continent, is respectfully dedicated to Noah Worcester for his A Solemn Review of the Custom of War	Eucharomorpha worcesteri	Girault, 1913	1913		FALSE	Animalia	Arthropoda	Insecta	Hymenoptera	Eucharitidae	
434			accepted	species	Thomas Carlyle	Euderomyia carlylei	Girault, 1913	1913		FALSE	Animalia	Arthropoda	Insecta	Hymenoptera	Eulophidae	
435			accepted	species	Agathyllus	Eulophus agathyllus	Walker, 1846	1846		FALSE	Animalia	Arthropoda	Insecta	Hymenoptera	Eulophidae	
436			accepted	genus	Mithridates VI Eupator	Eupatorium	L.			FALSE	Plantae	Tracheophyta	Magnoliopsida	Asterales	Asteraceae	
437			accepted	species	Henry Fielding	Eupelmus fieldingi	Girault, 1915	1915		FALSE	Animalia	Arthropoda	Insecta	Hymenoptera	Eupelmidae	
438			accepted	species	Hugo Grotius	Eupelmus grotii	Girault, 1915	1915		FALSE	Animalia	Arthropoda	Insecta	Hymenoptera	Eupelmidae	
439			accepted	species	Charles Lamb	Eupelmus lambi	Girault, 1915	1915		FALSE	Animalia	Arthropoda	Insecta	Hymenoptera	Eupelmidae	
440			accepted	species	Michel de Montaigne	Eupelmus montaignei	Girault, 1915	1915		FALSE	Animalia	Arthropoda	Insecta	Hymenoptera	Eupelmidae	
441			accepted	species	Juba II	Euphorbia regis-jubae	Webb & Berthel.			FALSE	Plantae	Tracheophyta	Magnoliopsida	Malpighiales	Euphorbiaceae	
442			accepted	species	Junaluska	Eurycea junaluska	Sever et al., 1976	1976		FALSE	Animalia	Chordata	Amphibia	Caudata	Plethodontidae	
443			accepted	species	Immanuel Kant: named in honour of the great German philosopher Immanuel Kant (1724–1804), the author of the doctrine of transcendental idealism	Eusphalerum kanti	Shavrin & Yamamoto, 2019	2019	Shavrin_2019	TRUE	Animalia	Arthropoda	Insecta	Coleoptera	Staphylinidae	https://doi.org/10.3897/zookeys.863.34662
444			accepted	species	Lapulapu: We are pleased to name this species in honor of the Philippine National Hero, Lapu-Lapu, who is considered to be the first Filipino native to have resisted Spanish colonization. Lapu-Lapu was a ruler on the island of Mactan in the Visayas, where this species is known to occur	Eutropis lapulapu	Barley et al., 2020	2020	Barley_2020	FALSE	Animalia	Chordata	Reptilia	Squamata	Scincidae	https://doi.org/10.1655/HERPMONOGRAPHS-D-19-00009.1
445			accepted	species	Elena Cornaro Piscopia	Exetastes cornaroae	Kittel, 2016	2016		FALSE	Animalia	Arthropoda	Insecta	Hymenoptera	Ichneumonidae	
446			accepted	species	Marie Crous	Exetastes crousae	Kittel, 2016	2016		FALSE	Animalia	Arthropoda	Insecta	Hymenoptera	Ichneumonidae	
447			accepted	species	Avicenna	Fagara avicennae	Lam.			FALSE	Plantae	Tracheophyta	Magnoliopsida	Sapindales	Rutaceae	
448			accepted	species	Hannibal	Falcidius hannibal	Gnezdilov & Wilson, 2008	2008	Gnezdilov_2008	FALSE	Animalia	Arthropoda	Insecta	Hemiptera	Issidae	https://doi.org/10.1080/00222930802106229
449			accepted	species	Scipio Aemilianus: is derived from the name of Roman general Scipio in the third Punic war	Falcidius scipionis	Gnezdilov & Wilson, 2008	2008	Gnezdilov_2008	FALSE	Animalia	Arthropoda	Insecta	Hemiptera	Issidae	https://doi.org/10.1080/00222930802106229
450			accepted	species	Eleanor of Arborea	Falco eleonorae	Gené, 1839	1839		FALSE	Animalia	Chordata	Aves	Falconiformes	Falconidae	
451			accepted	genus	Favila of Asturias	Favila	O. Pickard-Cambridge, 1895	1895		FALSE						
452			accepted	genus	George Finlay	Finlayia	Girault 1934	1934	GIBSON_2017	FALSE	Animalia	Arthropoda	Insecta	Diptera	Culicidae	https://doi.org/10.11646/zootaxa.4255.1.1
453			accepted	species	Maria Quitéria: named in honor of Maria Quitéria de Jesus, the first woman to join the Brazilian Army (1822–1823), for her important contribution to the independence of Brazil	Flintiella quiteriae	Cavalcante-Silva, Santos & Calor, 2025	2025	CAVALCANTE_SILVA_2025	FALSE	Plantae	Rhodophyta	Porphyridiophyceae	Porphyridiales	Porphyridiaceae	https://doi.org/10.11646/zootaxa.5659.1.5
454			accepted	species	Attila: named in honour of Atilla [sic] (?–453), King of [the] Hun Empire (reigned: 434–453)	Floracarus atillai	Ripka, 2009	2009		FALSE						
455			accepted	genus	Jean de La Fontaine: in honor of the French fabulist Jean de La Fontaine (1621–1695), who wrote several fables in which the protagonist was a tortoise; and -chelon, from the ancient Greek word χελώνη (cheloni), which means turtle or tortoise	Fontainechelon	Pérez-García, Ortega & Jiménez Fuentes, 2016	2016	P_rez_Garc_a_2016	TRUE						https://doi.org/10.1111/zoj.12381
456			accepted	genus	Benjamin Franklin	Franklinia	W.Bartram ex Marshall			FALSE	Plantae	Tracheophyta	Magnoliopsida	Ericales	Theaceae	
457			accepted	species	Gilbert du Motier, Marquis de Lafayette	Gallus lafayettii	Lesson, 1831	1831	Grouw_2017	FALSE	Animalia	Chordata	Aves	Galliformes	Phasianidae	https://doi.org/10.25226/bboc.v137i4.2017.a3
458			accepted	species	Queen of Sheba: Bilkis or Bilqis is the name given to the Queen of Sheba in Arabic writings. [...] The kingdom of Sheba corresponded approximately with the modern Republic of North Yemen [the type locality] [...]. The name thus commemorates both the legendary beauty of the Queen of Sheba and the geographic location of her realm	Gazella bilkis	Groves & Lay, 1985	1985	GROVES_1985	TRUE	Animalia	Chordata	Mammalia	Artiodactyla	Bovidae	https://doi.org/10.1515/mamm.1985.49.1.27
459			accepted	genus	Gentius	Gentiana	L.			FALSE	Plantae	Tracheophyta	Magnoliopsida	Gentianales	Gentianaceae	
460			accepted	species	Nicolaus Copernicus: Named [in] commemoration of the 500th anniversary of the birth of Mikołaj Kopernik, the great Polish astronomer	Geotrypus copernici	Skoczeń, 1980	1980	Rzebik_Kowalska_2014	TRUE						https://doi.org/10.26879/457
461			accepted	species	Cleopatra VII	Givira cleopatra	Barnes & McDunnough, 1912	1912		FALSE	Animalia	Arthropoda	Insecta	Lepidoptera	Cossidae	
462			accepted	species	Ludwig van Beethoven	Gnathia beethoveni	Paul & Menzies, 1971	1971		FALSE	Animalia	Arthropoda	Malacostraca	Isopoda	Gnathiidae	
463			accepted	species	Junípero Serra: for Fray Junipero Serra, Jesuit missionary, evangelizer, and explorer of the Alta and Baja California region during the Colonial epoch	Gobiesox juniperoserrai	Espinosa Pérez & Castro-Aguirre, 1996	1996		FALSE	Animalia	Chordata	Teleostei	Gobiesociformes	Gobiesocidae	https://doi.org/10.3160/0038-3872-95.3.120
464			accepted	genus	Lady Godiva	Godiva	Macnae, 1954	1954		FALSE	Animalia	Mollusca	Gastropoda	Nudibranchia	Myrrhinidae	
465			accepted	genus	Johann Wolfgang von Goethe	Goetheana	Girault, 1920	1920		FALSE	Animalia	Arthropoda	Insecta	Hymenoptera	Eulophidae	
466			accepted	species	Alexander Pushkin	Goetheana pushkini	Triapitsyn, 2005	2005		FALSE	Animalia	Arthropoda	Insecta	Hymenoptera	Eulophidae	
467			accepted	species	François Rabelais: Continuing A.A. Girault's trend to name some taxa after the great poets and writers of the past (particularly in this genus), I am naming this new species after François Rabelais	Goetheana rabelaisi	Triapitsyn, 2005	2005		FALSE	Animalia	Arthropoda	Insecta	Hymenoptera	Eulophidae	
468			accepted	genus	Johann Wolfgang von Goethe	Goethella	Girault, 1928	1928		FALSE	Animalia	Arthropoda	Insecta	Hymenoptera	Eulophidae	
469			accepted	species	Heinrich Ignaz Franz Biber: in honor of the Bohemian-Austrian composer and violinist Heinrich Ignaz Franz von Biber (1644–1704), one of the most important composers for the violin in the history of the instrument	Goloboffia biberi	Ferretti, Ríos-Tamayo & Goloboff, 2019	2019	FERRETTI_2019	FALSE	Animalia	Arthropoda	Arachnida	Araneae	Migidae	https://doi.org/10.11646/zootaxa.4712.2.5
470			accepted	species	Johann Pachelbel: in honor of Johannes [sic] Pachelbel (1653–1706), a German composer and organist, and one of the most important composers of the middle Baroque era	Goloboffia pachelbeli	Ferretti, Ríos-Tamayo & Goloboff, 2019	2019	FERRETTI_2019	FALSE	Animalia	Arthropoda	Arachnida	Araneae	Migidae	https://doi.org/10.11646/zootaxa.4712.2.5
471			accepted	species	Hannibal: in honour of the Carthaginian general Hannibal who, on his journey through Languedoc to conquer Rome in 218 BC, passed with his elephants near the site [where the remains were found]	Gomphotherium hannibali	Welcomme, 1994	1994		TRUE						
472			accepted	species	Roger Bacon: Dedicated to the Roman Catholic friar, Roger Bacon, who, in an early superstitious and ignorant century, long since laid down the basis for science and reason. He was centuries ahead of his time	Gonatocerus baconi	Girault, 1912	1912		FALSE	Animalia	Arthropoda	Insecta	Hymenoptera	Mymaridae	
473			accepted	species	Giordano Bruno: Dedicated to the monistic philosopher Giordano Bruno, who in the middle ages was a father of monism and a sound thinker at a time when most were under the combined influence of superstition and dogmatic religion	Gonatocerus brunoi	Girault, 1912	1912		FALSE	Animalia	Arthropoda	Insecta	Hymenoptera	Mymaridae	
474			accepted	species	Thomas Carlyle	Gonatocerus carlylei	Girault, 1913	1913		FALSE	Animalia	Arthropoda	Insecta	Hymenoptera	Mymaridae	
475			accepted	species	Auguste Comte: Dedicated to Auguste Comte, the positive philosopher, whose philosophic principles, although not always right, were based upon positivism, materialism, realism or experience combined with reason	Gonatocerus comptei	Girault, 1912	1912		FALSE	Animalia	Arthropoda	Insecta	Hymenoptera	Mymaridae	
476			accepted	species	Leonardo da Vinci: Dedicated to Leonardo Da Vinci, the manly Italian, one of the earliest of scientists	Gonatocerus davinci	Girault, 1912	1912		FALSE	Animalia	Arthropoda	Insecta	Hymenoptera	Mymaridae	
477			accepted	species	Johann Wolfgang von Goethe: Dedicated to Johann Wolfgang Goethe, poet, naturalist and monistic philosopher	Gonatocerus goethei	Girault, 1912	1912		FALSE	Animalia	Arthropoda	Insecta	Hymenoptera	Mymaridae	
478			accepted	species	Christiaan Huyghens: Dedicated to Huyghens who discovered the vibratory principle of light	Gonatocerus huyghensi	Girault, 1912	1912		FALSE	Animalia	Arthropoda	Insecta	Hymenoptera	Mymaridae	
479			accepted	species	Mikhail Lomonosov	Gonatocerus lomonosoffi	Girault, 1913	1913	HUBER_2015	FALSE	Animalia	Arthropoda	Insecta	Hymenoptera	Mymaridae	https://doi.org/10.11646/zootaxa.3967.1.1
480			accepted	species	Charles-Irénée Castel de Saint-Pierre: Respectfully dedicated to the Abbe Saint-Pierre for his work entitled The Project of Perpetual Peace	Gonatocerus saintpierrei	Girault, 1913	1913		FALSE	Animalia	Arthropoda	Insecta	Hymenoptera	Mymaridae	
481			accepted	species	William Shakespeare	Gonatocerus shakespearei	Girault, 1915	1915		FALSE	Animalia	Arthropoda	Insecta	Hymenoptera	Mymaridae	
482			accepted	species	Baruch Spinoza: Dedicated to the profound student and thinker, Baruch Spinoza, who in the seventeenth century introduced the monistic conception of matter, "the loftiest, profoundest, and truest thought of all ages"	Gonatocerus spinozai	Girault, 1912	1912		FALSE	Animalia	Arthropoda	Insecta	Hymenoptera	Mymaridae	
483			accepted	species	Hiawatha	Goniacodon hiawathae	Van Valen, 1978	1978		TRUE						
484			accepted	genus	| Francisco de Goya: in recognition of the Spanish painter, Francisco José de Goya y Lucientes, who was born in Fuendetodos (Zaragoza province), several kilometers north of the locality were this crinoid was collected	Goyacrinus	Cole et al., 2017	2017	Cole_2017	TRUE						https://doi.org/10.1017/jpa.2016.135
485			accepted	species	Confucius: dedicated to Confucius (Chinese name Qiu Kong, courtesy name Zhongni; 551–479 BC), a Chinese teacher, editor, politician, and philosopher of the Spring and Autumn Period of Chinese history	Graphium confucius	Hu, Duan & Cotton, 2018	2018	HU_2018	FALSE						https://doi.org/10.11646/zootaxa.4441.3.1
486			accepted	genus	Hugo Grotius	Grotiusella	Girault, 1913	1913		FALSE	Animalia	Arthropoda	Insecta	Hymenoptera	Eulophidae	
487			accepted	genus	Hugo Grotius	Grotiusomyia	Girault, 1917	1917		FALSE	Animalia	Arthropoda	Insecta	Hymenoptera	Eulophidae	
488			accepted	genus	Enriquillo	Guarocuyus	Landestov, Schools, & Hedges, 2022	2022	LANDESTOY_T__2022	FALSE	Animalia	Chordata	Reptilia	Squamata	Diploglossidae	https://doi.org/10.11646/zootaxa.5219.3.1
489			accepted	genus	Martín Miguel de Güemes: honoring General Martin Miguel de Güemes, who was both Governor and a military leader who defended northwestern Argentina during the War of Independence. The year 2021 has been declared as "the bicentennial of the death of General Güemes" by the Senate of the Argentine Nation	Guemesia	Agnolín et al., 2022	2022	Agnol_n_2021	TRUE						https://doi.org/10.1080/02724634.2021.2002348
490			accepted	genus	Gustav III of Sweden	Gustavia	L.			FALSE	Plantae	Tracheophyta	Magnoliopsida	Ericales	Lecythidaceae	
491			accepted	genus	Johannes Gutenberg	Gutenbergia	Sch.Bip.		Burkhardt_2018	FALSE	Plantae	Tracheophyta	Magnoliopsida	Asterales	Asteraceae	https://doi.org/10.3372/epolist2018
492			accepted	species	Raja Ram Mohan Roy: named in honour of Raja Ram Mohan Roy (1772-1833) for his sincere advocacy (1831) in the formation of Supra National Organisation for settling all disputes among nations and for furthering the cause of peace in the world	Gynacantha rammohani	Mitra & Lahiri, 1975	1975		FALSE	Animalia	Arthropoda	Insecta	Odonata	Aeshnidae	
493			accepted	species	William Ellery Channing: Respectfully dedicated to William E. Channing for his Discourses on War	Gyrolasella channingi	Girault, 1913	1913		FALSE	Animalia	Arthropoda	Insecta	Hymenoptera	Eulophidae	
494			accepted	species	Shaka: Named for the Zulu king, Shaka, who raised his people from a small tribe to a powerful nation. The hastate body of the new species is a perhaps fanciful reminder of the short stabbing spear or "iklwa" which Shaka developed and used with such devastating effect	Halimuraena shakai	Winterbottom, 1978	1978	Winterbottom_1978	FALSE	Animalia	Chordata	Teleostei		Pseudochromidae	https://doi.org/10.1080/00445096.1978.11447604
495			accepted	species	Diogenes: trash packet". "The species name is a patronym for the Greek philosopher Diogenes of Sinope, whose name has been applied to a human behavioral disorder characterized by compulsive hoarding of trash	Hallucinochrysa diogenesi	Pérez-de la Fuente, Delclòs, Peñalver & Engel, 2012	2012	P_rez_de_la_Fuente_2012	TRUE	Animalia	Arthropoda	Insecta	Neuroptera		https://doi.org/10.1073/pnas.1213775110
496			accepted	species	Benjamin Bonneville: honours Major Benjamin Bonneville, for whom Bonneville Salt Flats is named	Halobacterium bonnevillei	Myers & King, 2020	2020	Myers_2020	FALSE	Methanobacteriati	Methanobacteriota	Halobacteria	Halobacteriales	Halobacteriaceae	https://doi.org/10.1099/ijsem.0.004282
497			accepted	genus	Hannibal	Hannibalia	Girault, 1928	1928		FALSE						
498			accepted	genus	Han Yu: Text for the Crocodiles	Hanyusuchus	Iijima et al., 2022	2022	Iijima_2022	TRUE						https://doi.org/10.1098/rspb.2022.0085
499			accepted	species	Atahualpa: derived from that of the ruling Inca at the time of the conquest of Peru	Haplophragmoides atahuallpai	Frizzell, 1943	1943		TRUE	Chromista	Foraminifera	Globothalamea	Lituolida	Haplophragmoididae	
500			accepted	species	Agustín de Zárate	Haplophragmoides zaratei	Frizzell, 1943	1943		TRUE	Chromista	Foraminifera	Globothalamea	Lituolida	Haplophragmoididae	
501			accepted	species	Asparuh of Bulgaria	Harpactea asparuhi	Lazarov, 2008	2008		FALSE	Animalia	Arthropoda	Arachnida	Araneae	Dysderidae	
502			accepted	genus	Harpagus	Harpagus	Vigors, 1824	1824		FALSE	Animalia	Chordata	Aves	Accipitriformes	Accipitridae	
503			accepted	species	Sir Walter Raleigh: This species is named in honor of Sir Walter Raleigh, philosopher and explorer, by whom the first English scientific expedition was sent to the New World	Harriotta raleighana	Goode & T. H. Bean, 1895	1895	Goode_1895	FALSE	Animalia	Chordata	Holocephali	Chimaeriformes	Rhinochimaeridae	https://doi.org/10.5479/si.00963801.17-1014.471
504			accepted	species	Huáscar: Its name conmemorates Huascar, son of the Inca king Huyana [sic]. He died in battle over the kingdom inherited jointly with his brother Atahuallpa	Hedyosmum huascari	J.F.Macbr.			FALSE	Plantae	Tracheophyta	Magnoliopsida	Chloranthales	Chloranthaceae	
505			accepted	species	Naresuan: named after Naresuan, the king of Ayutthaya Kingdom (at the territory of modern Thailand) in 1590–1605, one of the most glorious Thai kings	Helenicula naresuani	Stekolnikov, 2016	2016	Chaisiri_2016	FALSE	Animalia	Arthropoda	Arachnida	Trombidiformes	Trombiculidae	https://doi.org/10.1093/jme/tjv244
506			accepted	species	Xerxes I: named after Xerxes I (reigned 485–465 BC) of the Achaemenid dynasty, the King of Persia, who marched against Greece but was defeated at Salamis	Heliophanus xerxesi	Logunov, 2019	2019		FALSE	Animalia	Arthropoda	Arachnida	Araneae	Salticidae	
507			accepted	species	Omar Khayyam: honours a Persian astronomer, mathematician and poet of [the] 12th Century, Hakim Omar Khayyam from Neyshabur	Heliotropium khayyamii	Akhani		MEMARIANI_2016	FALSE	Plantae	Tracheophyta	Magnoliopsida	Boraginales	Heliotropiaceae	https://doi.org/10.11646/phytotaxa.249.1.5
508			accepted	species	Sebastián de Belalcázar: named after Sebastian de Benalcazar, lieutenant of Francisco Pizarro, the conquistador of South America	Hellinsia benalcazari	Gielis, 2011	2011		FALSE	Animalia	Arthropoda	Insecta	Lepidoptera	Pterophoridae	
509			accepted	species	Eugenio Espejo: named after and in honor of Espejo, son of an indian father and mulatto mother, born in 1747. He was a brilliant scholar and poet, writing against colonialism. He died in prison in 1795	Hellinsia espejoi	Gielis, 2014	2014		FALSE	Animalia	Arthropoda	Insecta	Lepidoptera	Pterophoridae	
510			accepted	species	Huayna Capac	Hellinsia huayna	Gielis, 2011	2011		FALSE	Animalia	Arthropoda	Insecta	Lepidoptera	Pterophoridae	
511			accepted	species	Carlos de Montúfar: named after Montufar, an Ecuadorian freedom fighter, opposing the Spanish	Hellinsia montufari	Gielis, 2011	2011		FALSE	Animalia	Arthropoda	Insecta	Lepidoptera	Pterophoridae	
512			accepted	species	Francisco de Orellana: named after Francesco de Orellana, conquistador and lieutenant of Gonzalo Pizarro	Hellinsia orellanai	Gielis, 2011	2011		FALSE	Animalia	Arthropoda	Insecta	Lepidoptera	Pterophoridae	
513			accepted	species	Paccha Duchicela	Hellinsia paccha	Gielis, 2011	2011		FALSE	Animalia	Arthropoda	Insecta	Lepidoptera	Pterophoridae	
514			accepted	species	Francisco Pizarro: named after the Spanish conquistador Francisco Pizarro, the first European to set foot in many parts of South America	Hellinsia pizarroi	Gielis, 2011	2011		FALSE	Animalia	Arthropoda	Insecta	Lepidoptera	Pterophoridae	
515			accepted	species	Rumiñahui	Hellinsia ruminahuii	Gielis, 2011	2011		FALSE	Animalia	Arthropoda	Insecta	Lepidoptera	Pterophoridae	
516			accepted	species	Antonio José de Sucre: named after Antonio José de Sucre, who was crucial in achieving the freedom of several South American countries	Hellinsia sucrei	Gielis, 2011	2011		FALSE	Animalia	Arthropoda	Insecta	Lepidoptera	Pterophoridae	
517			accepted	species	Topa Inca Yupanqui	Hellinsia tupaci	Gielis, 2011	2011		FALSE	Animalia	Arthropoda	Insecta	Lepidoptera	Pterophoridae	
518			accepted	species	Pytheas: In honour of Pytheas, famous antique astronomer and sailor, citizen of Massalia (ancient Greek name of Marseille), who explored the northern seas during the 4th century B.C., and in reference to the geographical distribution of this species	Hemicyclopora pytheasi	Harmelin & Rosso, 2023	2023	Harmelin_2023	FALSE	Animalia	Bryozoa	Gymnolaemata	Cheilostomatida	Escharellidae	https://doi.org/10.5252/zoosystema2023v45a10
519			accepted	species	Nzinga of Ndongo and Matamba: The species is named after Ngola Nzinga Mbande (1583–1663), also known by the Portuguese Catholic name of Ana de Sousa, queen of the kingdoms of Ndongo and Matamba and one of the most important Angolan chieftains, whose kingdoms spanned approximately the same region as the known distribution of the new species. We propose the Portuguese common name of "Osga da Rainha Nzinga", and the English common name of "Queen Nzinga's Tropical Gecko" for this species	Hemidactylus nzingae	Ceríaco, Agarwal, Marques & Bauer, 2020	2020	CER_ACO_2020	FALSE	Animalia	Chordata	Reptilia	Squamata	Gekkonidae	https://doi.org/10.11646/zootaxa.4746.1.1
520			accepted	species	Leonardo da Vinci: Dedicated to the great Leonardo da Vinci (1452-1519), explorer of the Arts and Sciences and exceptional observer who wrote: "With time, the sea withdrew, the mud was converted into stone and the shells, now deprived of their animals, were filled with mud and thus in the course of the transformation into stone	Hemitoma davincii	Pacaud, 2004	2004		TRUE	Animalia	Mollusca	Gastropoda	Lepetellida	Fissurellidae	
521			accepted	species	Zumbi dos Palmares: In honor of Zumbi dos Palmares (1655-1695), leader of the Quilombo dos Palmares, town where black slaves lived after escaping from Portuguese landlords in northeast Brazil. He is a symbol of black resistance in Brazil	Hernandaria zumbii	DaSilva & Pinto-da-Rocha, 2010	2010	DaSilva_2010	FALSE	Animalia	Arthropoda	Arachnida	Opiliones	Gonyleptidae	https://doi.org/10.1590/S1984-46702010000400010
522			accepted	genus	Herodotus	Herodotia	Girault 1931	1931		FALSE	Plantae	Tracheophyta	Magnoliopsida	Asterales	Asteraceae	
523			accepted	species	Hobomok	Hesperia hobomok	Harris, 1862	1862		FALSE	Animalia	Arthropoda	Insecta	Lepidoptera	Hesperiidae	
524			accepted	species	Atahualpa: in homage to the memory of Atahualpa, the last Inca, killed in 1533 by order of Pizarro	Heterakis atahualpai	Freitas & Ibáñez, 1961	1961	Freitas_1961	FALSE	Animalia	Nematoda	Chromadorea	Rhabditida		https://doi.org/10.1590/S0074-02761961000300004
525			accepted	species	George Washington	Heterospilus washingtoni	Marsh, 2013	2013	Marsh_2013	FALSE	Animalia	Arthropoda	Insecta	Hymenoptera	Braconidae	https://doi.org/10.3897/zookeys.347.6002
526			accepted	species	Xerxes I	Heterospilus xerxes	Marsh, 2013	2013	Marsh_2013	FALSE	Animalia	Arthropoda	Insecta	Hymenoptera	Braconidae	https://doi.org/10.3897/zookeys.347.6002
527			accepted	genus	Hippocrates	Hippocratea	L.			FALSE	Plantae	Tracheophyta	Magnoliopsida	Celastrales	Celastraceae	
528			accepted	species	Sappho	Hippolyte sapphica	d'Udekem d'Acoz, 1993	1993		FALSE	Animalia	Arthropoda	Malacostraca	Decapoda	Hippolytidae	
529			accepted	species	Amerigo Vespucci: in reference to Américo Vespúcio (Amerigo Vespucci in Italian), navigator and explorer to whom is attributed the discovery of the rio São Francisco in 1501	Hisonotus vespuccii	Roxo, Silva & Oliveira, 2015	2015	Roxo_2015	FALSE	Animalia	Chordata	Teleostei	Siluriformes	Loricariidae	https://doi.org/10.3897/zookeys.498.6896
530			accepted	species	John Herschel: I have selected it because it marks the fact that the eminent astronomer, after whom it is named, occupied a portion of the time he passed in Southern Africa in promoting geological investigation. The fossil was first sent to me by him	Homalonotus herschelii	Murchison, 1839	1839		TRUE	Animalia	Arthropoda	Trilobita	Phacopida	Homalonotidae	
531			accepted	genus	Homer	Homeryon	Galil, 2000	2000		FALSE	Animalia	Arthropoda	Malacostraca	Decapoda	Polychelidae	
532			accepted	species	Hiawatha: Named after Hiawatha, Native American leader and co-founder of the Iroquois Confederacy, whose name is given to the Hiawatha National Forest located nearby to the Stonington Peninsula locality	Hoplitaspis hiawathai	Lamsdell et al., 2019	2019	Lamsdell_2019	TRUE						https://doi.org/10.1186/s12862-018-1329-4
533			accepted	species	Marco Polo: As a tribute to the collaboration established among the authors during the Ph.D. studies made in Italy by one of them (PZ), the new species is named after Marco Polo (1254–1324), the Venetian explorer who, during a long period of permanence in China in the late XIII century (1271–1284), established the first well documented relationships between the Chinese and European worlds and opened western culture to the wide and rich Chinese heritage	Hycleus marcipoli	Pan & Bologna, 2014	2014	Bologna_2014	FALSE						https://doi.org/10.3897/zookeys.463.8261
534			accepted	species	Johann Grueber: Named for the Austrian Jesuit priest Grueber (1623–1680), who was the first European to visit and report about Tibet's capital Lhasa and its mystical Potala Palace. On his way back he traversed the Himalaya and visited Kathmandu Valley. Grueber probably was the first Austrian in Nepal	Hydraena grueberi	Skale & Jäch, 2009	2009		FALSE	Animalia	Arthropoda	Insecta	Coleoptera	Hydraenidae	
535			accepted	species	Dandara dos Palmares: named in honor of Dandara (?–1694), a leader and warrior in the resistance against slavery during the Brazilian colonial period. She was part of the "Quilombo dos Palmares", the largest settlement of African and Afro-Brazilian peoples who escaped enslavement	Hylomyrma dandarae	Ulysséa, 2021	2021	ULYSS_A_2021	FALSE	Animalia	Arthropoda	Insecta	Hymenoptera	Formicidae	https://doi.org/10.11646/zootaxa.5055.1.1
536			accepted	species	Hatuey: named in honour of Hatuey, a Taíno Cacique from Quisqueya, the present Hispaniola, who travelled to Cuba in the sixteen century to fight against Spanish conquerors. Hatuey was captured and burned alive in Cuba, where he is considered a hero	Hypolestes hatuey	Torres-Cambas, 2015	2015	TORRES_CAMBAS_2015	FALSE	Animalia	Arthropoda	Insecta	Odonata	Hypolestidae	https://doi.org/10.11646/zootaxa.4000.2.2
537			accepted	genus	Ibycus	Ibyka	J.E. Skog & H.P. Banks			TRUE						
538			accepted	species	Maria Cunitz	Ichneumon cunitzae	Kittel, 2016	2016		FALSE	Animalia	Arthropoda	Insecta	Hymenoptera	Ichneumonidae	
539			accepted	species	Jacoba van den Brande	Ichneumon vandenbrandeae	Kittel, 2016	2016		FALSE	Animalia	Arthropoda	Insecta	Hymenoptera	Ichneumonidae	
540			accepted	species	William Ellery Channing: Respectfully dedicated to William Ellery Channing, for his efforts directed against war	Idarnoides channingi	Girault, 1913	1913		FALSE	Animalia	Arthropoda	Insecta	Hymenoptera	Pteromalidae	
541			accepted	species	Adi Shankara	Impatiens aadishankarii	Bhaskar & Sringesh			FALSE	Plantae	Tracheophyta	Magnoliopsida	Ericales	Balsaminaceae	
542			accepted	species	Ferdowsi: ferdowsii" honours the great Persian poet "Hakim Abolghasem Ferdowsi Tousi" (940−1020 AD) whose tomb is located in Tous town, near Mashhad, the capital city of Razavi Khorasan province, Iran [which contains the distribution range of this species]. The type locality of the new species is situated 25 km NE of Pazh (Paj) village, [his birthplace]	Iris ferdowsii	Joharchi & Memariani		MEMARIANI_2017	FALSE	Plantae	Tracheophyta	Liliopsida	Asparagales	Iridaceae	https://doi.org/10.11646/phytotaxa.291.3.3
543			accepted	species	Ahuitzotl	Isotogastrura ahuizotli	Palacios-Vargas & Thibaud, 1998	1998	Palacios_Vargas_1998	FALSE	Animalia	Arthropoda	Collembola	Poduromorpha	Isotogastruridae	https://doi.org/10.4039/Ent130195-2
544			accepted	genus	Jawhar al-Siqilli	Jawharia	Seiffert et al., 2007	2007	Seiffert_2007	TRUE						https://doi.org/10.1671/0272-4634(2007)27[963:NROEAO]2.0.CO;2
545			accepted	genus	Thomas Jefferson	Jeffersonia	Barton			FALSE	Plantae	Tracheophyta	Magnoliopsida	Ranunculales	Berberidaceae	
546			accepted	genus	Genghis Khan: Latinized version of the name of the Mongol tyrant Genghis Khan, who ruled an empire extending from Europe to China during the late 12th and early 13th centuries A.D., in reference to the presumed ecological role of this dinosaur as the top predator of its domain	Jenghizkhan	Olshevsky, 1995	1995		TRUE						
547			accepted	genus	John VI of Portugal	Joannesia	Vell.		Burkhardt_2018	FALSE	Plantae	Tracheophyta	Magnoliopsida	Malpighiales	Euphorbiaceae	https://doi.org/10.3372/epolist2018
548			accepted	genus	Juba II	Jubaea	Kunth			FALSE	Plantae	Tracheophyta	Liliopsida	Arecales	Arecaceae	
549			accepted	genus	Kalidasa	Kalidasa	Kirkaldy, 1900	1900	Senthilkumar_2022	FALSE	Animalia	Arthropoda	Insecta	Hemiptera	Fulgoridae	https://doi.org/10.22271/j.ento.2022.v10.i5b.9039
550			accepted	genus	John Keats	Keatsia	Girault 1928	1928		FALSE	Animalia	Arthropoda	Insecta	Hymenoptera	Encyrtidae	
551			accepted	species	Friedrich Bessel	Kepplerites besseli	Mönnig & Dietl, 2022	2022		TRUE	Animalia	Mollusca	Cephalopoda	Ammonoidea	Kosmoceratidae	
552			accepted	species	Nicolaus Copernicus	Kepplerites copernici	Mönnig & Dietl, 2022	2022		TRUE	Animalia	Mollusca	Cephalopoda	Ammonoidea	Kosmoceratidae	
553			accepted	species	Edmond Halley	Kepplerites halleyi	Mönnig & Dietl, 2022	2022		TRUE	Animalia	Mollusca	Cephalopoda	Ammonoidea	Kosmoceratidae	
554			accepted	species	William Herschel	Kepplerites herscheli	Mönnig & Dietl, 2017	2017	M_nnig_2017	TRUE	Animalia	Mollusca	Cephalopoda	Ammonoidea	Kosmoceratidae	https://doi.org/10.1127/njgpa/2017/0697
555			accepted	species	Tycho Brahe	Kepplerites tychonis	Ravn, 1911	1911	Ravn_1911	TRUE	Animalia	Mollusca	Cephalopoda	Ammonoidea	Kosmoceratidae	https://doi.org/10.5962/bhl.title.29066
556			accepted	genus	Genghis Khan: The new genus-group name is a combination of Khan, the title of political and military leaders in the ancient Mongol Empire, and Termes (meaning "termite"), the first generic name of the Isoptera. The generic name is a reference to the most famous Khan of ancient Mongolia, Genghis Khan ( – 18 August 1227, born Borjigin Temüjin, the former being his surname, was bestowed with the title Khan and became Genghis Khan in 1206). He united the Mongol Tribes into the Mongol Empire in 1206	Khanitermes	Engel, Grimaldi & Krishna, 2007	2007		TRUE	Animalia	Arthropoda	Insecta		Mastotermitidae	
557			accepted	species	Yunus Emre: named in honour of Yunus Emre, who is one of the most revered philosophers in Turkish literature	Klasea yunus-emrei	B. Dogan, Ocak & A. Duran		Dogan_2014	FALSE	Plantae	Tracheophyta	Magnoliopsida	Asterales	Asteraceae	https://doi.org/10.1080/11263504.2014.969356
558			accepted	species	Shaka: After King Shaka Zulu (c. 1787-1828), leader of the Zulu nation	Kwazulusaurus shakai	Maisch, 2002	2002	Maisch_2002	TRUE						https://doi.org/10.1111/1475-4983.00240
559			accepted	species	Zenobia	Lacon zenobiae	Kundrata, Mertlik & Németh, 2019	2019	KUNDRATA_2019	FALSE	Animalia	Arthropoda	Insecta	Coleoptera	Elateridae	https://doi.org/10.11646/zootaxa.4679.3.1
560			accepted	species	Darius the Great: named in memory of Darius I [...], also known as Darius the Great, [...] the third king of the Achaemenid Empire, who proved to be a strong and wise ruler and he was tolerant toward other religions and cultures, promoted learning, agriculture, forestation, and the construction of highways. He also built the great palace cities of Susa and Persepolis	Laelaspis dariusi	Joharchi & Jalaeian, 2012	2012	Joharchi_2012	FALSE						https://doi.org/10.3897/zookeys.208.3281
561			accepted	genus	Hugues Felicité Robert de Lamennais	Lamennaisia	Girault, 1922	1922		FALSE	Animalia	Arthropoda	Insecta	Hymenoptera	Encyrtidae	
562			accepted	species	Fa Ngum: The species is named after Fa Ngum, who founded in 1354 the kingdom of Lan Xang Hôm Khao ("land of one million elephants and a white parasol"), the earliest kingdom on the territory of Laos	Laotrombicula fangumi	Stekolnikov, 2014	2014	Stekolnikov_2014	FALSE	Animalia	Arthropoda	Arachnida	Trombidiformes	Trombiculidae	https://doi.org/10.1007/s11230-013-9453-4
563			accepted	genus	Empress Joséphine: in compliment to her for her many services to botany; she greatly encouraged the cultivation of exotic plants by growing them herself in her garden at Malmaison, near Paris	Lapageria	Ruiz & Pav.			FALSE	Plantae	Tracheophyta	Liliopsida	Liliales	Philesiaceae	
564			accepted	species	Akhenaten	Latigammaropsis akhenateni	Myers, 2014	2014	MYERS_2014	FALSE	Animalia	Arthropoda	Malacostraca	Amphipoda	Photidae	https://doi.org/10.11646/zootaxa.3811.4.6
565			accepted	genus	Lautaro: honors Lautaro (Leftraru), a renowned toqui (Mapuche military leader) who played a significant role in the Arauco War during the early stages of the Spanish conquest of what is now Chile	Lautaria	Porto, Derkarabetian, Giribet & Pérez-González, 2024	2024	Porto_2024	FALSE	Animalia	Arthropoda	Arachnida	Opiliones	Triaenonychidae	https://doi.org/10.3897/zookeys.1207.120068
566			accepted	species	William Shakespeare	Legionella shakespearei	Verma et al. 1992	1992	Verma_1992	FALSE	Pseudomonadati	Pseudomonadota	Gammaproteobacteria	Legionellales	Legionellaceae	https://doi.org/10.1099/00207713-42-3-404
567			accepted	species	Yagan	Leichhardteus yagan	Raven, 2015	2015	RAVEN_2015	FALSE	Animalia	Arthropoda	Arachnida	Araneae	Corinnidae	https://doi.org/10.11646/zootaxa.3958.1.1
568			accepted	species	Mikhail Lomonosov: Respectfully dedicated to the Russian peasant, Michael Wassiliewitsch Lomonosoff, afterward physical chemist, professor and man of affairs, one of the fathers of modern chemistry and profound research scholar	Leimacis lomonosoffi	Girault, 1912	1912		FALSE	Animalia	Arthropoda	Insecta	Hymenoptera	Mymaridae	
569			accepted	genus	Leonardo da Vinci	Leonardo	Błeszyński, 1965	1965		FALSE	Animalia	Arthropoda	Insecta	Lepidoptera	Crambidae	
570			accepted	species	Avicenna	Leonardo avicennae	Bassi, 1990	1990		FALSE	Animalia	Arthropoda	Insecta	Lepidoptera	Crambidae	
571			accepted	species	Leonardo da Vinci	Leonardo davincii	Błeszyński, 1965	1965		FALSE	Animalia	Arthropoda	Insecta	Lepidoptera	Crambidae	
572			accepted	genus	Leonardo da Vinci: named after Leonardo da Vinci, who also gives the name to the cave where the type species was collected	Leonardoscia	Campos-Filho, Araujo & Taiti, 2014	2014	Campos_Filho_2014	FALSE	Animalia	Arthropoda	Malacostraca	Isopoda		https://doi.org/10.1111/zoj.12172
573			accepted	genus	Maria Leopoldina of Austria: We call this genus by the venerable name of the very august Princess Josepha Carolina Leopoldina, Archduchess of Austria, who held the glory, splendor, delight, and transatlantic throne of Brazil	Leopoldinia	Mart.			FALSE	Plantae	Tracheophyta	Liliopsida	Arecales	Arecaceae	
574			accepted	species	Hafez	Lepidargyrus hafezi	Linnavuori & Hosseini 1998	1998		FALSE	Animalia	Arthropoda	Insecta	Hemiptera	Miridae	
575			accepted	species	Jean-Michel Huon de Kermadec	Lepinotus huoni	Schmidt & New, 2008	2008		FALSE	Animalia	Arthropoda	Insecta	Psocodea	Trogiidae	
576			accepted	species	William Lamb, 2nd Viscount Melbourne: Named after William Lamb, 2nd Viscount Melbourne, after whom the city of Melbourne was named in 1837	Leptochelia billambi	Błażewicz-Paszkowycz & Bamber, 2012	2012	B_a_ewicz_Paszkowycz_2012	FALSE	Animalia	Arthropoda	Malacostraca	Tanaidacea	Leptocheliidae	https://doi.org/10.24199/j.mmv.2012.69.01
577			accepted	species	Christopher Columbus: after the island's most famous visitor	Leptotyphlops columbi	Klauber, 1939	1939		FALSE	Animalia	Chordata	Reptilia	Squamata	Leptotyphlopidae	
578			accepted	species	Charles III of Spain: for Carlos III, the Spanish King who founded the Museo Nacional de Ciencias Naturales, Madrid, in 1771	Leuciscus carolitertii	Doadrio, 1987	1987		FALSE	Animalia	Chordata	Teleostei	Cypriniformes	Cyprinidae	
579			accepted	species	Vlad the Impaler: in reference to Vlad III, or Vlad Dracula (c. 1429–1476), prince of a region of Romania then called Wallachia. His moniker, Vlad the Impaler, refers to his favoured and frequent method of execution, which inspired the vampirous character Count Dracula fictionalized by Bram Stoker in 1897. The patronym is in reference to the presumed impalement of prey by Linguamyrmex and its liquid diet	Linguamyrmex vladi	Barden & Grimaldi, 2017	2017	Barden_2017	TRUE	Animalia	Arthropoda	Insecta	Hymenoptera	Formicidae	https://doi.org/10.1111/syen.12253
580			accepted	species	Rumi: This species is named in honour of Molavi (Jalal ad-Din Muhammad Balkhi) spiritual master and poet often known in the west as Rumi	Liphanthus molavi	Mir Sharifi & Packer, 2019	2019	SHARIFI_2019	FALSE	Animalia	Arthropoda	Insecta	Hymenoptera	Andrenidae	https://doi.org/10.11646/zootaxa.4645.1.1
581			accepted	species	Cleopatra VII	Liris cleopatra	de Beaumont, 1961	1961		FALSE	Animalia	Arthropoda	Insecta	Hymenoptera	Crabronidae	
582			accepted	genus	Mikhail Lomonosov	Lomonosoffiella	Girault, 1913	1913		FALSE	Animalia	Arthropoda	Insecta	Hymenoptera	Pteromalidae	
583			accepted	species	Cuffy: In honor of the Afro-Guyanese slave Cuffy, or Coffy, who in 1763 led the revolt of more than 2,500 slaves in Berbice (former region of Guyana, now Co-operative Republic of Guyana) against the Dutch settler regime, which finally led to their freedom. Cuffy, accepted by all the rebels as the leader of the rebellion, declared himself Governor of Berbice. Today he is considered Guyana's first national hero	Loricaria cuffyi	Londoño-Burbano, Urbano-Bonilla & Thomas, 2021	2021	Londo_o_Burbano_2020	FALSE	Animalia	Chordata	Teleostei	Siluriformes	Loricariidae	https://doi.org/10.1111/jfb.14566
584			accepted	genus	Martin Luther	Lutheria	Girault, 1919	1919		FALSE	Plantae	Tracheophyta	Liliopsida	Poales	Bromeliaceae	
585			accepted	species	Napoleon: named after Napoléon Bonaparte (1769–1821), arguably St. Helena's [the type locality] most famous resident, from his exile to the island in 1815 to his death there in 1821	Lysmata napoleoni	De Grave & Anker, 2018	2018	GRAVE_2018	FALSE	Animalia	Arthropoda	Malacostraca	Decapoda	Lysmatidae	https://doi.org/10.11646/zootaxa.4429.2.13
586			accepted	species	Manuel Belgrano: The specific name is a patronym in honour of General Manuel Belgrano, creator of the Argentine flag	Lyssomanes belgranoi	Galiano, 1984	1984		FALSE	Animalia	Arthropoda	Arachnida	Araneae	Salticidae	
587			accepted	subspecies	Jayavarman II: after Jayavarman II, the founder of the famous Angkor Empire and its first 'Divine King', who in [the] early IX century established its first capital Hariharalaya (presently Roluos, Prasat Bakong District) [situated] just 14.5 km N of the type locality of the new subspecies	Macrogomphus phalantus jayavarman	Kosterin, 2019	2019	KOSTERIN_2019	FALSE	Animalia	Arthropoda	Insecta	Odonata	Gomphidae	https://doi.org/10.11646/zootaxa.4615.1.3
588			accepted	species	Abu Bakr al-Razi: in honour of Abu Bakr Muhammad ibn Zakariyya al-Razi (854–925 CE), a Persian polymath, physician, alchemist, philosopher, and important figure in the history of medicine. Macrovipera is one of the most medically important snakes in Iran, and historically, physicians like him have been involved in snake bite therapy	Macrovipera razii	Oraie et al., 2018	2018		FALSE	Animalia	Chordata	Reptilia	Squamata	Viperidae	
589			accepted	genus	Ferdinand Magellan: in honour of the Portuguese explorer Fernão de Magalhães (Ferdinand Magellan), who crossed the Pacific Ocean in the first circumnavigation of the Earth	Magallana	Salvi & Mariottini, 2017	2017	Salvi_2016	FALSE	Animalia	Mollusca	Bivalvia	Ostreida	Ostreidae	https://doi.org/10.1111/zoj.12455
590			accepted	genus	Ferdinand Magellan: I have chosen the name of the genus in memory of the intrepid navigator who first visited the islands of Oceania	Magallanes	Navás, 1912	1912		FALSE	Animalia	Mollusca	Gastropoda	Nudibranchia	Magallanidae	
591			accepted	genus	Ferdinand Magellan	Magellanana	Girault, 1939	1939		FALSE	Animalia	Arthropoda	Insecta	Hymenoptera	Encyrtidae	
592			accepted	genus	Ferdinand Magellan: Named in honour of Ferdinand Magellan, the discoverer of the Fuegian (Magellanic) part of Chile, where 1 undescribed species of this new genus is braving the harsh climate	Magellanium	Masner & Huggert, 1989	1989	Masner_1989	FALSE	Animalia	Arthropoda	Insecta	Hymenoptera	Platygastridae	https://doi.org/10.4039/entm121147fv
593			accepted	species	Thomas Jefferson	Mammuthus jeffersonii	Osborn, 1922	1922		TRUE						
594			accepted	species	Thomas Bartholin: In memory of the Danish physician, mathematician and theologian Thomas Bartholin [...]. He theorized that amber had to come from conifers and that it had been hardened in seawater. He was therefore also one of the pioneers of Danish amber research	Mantimalthinus bartholini	Fanti & Damgaard, 2019	2019		TRUE						
595			accepted	species	John Pedder	Maoripsocus pedderi	Schmidt & New, 2008	2008		FALSE	Animalia	Arthropoda	Insecta	Psocodea	Caeciliusidae	
596			accepted	species	John Helder Wedge	Maoripsocus wedgei	Schmidt & New, 2008	2008		FALSE	Animalia	Arthropoda	Insecta	Psocodea	Caeciliusidae	
597			accepted	genus	Marco Polo	Marcopoloia	Yakovlev & Zolotuhin, 2021	2021	Yakovlev_2021	FALSE	Animalia	Arthropoda	Insecta	Lepidoptera	Metarbelidae	https://doi.org/10.37828/em.2021.44.6
598			accepted	species	Lê Lợi	Marcopoloia leloi	Yakovlev & Zolotuhin, 2021	2021	Yakovlev_2021	FALSE	Animalia	Arthropoda	Insecta	Lepidoptera	Metarbelidae	https://doi.org/10.37828/em.2021.44.6
599			accepted	species	Inca Roca	Maymena roca	Baert, 1990	1990		FALSE	Animalia	Arthropoda	Arachnida	Araneae	Mysmenidae	
600			accepted	species	Rumi: named honour of Ya Hazrat i Mawlana Jalaludin Muhamad Rumi (1207–1273), well-known Persian poet, jurist, theologian, and Sufi mystic	Medeotrogus rumii	Sehnal, 2021	2021		FALSE	Animalia	Arthropoda	Insecta	Coleoptera	Scarabaeidae	
601			accepted	species	Shams Tabrizi: named in honour of Shams-i-Tabrizi (1185–1247), wandering dervish, spiritual instructor and friend of Ya Hazrat i Mawlana Jalaludin Muhamad Rumi	Medeotrogus shamsi	Sehnal, 2021	2021		FALSE	Animalia	Arthropoda	Insecta	Coleoptera	Scarabaeidae	
602			accepted	species	Huáscar	Megachile huascari	Cockerell, 1912	1912	Cockerell_1912	FALSE	Animalia	Arthropoda	Insecta	Hymenoptera	Megachilidae	https://doi.org/10.1080/00222931208693263
603			accepted	species	Thomas Jefferson: Great claw	Megalonyx jeffersonii	Desmarest, 1822	1822	Jefferson_1799	TRUE						https://doi.org/10.2307/1005103
604			accepted	subspecies	El Cid: Dedicated to Don Rodrigo Díaz de Vivar, an 11th century Castilian warrior (1048-1099 AD) known since his time as the Cid Campeador	Megantereon cultridens roderici	Arribas & Garrido, 2008	2008		TRUE						
605			accepted	species	Mithridates VI Eupator: named for King Mithridates VI of Pontus (120–63 BC), who regularly ingested nonlethal amounts of poison to build up an immunity	Megaselia mithridatesi	Hash, 2014	2014	Hash_2014	FALSE	Animalia	Arthropoda	Insecta	Diptera	Phoridae	https://doi.org/10.4289/0013-8797.116.3.273
606			accepted	species	Aspasia	Megarhogas aspasiae	Kittel, 2016	2016		FALSE	Animalia	Arthropoda	Insecta	Hymenoptera	Braconidae	
607			accepted	species	Bao Zheng (a.k.a. Bao Gong): The species name is derived from a historical personage, Baogong, a minister in Song dynasty of China famous as a representative of justice, whose drama role named Heimian (black head), a special facial sketch in Chinese opera. We name the new species after Baogong because of its completely blackish head	Megischus baogong	Ge & Tan, 2022	2022	Ge_2022	FALSE						https://doi.org/10.3897/jhr.91.85373
608			accepted	species	Jayavarman II: is derived from Jayavarman II who is generally recognised as the founder of the Khmer Empire, the dominant civilisation on the Southeast Asian mainland until the mid 15th century	Mekongbathynella jayavarmani	Park, 2021	2021	Park_2021	FALSE						https://doi.org/10.1080/00222933.2021.1936677
609			accepted	species	Jayavarman VII: is derived from Jayavarthon, the civil-name of Jayavarman VII, who is generally recognised as the most powerful king of the Khmer Empire	Mekongbathynella jayavarthoni	Park, 2021	2021	Park_2021	FALSE						https://doi.org/10.1080/00222933.2021.1936677
610			accepted	species	Leonardo da Vinci	Melychiopharis davincii	Dupérré & Tapia, 2024	2024	DUP_RR__2024	FALSE	Animalia	Arthropoda	Arachnida	Araneae	Araneidae	https://doi.org/10.11646/zootaxa.5555.1.5
611			accepted	genus	Mencius: Mencius's bird	Mengciusornis	Wang, O'Connor, Zhou & Zhou, 2019	2019	Wang_2019	TRUE						https://doi.org/10.1080/14772019.2019.1682696
612			accepted	species	Brothers Grimm: The species is dedicated to Jacob and Wilhelm Grimm, who collected and published the German folklore, and made dwarfs famous, for example in the fairytale Snow White	Meoneura grimmorum	Stuke & Freidberg, 2017	2017		FALSE	Animalia	Arthropoda	Insecta	Diptera	Carnidae	
613			accepted	species	Jonathan Swift: demonstrated in... Gulliver's Travels, that small individuals might be very important	Meoneura swifti	Stuke, 2016	2016	STUKE_2016	FALSE	Animalia	Arthropoda	Insecta	Diptera	Carnidae	https://doi.org/10.11646/zootaxa.4084.4.5
614			accepted	species	Anawrahta	Mesernobius anawrahtai	Engel, 2010	2010		TRUE	Animalia	Arthropoda	Insecta	Coleoptera	Scirtidae	
615			accepted	species	Maria Gaetana Agnesi	Mesochorus agnesiae	Kittel, 2016	2016		FALSE	Animalia	Arthropoda	Insecta	Hymenoptera	Ichneumonidae	
616			accepted	species	Nicolaus Copernicus: To the Great Founder	Metacasca copernici	Girault, 1936	1936	Hayat_1994	FALSE	Animalia	Arthropoda	Insecta	Hymenoptera	Aphelinidae	https://doi.org/10.1080/00305316.1994.10432297
617			accepted	species	Ismail Samani: named in memory of Ismail Samani, the leader of the first nation of the Tajiks	Metacryptoseius samanii	Joharchi & Tavakal, 2023	2023	Joharchi_2023	FALSE						https://doi.org/10.24349/91wf-3uv6
618			accepted	species	El Greco	Microchilo elgrecoi	Błeszyński, 1966	1966		FALSE	Animalia	Arthropoda	Insecta	Lepidoptera	Crambidae	
619			accepted	species	Bartolomé Esteban Murillo	Microchilo murilloi	Błeszyński, 1966	1966		FALSE	Animalia	Arthropoda	Insecta	Lepidoptera	Crambidae	
620			accepted	species	Gajah Mada: honors the military leader and hero Gadjah Mada, who in the fourteenth century unified the whole of the Nusantara (i.e., Malay Archipelago) under the Javanese rule of the Hindu Majapahit Empire	Microhyla gadjahmadai	Atmaja et al., 2018	2018	Atmaja_2025	FALSE	Animalia	Chordata	Amphibia	Anura	Microhylidae	https://doi.org/10.14203/treubia.v45i0.3625
621			accepted	species	Lautaro: after Lautaro (1535–1557), important toqui (war-chief) of the Mapuche who defeated Pedro de Valdivia in the Battle of Tucapel in 1553 and remains a symbol of the struggle for freedom of the indigenous peoples of Chile	Miomelon lautaroi	Nielsen & Frassinetti, 2007	2007		TRUE	Animalia	Mollusca	Gastropoda	Neogastropoda	Volutidae	
622			accepted	species	Pelantaro: after Pelantaro, cacique (chief) of the Mapuche, who drove the Spaniards out of southern Chile in 1598	Miomelon pelantaroi	Nielsen & Frassinetti, 2007	2007		TRUE	Animalia	Mollusca	Gastropoda	Neogastropoda	Volutidae	
623			accepted	species	Confucius	Mirina confucius	Zolotuhin & Witt, 2000	2000		FALSE	Animalia	Arthropoda	Insecta	Lepidoptera	Endromidae	
624			accepted	species	Kamehameha I	Mitra kamehameha	Pilsbry, 1921	1921		FALSE	Animalia	Mollusca	Gastropoda	Neogastropoda	Mitridae	
625			accepted	species	Enriquillo: refers to Enriquillo, the Taino chief of the 1519 rebellion against Spanish subjugation	Modisimus enriquillo	Huber & Fischer, 2010	2010	HUBER_2010	FALSE	Animalia	Arthropoda	Arachnida	Araneae	Pholcidae	https://doi.org/10.1111/j.1096-3642.2009.00559.x
626			accepted	species	François Mackandal: refers to Makandal, a famous Maroon, or runaway slave, who tried to organize a mass slave uprising, but was betrayed and burned at the stake in 1758	Modisimus makandal	Huber & Fischer, 2010	2010	HUBER_2010	FALSE	Animalia	Arthropoda	Arachnida	Araneae	Pholcidae	https://doi.org/10.1111/j.1096-3642.2009.00559.x
627			accepted	species	Cuauhtémoc: in honor of the last Aztec emperor, originally from the municipality of Ixcateopan, where the attack by this species of Monoctenus [on weeping juniper trees] occurred, and the mountain range where the infestations are located is known as the Cuauhtémoc mountain range	Monoctenus cuauhtemoci	De Lira, 2022	2022	De_Lira_Ramos_2022	FALSE						https://doi.org/10.29298/rmcf.v13i69.1093
628			accepted	species	Muadh ibn Jabal: named after the friend of Prophet Mohammed, Moath Ebn Jabal who was sent to Yemen to distribute Islam	Monomorium moathi	Sharaf & Collingwood, 2010	2010	Aldawood_2010	FALSE	Animalia	Arthropoda	Insecta	Hymenoptera	Formicidae	https://doi.org/10.21608/eajbsa.2010.15187
629			accepted	species	Manco Cápac	Monstrobovella mancocapaci	Kontschán, Ermilov & Friedrich, 2024	2024	Kontsch_n_2024	FALSE						https://doi.org/10.3897/zookeys.1205.125164
630			accepted	species	Hafez: Refers to Khwāja Shams-ud-Dīn Muḥammad Ḥāfeẓ-e Shīrāzī, the Persian poet known as Hafez and as "Hafiz" (born in 1315 ACE in Shiraz; died in 1390 ACE in the same city; buried in Tomb Hafez, Shiraz). He is famous for his lyrical poems, and his major work is Divān of Hafez	Moyeria hafezii	Ghavidel-Syooki & Piri-Kangarshahi, 2021	2021		TRUE	Protozoa	Euglenozoa				
631			accepted	genus	Wolfgang Amadeus Mozart	Mozartella	Girault, 1926	1926		FALSE	Animalia	Arthropoda	Insecta	Hymenoptera	Encyrtidae	
632			accepted	species	Hypatia	Multithecopora hypatiae	Wilson, 1963	1963		TRUE						
633			accepted	species	Oliver Goldsmith	Muscideopsis goldsmithii	Girault, 1915	1915		FALSE	Animalia	Arthropoda	Insecta	Hymenoptera	Moranilidae	
634			accepted	species	Benjamin Franklin: pertaining to Benjamin Franklin, famous USA statesman and scientist from Pennsylvania where the first isolates originated	Mycobacterium franklinii	Nogueira et al., 2015	2015	Louren_o_Nogueira_2015	FALSE	Bacillati	Actinomycetota	Actinomycetes	Mycobacteriales	Mycobacteriaceae	https://doi.org/10.1099/ijs.0.000234
635			accepted	species	Simón Bolívar	Myrmecium bolivari	Candiani & Bonaldo, 2017	2017	CANDIANI_2017	FALSE	Animalia	Arthropoda	Arachnida	Araneae	Corinnidae	https://doi.org/10.11646/zootaxa.4230.1.1
636			accepted	species	Dong Qichang	Myrmica dongi	Chen, Zhou & Huang, 2016	2016	Zhou_2016	FALSE	Animalia	Arthropoda	Insecta	Hymenoptera	Formicidae	https://doi.org/10.3897/zookeys.551.6005
637			accepted	species	Huaisu	Myrmica huaii	Chen, Zhou & Huang, 2016	2016	Zhou_2016	FALSE	Animalia	Arthropoda	Insecta	Hymenoptera	Formicidae	https://doi.org/10.3897/zookeys.551.6005
638			accepted	species	Liu Gongquan	Myrmica liui	Chen, Zhou & Huang, 2016	2016	Zhou_2016	FALSE	Animalia	Arthropoda	Insecta	Hymenoptera	Formicidae	https://doi.org/10.3897/zookeys.551.6005
639			accepted	species	Mi Fu	Myrmica mifui	Chen, Zhou & Huang, 2016	2016	Zhou_2016	FALSE	Animalia	Arthropoda	Insecta	Hymenoptera	Formicidae	https://doi.org/10.3897/zookeys.551.6005
640			accepted	species	Ouyang Xun	Myrmica oui	Chen, Zhou & Huang, 2016	2016	Zhou_2016	FALSE	Animalia	Arthropoda	Insecta	Hymenoptera	Formicidae	https://doi.org/10.3897/zookeys.551.6005
641			accepted	species	Wang Xizhi	Myrmica wangi	Chen, Zhou & Huang, 2016	2016	Zhou_2016	FALSE	Animalia	Arthropoda	Insecta	Hymenoptera	Formicidae	https://doi.org/10.3897/zookeys.551.6005
642			accepted	species	Yan Zhenqing	Myrmica yani	Chen, Zhou & Huang, 2016	2016	Zhou_2016	FALSE	Animalia	Arthropoda	Insecta	Hymenoptera	Formicidae	https://doi.org/10.3897/zookeys.551.6005
643			accepted	species	Cyrus the Great: named in memory of Cyrus the Great (Old Persian: Kuruš; c. 600 BC or 576 BC–530 BC) was the first Achaemenian Emperor of Persia, as the "father of the Iranian nation", who issued a decree on his aims and policies, later hailed as his charter of the rights of nations	Myrmozercon cyrusi	Ghafarian & Joharchi, 2013	2013	Ghafarian_2013	FALSE						https://doi.org/10.3897/zookeys.272.4404
644			accepted	species	Viracocha Inca	Mysmenopsis viracocha	Baert, 1990	1990		FALSE	Animalia	Arthropoda	Arachnida	Araneae	Mysmenidae	
645			accepted	species	Pachacuti	Mysmenopsis pachacutec	Baert, 1990	1990		FALSE	Animalia	Arthropoda	Arachnida	Araneae	Mysmenidae	
646			accepted	species	Topa Inca Yupanqui	Mysmenopsis yupanqui	Baert, 1990	1990		FALSE	Animalia	Arthropoda	Arachnida	Araneae	Mysmenidae	
647			accepted	species	Huayna Capac	Mysmenopsis capac	Baert, 1990	1990		FALSE	Animalia	Arthropoda	Arachnida	Araneae	Mysmenidae	
648			accepted	species	Huáscar	Mysmenopsis huascar	Baert, 1990	1990		FALSE	Animalia	Arthropoda	Arachnida	Araneae	Mysmenidae	
649			accepted	species	Atahualpa	Mysmenopsis atahualpa	Baert, 1990	1990		FALSE	Animalia	Arthropoda	Arachnida	Araneae	Mysmenidae	
650			accepted	species	Cyrus the Great	Mystus cyrusi	Esmaeili et al., 2022	2022	ESMAEILI_2022	FALSE	Animalia	Chordata	Teleostei	Siluriformes	Bagridae	https://doi.org/10.11646/zootaxa.5099.3.2
651			accepted	genus	Napoleon	Napoleonaea	P.Beauv.			FALSE	Plantae	Tracheophyta	Magnoliopsida	Ericales	Lecythidaceae	
652			accepted	species	Frederick I, Holy Roman Emperor: Named in honour of the German Holy Roman Emperor Frederick I Barbarossa, who occupied Karaman in 1190 AD	Nassarius barbarossai	Landau, Harzhauser, İslamoğlu & Marques da Silva 2013	2013		TRUE	Animalia	Mollusca	Gastropoda	Neogastropoda	Nassariidae	
653			accepted	species	Cleopatra VII: brilliant" Queen of Egypt, comparing her "legendary beauty" to this loach's "elegant and beautiful	Nemacheilus cleopatra	Freyhof & Serov, 2001	2001		FALSE	Animalia	Chordata	Teleostei	Cypriniformes	Nemacheilidae	
654			accepted	species	Huayna Capac: The name commemorates King , father of the last Inca kings, Huascar and Atahuallpa	Nemastylis huyanae	J.F.Macbr.			FALSE	Plantae	Tracheophyta	Liliopsida	Asparagales	Iridaceae	
655			accepted	subspecies	Muhammad XI of Granada	Nemoptera bipennis boabdili	Aistleitner, 1984	1984		FALSE	Animalia	Arthropoda	Insecta	Neuroptera	Nemopteridae	
656			accepted	species	Moses Mendelssohn: After Moses Mendelssohn, a great German-Jewish philosopher, otherwise the grandfather of the famous composer Jacob Ludwig Felix Mendelssohn-Bartholdy	Neobisium mendelssohni	Ćurčić & Ćurčić, 2002	2002		FALSE	Animalia	Arthropoda	Arachnida	Pseudoscorpiones	Neobisiidae	
657			accepted	species	Cleopatra VII	Neoguillauminia cleopatra	(Baill., 1862) Croizat	1862		FALSE	Plantae	Tracheophyta	Magnoliopsida	Malpighiales	Euphorbiaceae	
658			accepted	species	Galileo Galilei: We name this species in honour [of] Galileo Galilei. It has been 400 years since he invented the telescope, a major step for our knowledge of the Universe and a symbol of discovery	Neogutierrezia galileoi	Ocampo & Ruiz-Manzanos, 2010	2010	Ocampo_2010	FALSE	Animalia	Arthropoda	Insecta	Coleoptera	Scarabaeidae	https://doi.org/10.1071/IS09035
659			accepted	species	Christoph Willibald Gluck	Neomphaloidella glucki	Girault, 1915	1915		FALSE	Animalia	Arthropoda	Insecta	Hymenoptera	Eulophidae	
660			accepted	species	Friedrich Schiller	Neomphaloidella schilleri	Girault, 1915	1915		FALSE						
661			accepted	subspecies	Francis of Assisi: We name the new subspecies in honor of Saint Francis of Assisi, known for kindness to animals and a love of natural beauty	Neonympha mitchellii francisci	Parshall & Kral, 1989	1989		FALSE	Animalia	Arthropoda	Insecta	Lepidoptera	Nymphalidae	
662			accepted	species	Ranavalona I	Nesolestes ranavalona	Schmidt, 1951	1951		FALSE	Animalia	Arthropoda	Insecta	Odonata	Argiolestidae	
663			accepted	species	Sir Walter Raleigh: For Sir Walter Raleigh, whose name was adopted for the world-wide sailing expedition	Nihoa raleighi	Raven, 1994	1994		FALSE	Animalia	Arthropoda	Arachnida	Araneae	Barychelidae	
664			accepted	species	Cleopatra VII	Nomada cleopatra	Schwarz, 1989	1989		FALSE	Animalia	Arthropoda	Insecta	Hymenoptera	Apidae	
665			accepted	species	Amerigo Vespucci: The specific patronym of the extinct rodent refers to Amerigo Vespucci's disputed landfall on Fernando de Noronha in 1503 and his possible sighting of "very large rats" on that island. If the species Noronhomys vespuccii were alive in 1503, it became extinct shortly thereafter due to the usual anthropogenic causes that have extirpated so many vertebrate species on islands	Noronhomys vespuccii	Carleton and Olson, 1999	1999		TRUE	Animalia	Chordata	Mammalia	Rodentia	Cricetidae	
666			accepted	species	John Cook (pirate): named after John Cook, a buccaneer who is reputed to have used the island as a refuge	Nothopsocus cooki	Thornton & New, 1981	1981	New_2004	FALSE	Animalia	Arthropoda	Insecta	Psocodea	Elipsocidae	https://doi.org/10.1071/is03019
667			accepted	species	Daniel Defoe	Nothopsocus defoei	Thornton & New, 1981	1981	New_2004	FALSE	Animalia	Arthropoda	Insecta	Psocodea	Elipsocidae	https://doi.org/10.1071/is03019
668			accepted	species	Alexander Selkirk	Nothopsocus selkirki	Thornton & New, 1981	1981	New_2004	FALSE	Animalia	Arthropoda	Insecta	Psocodea	Elipsocidae	https://doi.org/10.1071/is03019
669			accepted	species	Anacaona: Named after a female Taino indigenous cacique who ruled the island of Hispaniola in 1492	Notocyphus anacaona	Rodriguez & Pitts, 2012	2012	WAICHERT_2012	FALSE	Animalia	Arthropoda	Insecta	Hymenoptera	Pompilidae	https://doi.org/10.11646/zootaxa.3353.1.1
670			accepted	species	Tadeusz Kościuszko: named after Tadeusz Kościuszko, who promoted Liberty for the United States and his home country of Poland in the late 1700s. The species name is also in recognition of the Kościuszko Foundation, which promotes academic exchanges between the two nations	Octactis kosciuszkoi	McCartney, 2022	2022	McCartney_2022	TRUE						https://doi.org/10.1016/j.marmicro.2022.102108
671			accepted	species	Friedrich Heinrich Jacobi	Odontembia jacobi	Miller, 2008	2008	MILLER_2008	FALSE	Animalia	Arthropoda	Insecta	Embioptera	Embiidae	https://doi.org/10.11646/zootaxa.1723.1.4
672			accepted	species	Pocahontas	Odostomia pocahontasae	Henderson & Bartsch, 1914	1914		FALSE	Animalia	Mollusca	Gastropoda		Pyramidellidae	
673			accepted	species	Darius the Great: named after Darius I, who is more commonly known as Darius the Great. He was the third King of Kings of the Achaemenid Empire and reigned from 522 BCE until his death in 486 BCE. During his rule, the empire reached its territorial peak	Oecobius dariusi	Zamani & Marusik, 2023	2023	Zamani_2023	FALSE	Animalia	Arthropoda	Arachnida	Araneae	Oecobiidae	https://doi.org/10.1080/00222933.2023.2272356
674			accepted	species	Ferdowsi: named after Abul-Qasim Ferdowsi Tusi (c. 940–1020), a Persian poet and the author of Shahnameh, the national epic of the Greater Iran	Oecobius ferdowsii	Mirshamsi, Zamani & Marusik, 2017	2017	Zamani_2017	FALSE	Animalia	Arthropoda	Arachnida	Araneae	Oecobiidae	https://doi.org/10.1080/00305316.2017.1283257
675			accepted	species	Francisco Maldonado da Silva and Pope Francis: dedicated to 2 Franciscos: the surgeon Francisco Maldonado da Silva (San Miguel de Tucumán, 1592–Lima, 1639); and the current Pope of the Catholic Church, Francisco (Jorge Mario Bergoglio; Buenos Aires, 1936). Maldonado da Silva was persecuted and burned by the Inquisition because he defended his freedom to practice the Jewish religion. Pope Francisco is championing a powerful discourse of understanding and reconciliation; in addition, his Encyclical Laudato si (the "Green Encyclical" 24 May 2015) is viewed as a strong document in defense of the environment. The conjunction of both "Franciscos" in this specific epithet reflects our hope for a more inclusive and peaceful world	Oecomys franciscorum	Pardiñas et al., 2016	2016	Pardi_as_2016	FALSE	Animalia	Chordata	Mammalia	Rodentia	Cricetidae	https://doi.org/10.1093/jmammal/gyw070
676			accepted	species	Ferdowsi: named in honor of Abul-Qāsem Ferdowsi [...] a highly revered Persian poet and the author of the epic of Shahnameh (the Persian "Book of Kings"), which is the world's longest epic poem created by a single poet, and the national epic of Iran and the Persian-speaking world	Oelschlaegera ferdowsii	Fekrat, Hosseininejad, Derakhshan & Minaei, 2016	2016	FEKRAT_2016	FALSE	Animalia	Arthropoda	Insecta	Thysanoptera	Thripidae	https://doi.org/10.11646/zootaxa.4105.3.6
677			accepted	genus	Offa of Mercia: Generic name (Latin) after Offa, eighth century king of Mercia and colus, dwelling among, alluding, hereabouts, to Offa's dyke	Offacolus	Orr et al., 2000	2000	Orr_2000	TRUE						https://doi.org/10.1098/rspb.2000.1170
678			accepted	species	Hannibal: named after the daring Punic general Hannibal. Hannibal was best known for his spectacular, but also costly campaign with 40 war elephants in 218 BC from Spain, France across the Alps to Italy. In 202 BC, the Roman Empire was finally victorious over Hannibal at Carthage (Carthage, today part of the Tunisian capital Tunis). It was only with the victory over Hannibal that Rome gained supremacy in the western Mediterranean. The city of Carthage was finally razed to the ground in the Third Punic War (146 BC), the inhabitants expelled or taken into slavery by Rome. Let us hope that the last Ceratonia forests on Jebel Zaghouan, and with them the new species Onyxacalles hannibali, will not meet a similar fate in the progressive destruction of the last intact biotopes in central Tunisia!	Onyxacalles hannibali	Germann, 2004	2004		FALSE	Animalia	Arthropoda	Insecta	Coleoptera	Curculionidae	
679			accepted	species	Charles-Irénée Castel de Saint-Pierre	Ooctonus saintpierrei	Girault, 1913	1913		FALSE	Animalia	Arthropoda	Insecta	Hymenoptera	Mymaridae	
680			accepted	species	Simón Bolívar	Oocyclus bolivari	Short & García, 2010	2010	SHORT_2010	FALSE	Animalia	Arthropoda	Insecta	Coleoptera	Hydrophilidae	https://doi.org/10.11646/zootaxa.2635.1.1
681			accepted	species	Gottfried Wilhelm Leibniz: Named in honour of Gottfried Wilhelm Leibniz (1646–1716) on the occasion of [the 300th anniversary of his death]. The Zoologisches Forschungsmuseum Alexander Koenig in which this study was done is part of the Leibniz Association, named after Leibniz	Oodera leibnizi	Werner & Peters, 2018	2018	Werner_2018	FALSE	Animalia	Arthropoda	Insecta	Hymenoptera	Ooderidae	https://doi.org/10.3897/jhr.63.12754
682			accepted	species	Ferdowsi: The species name is dedicated to Ferdowsi, the great ancient Iranian poet, and also refers to Ferdows, where the type series were collected	Ooencyrtus ferdowsii	Ebrahimi & Noyes, 2015	2015	Ebrahimi_2014	FALSE	Animalia	Arthropoda	Insecta	Hymenoptera	Encyrtidae	https://doi.org/10.1080/09397140.2014.985503
683			accepted	species	Hugo Grotius	Ootetrastichus grotiusi	Girault, 1913	1913		FALSE						
684			accepted	genus	Oppas	Opas	O. Pickard-Cambridge, 1895	1895	Ballesteros_2021	FALSE						https://doi.org/10.1071/IS21029
685			accepted	species	Hugo Grotius	Opheliminus grotii	Girault, 1913	1913		FALSE	Animalia	Arthropoda	Insecta	Hymenoptera	Eulophidae	
686			accepted	species	Kamehameha I	Orchestina kamehameha	Izquierdo, 2017	2017	Izquierdo_2017	FALSE	Animalia	Arthropoda	Arachnida	Araneae	Oonopidae	https://doi.org/10.1206/0003-0090-410.1.1
687			accepted	species	Manco Cápac: The specific name is a noun in apposition taken from Manco Cápac, the first governor and founder of the Inca culture in Cusco	Orchestina mancocapac	Izquierdo, 2017	2017	Izquierdo_2017	FALSE	Animalia	Arthropoda	Arachnida	Araneae	Oonopidae	https://doi.org/10.1206/0003-0090-410.1.1
688			accepted	species	Koxinga	Orolestes koxingai	Chen, 1950	1950		FALSE	Animalia	Arthropoda	Insecta	Odonata	Lestidae	
689			accepted	species	Moctezuma II	Ortyx montezumae	Vigors, 1830	1830		FALSE	Animalia	Chordata	Aves	Galliformes	Odontophoridae	
690			accepted	species	Cyrus the Great	Oscheius cyrus	Kuhestani, Karimi, Shokoohi & Makhdoumi, 2022	2022	Kuhestani_2022	FALSE	Animalia	Nematoda	Chromadorea	Rhabditida	Rhabditidae	https://doi.org/10.1017/S0022149X22000529
691			accepted	genus	Ovid	Ovidia	Meisn.			FALSE	Animalia	Arthropoda	Insecta	Hymenoptera	Torymidae	
692			accepted	subspecies	Marco Polo: Then there are sheep here as big as asses; and their tails are so large and fat, that one tail shall weigh some 30 lb. They are fine fat beasts, and afford capital mutton	Ovis ammon polii	Blyth, 1841	1841		FALSE	Animalia	Chordata	Mammalia	Artiodactyla	Bovidae	
693			accepted	species	José María Morelos: The specific epithet honours the Insurgent José María Morelos y Pavón (1765-1815). There are two reasons for this: first, his participation in the Mexican War of Independence; and second, because the plant was found in the mountainous region south of Morelia (formerly Valladolid), the city where J. M. Morelos y Pavón was born	Oxalis morelosii	Pérez-Calix		P_rez_Calix_2009	FALSE	Plantae	Tracheophyta	Magnoliopsida	Oxalidales	Oxalidaceae	https://doi.org/10.21829/abm89.2009.307
694			accepted	species	Tecumseh	Oxyacodon tecumsae	Van Valen, 1978	1978		TRUE						
695			accepted	species	Atahualpa	Oxytrechus atahualpai	Giachino & Allegro, 2021	2021	Giachino_2021	FALSE	Animalia	Arthropoda	Insecta	Coleoptera	Carabidae	https://doi.org/10.18476/insy.v02.a3
696			accepted	species	Galvarino: after Galvarino, chief of the Mapuche. Galvarino fled from Spanish captivity after both his hands were severed, to continue his struggle against the invaders	Pachycymbiola galvarinoi	Nielsen & Frassinetti, 2007	2007		TRUE	Animalia	Mollusca	Gastropoda	Neogastropoda	Volutidae	
697			accepted	species	Immanuel Kant: named in honour of great German philosopher Immanuel Kant, who was born, lived and died in Königsberg (= Kaliningrad), where he was buried	Palaeorhoptrocentrus kanti	Belokobylskij, 2023	2023	BELOKOBYLSKIJ_2023	TRUE						https://doi.org/10.11646/zootaxa.5249.5.4
698			accepted	species	Francisco de Goya	Palmanura goyai	Palacios-Vargas & Simón-Benito, 2009	2009	Palacios_Vargas_2009	FALSE	Animalia	Arthropoda	Collembola	Poduromorpha	Neanuridae	https://doi.org/10.2317/JKES0704-03.1
699			accepted	species	Hieronymus Bosch	Palmanura hieronimus	Palacios-Vargas & Simón-Benito, 2009	2009		FALSE	Animalia	Arthropoda	Collembola	Poduromorpha	Neanuridae	
700			accepted	species	Narsinh Mehta: The specific epithet is dedicated to the great Indian poet saint, Narsinh Mehta. His belief in equality can be understood by his one of the famous poetry 'Vaishnav jan to', which became inspiration for Mahatma Gandhi	Palpimanus narsinhmehtai	Prajapati, Hun & Raval, 2021	2021	Prajapati_2021	FALSE	Animalia	Arthropoda	Arachnida	Araneae	Palpimanidae	https://doi.org/10.15298/arthsel.30.4.09
701			accepted	species	Confucius	Pamphila confucius	Felder & Felder, 1862	1862		FALSE	Animalia	Arthropoda	Insecta	Lepidoptera	Hesperiidae	
702			accepted	species	Policarpa Salavarrieta: in honour of Policarpa Salavarrieta (1795–1817), known as La Pola, a heroine who gave her life for Colombian independence. The Day of the Colombian Woman commemorates her legacy on the 26th of January every year [sic; it's actually the 14th of November, the anniversary of her death]	Pamphobeteus lapola	Sherwood, Gabriel, Brescovit & Lucas, 2022	2022	Sherwood_2022	FALSE	Animalia	Arthropoda	Arachnida	Araneae	Theraphosidae	https://doi.org/10.13156/arac.2022.19.3.650
703			accepted	species	Cleopatra VII	Papilio cleopatra	Linnaeus, 1767	1767		FALSE	Animalia	Arthropoda	Insecta	Lepidoptera	Papilionidae	
704			accepted	species	Moctezuma II	Papilio montezuma	Westwood, 1842	1842		FALSE	Animalia	Arthropoda	Insecta	Lepidoptera	Papilionidae	
705			accepted	species	Johann Wolfgang von Goethe	Paraceratoneura goethei	Girault, 1915	1915		FALSE	Animalia	Arthropoda	Insecta	Hymenoptera	Eulophidae	
706			accepted	species	Atahualpa: The species name [...] is in reference to Atahualpa who reigned from 1515 to 1533 as the last ruler of the Inca Empire that encompassed the region from which the population samples of this species originated	Paracetopsis atahualpa	Vari, Ferraris & de Pinna, 2005	2005	Vari_2005	FALSE	Animalia	Chordata	Teleostei	Siluriformes	Cetopsidae	https://doi.org/10.1590/s1679-62252005000200001
707			accepted	species	Rumi: Named for Jalal ad-Din Muhammad Balkhi, also known as Jalal ad-Din Muhammad Rumi or simply Mowlavi, Molavi and Rumi, a Persian poet, jurist, theologian, and Sufi mystic	Paracobitis molavii	Freyhof, Esmaeili, Sayyadzadeh & Geiger, 2014	2014		FALSE	Animalia	Chordata	Teleostei	Cypriniformes	Nemacheilidae	
708			accepted	species	Andrianampoinimerina: Named for Malagasy King Andrianampoinimerina (also Nampoina; died in 1810), a remarkable organizer and administrator who developed a complex social system and administrative structure without benefit of written records and therefore of bureaucracy	Paramicromerys nampoinai	Huber, 2003	2003	HUBER_2003	FALSE	Animalia	Arthropoda	Arachnida	Araneae	Pholcidae	https://doi.org/10.1046/j.1096-3642.2003.00046.x
709			accepted	species	Al-Biruni: After Abu al-Rayhan Muhammad ibn Ahmad al-Biruni (973-1048), a Persian Muslim scholar and polymath from the Khwarezm region	Paratirolites birunii	Korn et al., 2015	2015		TRUE	Animalia	Mollusca	Cephalopoda	Ammonoidea	Dzhulfitidae	
710			accepted	species	Voltaire	Paratrigonogastra voltairei	Girault, 1915	1915		FALSE	Animalia	Arthropoda	Insecta	Hymenoptera	Pteromalidae	
711			accepted	species	Daniel Defoe: dedicated to the famous English writer, Daniel Defoe (1660–1731), author of the novel Robinson Crusoe. It is based on the true story of Alexander Selkirk, a Scottish sailor who spent four years and four months as a castaway, when he was marooned on the uninhabited island of Masatierra, later re-named Robinson Crusoe Island	Parisopalpus defoei	Švihla & Ramírez Fischer, 2012	2012	_VIHLA_2012	FALSE						https://doi.org/10.11646/zootaxa.3394.1.3
712			accepted	species	Pythagoras: species name relates to the presence, in the sclerotized structures, of peculiar right-angled triangles, to which Pythagoras' (Samos, 571-496 B.C.) most famous theorem refers	Parotoplana pythagorae	Delogu & Curini-Galletti, 2007	2007	DELOGU_2007	FALSE	Animalia	Platyhelminthes		Proseriata	Otoplanidae	https://doi.org/10.11646/zootaxa.1529.1.2
713			accepted	species	Cleopatra VII	Paroxyna cleopatra	Hering, 1937	1937		FALSE	Animalia	Arthropoda	Insecta	Diptera	Tephritidae	
714			accepted	species	Valeria Messalina	Paroxyna messalina	Hering, 1937	1937		FALSE	Animalia	Arthropoda	Insecta	Diptera	Tephritidae	
715			accepted	species	Yawar Waqaq	Paryphostomum huaccaci	Ibáñez, 1974	1974	Ib_ez_H__1974	FALSE	Animalia	Platyhelminthes	Trematoda	Plagiorchiida	Echinostomatidae	https://doi.org/10.15381/rpb.v1i1.8405
716			accepted	species	Thomas Jefferson	Pecten jeffersonius	Say, 1824	1824		TRUE	Animalia	Mollusca	Bivalvia	Pectinida	Pectinidae	
717			accepted	genus	Pelagius of Asturias	Pelayo	O. Pickard-Cambridge, 1895	1895		FALSE						
718			accepted	species	Galileo Galilei: Named in honor of Galilei who first discovered rings around the planet Saturn	Pentadinium galileoi	Sancay, Bati, Edwards & Ertug, 2006	2006	Sancay_2006	TRUE						https://doi.org/10.2113/gsmicropal.52.6.537
719			accepted	genus	Pericles: Flllowing Klotzsch's custom of naming genera of Vacciniaceae after historical figures [see, for example, Caligula, Psammisia, Socratesia, Sophoclesia, Themistoclesia, also in this list], this genus is dedicated to the Greek statesman Pericles	Periclesia	A.C.Sm.			FALSE	Plantae	Tracheophyta	Magnoliopsida	Ericales	Ericaceae	
720			accepted	species	Ahmad Yasawi: The species name is dedicated to Khodja Ahmed Yasawi, a Turkic poet and Sufi, whose mausoleum is in Turkestan city, less than 40 km from the type locality	Perigrapha yasawii	Volynkin, Titov & Knyazev, 2014	2014	VOLYNKIN_2014	FALSE						https://doi.org/10.11646/zootaxa.3856.2.8
721			accepted	species	Joseph Haydn: Named after the great [composer], Joseph Haydn, who worked in Eisenstadt	Petrolisthes haydni	Müller, 1984	1984		TRUE	Animalia	Arthropoda	Malacostraca	Decapoda	Porcellanidae	
722			accepted	species	Julia the Younger	Phalaena agrippina	Cramer, 1776	1776		FALSE						
723			accepted	genus	Saint Phanourios	Phanourios	Sondaar & Boekschoten, 1972	1972		TRUE						
724			accepted	species	Johan Rudolph Thorbecke: It is unnecessary to recall here the titles of the learned professor and famous statesman whose name the beautiful species we have just mentioned is destined to bear. Minister of the Interior until the last few days, he sanctioned the work of our naturalist travellers in the Indies and showed a keen interest in our great national establishment	Phascogalea thorbeckiana	Schlegel, 1866	1866	Woolley_2005	FALSE						https://doi.org/10.3853/j.0067-1975.57.2005.1450
725			accepted	species	Servilia (mother of Brutus)	Pheidole servilia	Wilson, 2003	2003		FALSE	Animalia	Arthropoda	Insecta	Hymenoptera	Formicidae	
726			accepted	species	Henry Hellyer	Philotarsopsis hellyeri	Schmidt & New, 2008	2008		FALSE	Animalia	Arthropoda	Insecta	Psocodea	Philotarsidae	
727			accepted	species	Sunthorn Phu	Pholcus phui	Huber, 2011	2011	Huber_2018	FALSE	Animalia	Arthropoda	Arachnida	Araneae	Pholcidae	https://doi.org/10.3897/zookeys.789.22781
728			accepted	species	Ahuitzotl: The name alludes to the Mexica huey tlatoani Ahuizotl; given that during his government the architectural complex "Cuauhcalli" was built, an emblematic site in the region of Malinalco	Photinus ahuizotli	Zaragoza-Caballero & Domínguez-León, 2020	2020	Zaragoza_Caballero_2020	FALSE	Animalia	Arthropoda	Insecta	Coleoptera	Lampyridae	https://doi.org/10.22201/ib.20078706e.2020.91.3104
729			accepted	species	Tezozomoc: The specific epithet refers to the warrior Tezozómoc, ruler of Azcapotzalco, the municipality of what is now Mexico City, where the specimen was collected	Photinus tezozomoci	Zaragoza-Caballero & Domínguez-León, 2020	2020	Zaragoza_Caballero_2020	FALSE	Animalia	Arthropoda	Insecta	Coleoptera	Lampyridae	https://doi.org/10.22201/ib.20078706e.2020.91.3104
730			accepted	species	Date Masamune: The Japanese word "mikazuki" refers to the "crescent moon" shape of the warrior helmet worn by Samurai Masamune Date (1567 – 1636) of the Tohoku region who founded Sendai City [where the specimens were collected]. Vernacular "mikazuki no eboshi" (Japanese), "crescent helmet man-of-war" (English)	Physalia mikazuki	Yongstar, Ochiai & Lewis Ames, 2025	2025	Yongstar_2025	FALSE	Animalia	Cnidaria	Hydrozoa	Siphonophorae	Physaliidae	https://doi.org/10.3389/fmars.2025.1653958
731			accepted	species	Joseph Addison	Physcus addisoni	Girault, 1915	1915	Hayat_1984	FALSE	Animalia	Arthropoda	Insecta	Hymenoptera	Aphelinidae	https://doi.org/10.1080/00305316.1984.10432208
732			accepted	species	Alexander Pope	Physcus popei	Girault, 1915	1915	Hayat_1984	FALSE	Animalia	Arthropoda	Insecta	Hymenoptera	Aphelinidae	https://doi.org/10.1080/00305316.1984.10432208
733			accepted	species	Moctezuma II	Pinus montezumae	Lamb.			FALSE	Plantae	Tracheophyta	Pinopsida	Pinales	Pinaceae	
734			accepted	species	Tecun Uman: The taxon was first described in 1953 by a German forest entomologist, F. Schwerdtfeger, who had been appointed by FAO to investígate an epidemic of Dendroctonus sp. beetle which was devastating the pine forests of Guatemala. On arrival he found his work hampered by the lack of information on the taxonomy and distribution of the natural pine forests of the region, and was therefore forced to study the systematics of the local pines before commencing his entomological work. The Tecún Umán pine was the only species he encountered that he could not fit into the then existing classification systems. In 1953 Schwerdtfeger published a very full account of his new pine as P. tecumumanii (naming it after the last leader of the Quiche Indians in Guatemala who was killed in 1524 by Pedro de Alvarado of Spain during the conquest of the American Isthmus), clearly differentiating it from all the other local species	Pinus tecunumanii	F.Schwerdtf. ex Eguiluz & J.P.Perry			FALSE	Plantae	Tracheophyta	Pinopsida	Pinales	Pinaceae	
735			accepted	species	Isabel Godin des Odonais: an amazing piece of South American history that absolutely needed proper recognition	Pithecia isabela	Marsh, 2014	2014	Marsh_2014	FALSE	Animalia	Chordata	Mammalia	Primates	Pitheciidae	https://doi.org/10.1896/044.021.0101
736			accepted	genus	Plato: The genus name [...] honors the Greek philosopher in referring to the strikingly cubical egg sacs that characterize the genus, as well as their partiality for caves	Plato	Coddington, 1986	1986	Coddington_1986	FALSE	Animalia	Arthropoda	Arachnida	Araneae	Theridiosomatidae	https://doi.org/10.5479/si.00810282.422
737			accepted	genus	Plato	Platonia	Mart.			FALSE	Plantae	Tracheophyta	Magnoliopsida	Malpighiales	Clusiaceae	
738			accepted	species	Avicenna: After Ibn Sina (Lat. Avicenna), *980 Afschana (Bokhara), †1037 Hamadan; physician and philosopher, the most important transmitter of Greek philosophy to the Orient	Platyclymenia ibnsinai	Korn, 1999	1999		TRUE	Animalia	Mollusca	Cephalopoda	Ammonoidea	Platyclymeniidae	
739			accepted	species	Avicenna	Platyptilia avicennai	Ustjuzhanin & Kovtunovich, 2016	2016	2021	FALSE	Animalia	Arthropoda	Insecta	Lepidoptera	Pterophoridae	https://doi.org/10.25221/fee.423.2
740			accepted	species	Tecun Uman: for the Guatemalan national hero, Tecún Umán, the Quiché warrior prince who was killed in fierce hand-to-hand combat by Don Pedro de Alvarado on his march across the Guatemalan highlands	Plectrohyla tecunumani	Duellman & Campbell, 1984	1984	Duellman_1984	FALSE	Animalia	Chordata	Amphibia	Anura	Hylidae	https://doi.org/10.2307/1445196
741			accepted	species	Eratosthenes: To recognize the contribution made by Eratosthenes of Cyrene. He was a Greek mathematician, elegiac poet, athlete, geographer and astronomer. He was the first person to prove that the Earth was round and calculate the circumference of the earth (with remarkable accuracy)	Plesiolacerta eratosthenesi	Čerňanský & Augé, 2013	2013	_ER_ANSK__2013	TRUE						https://doi.org/10.1111/j.1475-4983.2012.01167.x
742			accepted	species	Sequoyah	Plethodon sequoyah	Highton, 1989	1989		FALSE	Animalia	Chordata	Amphibia	Caudata	Plethodontidae	
743			accepted	species	Topa Inca Yupanqui: Named in honor of the chieftain Inca Yupanki who built the stone buildings now lying in ruins east of Samaipata	Pleurothallis yupanki	Luer & Vásquez			FALSE	Plantae	Tracheophyta	Liliopsida	Asparagales	Orchidaceae	
744			accepted	species	Hugo Grotius	Pleurotropomyia grotiusi	Girault, 1913	1913		FALSE	Animalia	Arthropoda	Insecta	Hymenoptera	Eulophidae	
745			accepted	genus	Plutarch	Plutarchia	Girault, 1925	1925		FALSE	Plantae	Tracheophyta	Magnoliopsida	Ericales	Ericaceae	
746			accepted	species	Noah Worcester: Respectfully dedicated to Noah Worcester for his A Solemn Review of the Custom of War	Podagrion worcesteri	Girault, 1913	1913		FALSE	Animalia	Arthropoda	Insecta	Hymenoptera	Torymidae	
747			accepted	genus	Polyclitus	Polyclita	A.C.Sm.			FALSE	Plantae	Tracheophyta	Magnoliopsida	Ericales	Ericaceae	
748			accepted	species	Dante Alighieri	Polynema aligherini	Girault, 1915	1915		FALSE	Animalia	Arthropoda	Insecta	Hymenoptera	Mymaridae	
749			accepted	species	Benjamin Franklin	Polynema franklini	Girault, 1913	1913	TRIAPITSYN_2007	FALSE	Animalia	Arthropoda	Insecta	Hymenoptera	Mymaridae	https://doi.org/10.11646/zootaxa.1455.1.1
750			accepted	species	Georg Wilhelm Friedrich Hegel	Polynema hegeli	Girault, 1915	1915		FALSE	Animalia	Arthropoda	Insecta	Hymenoptera	Mymaridae	
751			accepted	species	Jean-Jacques Rousseau	Polynema rousseaui	Girault, 1913	1913		FALSE	Animalia	Arthropoda	Insecta	Hymenoptera	Mymaridae	
752			accepted	species	Cleopatra VII	Polyrhachis cleopatra	Forel, 1902	1902		FALSE	Animalia	Arthropoda	Insecta	Hymenoptera	Formicidae	
753			accepted	species	Simón Bolívar: The species is named for Venezuelan military and political leader Simón Bolívar. Not having a single Venezuelan pholcid named for El Libertador would be inexcusable	Priscula bolivari	Huber, 2020	2020	Huber_2020	FALSE	Animalia	Arthropoda	Arachnida	Araneae	Pholcidae	https://doi.org/10.5852/ejt.2020.718.1101
754			accepted	species	José María Morelos: Holotype and some paratypes were found for the first time in Morelia. The species is named in honour of the hero of Mexican independence, José María Morelos y Pavón, who was born in that city	Prosapia morelosi	Castro-Valderrama, Romero & Carvalho, 2020	2020	Castro_Valderrama_2020	FALSE	Animalia	Arthropoda	Insecta	Hemiptera	Ischnorhinidae	https://doi.org/10.4039/tce.2020.20
755			accepted	species	Pedro Menéndez de Avilés: Named in honour of the Spanish soldier and sailor Pedro Menéndez de Avilés, on the 500th anniversary of his birth in Avilés, Asturias (15 February 1519); known as the Adelantado de La Florida for reconquering Florida in 1565 and founding the city of Saint Augustine	Prunum adelantado	Espinosa & Ortea, 2018	2018		FALSE	Animalia	Mollusca	Gastropoda	Neogastropoda	Marginellidae	
756			accepted	genus	Psamtik II	Psammisia	Klotszch			FALSE	Plantae	Tracheophyta	Magnoliopsida	Ericales	Ericaceae	
757			accepted	species	Rudaki: named in honour of great Persian-Tadjik poet RUDAKI who once wrote a poem [about] a girl from Shiraz	Pseudicius rudakii	Prószyński, 1992	1992		FALSE	Animalia	Arthropoda	Arachnida	Araneae	Salticidae	
758			accepted	species	Hugo Grotius	Pseudiglyphus grotiusi	Girault, 1915	1915		FALSE	Animalia	Arthropoda	Insecta	Hymenoptera	Eulophidae	
759			accepted	species	Ahuitzotl	Pseudoeurycea ahuitzotl	Adler, 1996	1996		FALSE	Animalia	Chordata	Amphibia	Caudata	Plethodontidae	
760			accepted	species	Confucius	Pterostichus confucius	Sciaky & Wrase, 1997	1997		FALSE	Animalia	Arthropoda	Insecta	Coleoptera	Carabidae	
761			accepted	species	Qu Yuan: named after Qu Yuan (屈原), a renowned poet and statesman in ancient China who lived in the State of Chu (centered around today's Hubei Province) during the Warring States Period. His works, like "Li Sao," shaped Chu Ci (also known as Songs of Chu, a significant genre in ancient Chinese literature)	Pterostichus quyuani	Wu, Chen & Shi, 2025	2025	Wu_2025	FALSE	Animalia	Arthropoda	Insecta	Coleoptera	Carabidae	https://doi.org/10.3897/dez.72.159716
762			accepted	species	Louis de Freycinet	Ptycta freycineti	Schmidt & New, 2008	2008		FALSE	Animalia	Arthropoda	Insecta	Psocodea	Psocidae	
763			accepted	species	Khufu	Pulex cheopis	Rothschild, 1903	1903		FALSE	Animalia	Arthropoda	Insecta	Siphonaptera	Pulicidae	
764			accepted	species	John Amos Comenius: dedicated to the famous Czech philosopher, pedagogue and theologian Jan Amos Komenský, who was born in Uherský Brod, on 25th March 1592. Jan Amos Komenský is considered a founder of the modern pedagogy and he has earned a nickname Teacher of Nations	Purpuricenus comenius	Vartanis & Ambrus, 2015	2015		FALSE	Animalia	Arthropoda	Insecta	Coleoptera	Cerambycidae	
765			accepted	species	Zumbi dos Palmares	Pycnotropis zumbii	Golovatch, Vohland & Hoffman, 1998	1998		FALSE	Animalia	Arthropoda	Diplopoda		Aphelidesmidae	
766			accepted	genus	Pythagoras: Named after the Greek philosopher Pythagoras and his theorem, due to the sub-triangular outline of the genus in lateral view	Pythagoracypris	Santos Filho, Fauth & Sames, 2020	2020	Batista_dos_Santos_Filho_2021	TRUE	Animalia	Arthropoda	Ostracoda	Podocopida		https://doi.org/10.1016/j.cretres.2020.104634
767			accepted	species	Nandi: Named after Nandi, Queen of Zululand (1778–1826). To this day, the Zulu people use her name to refer to a woman of high esteem	Quamtana nandi	Huber, 2003	2003	HUBER_2003a	FALSE	Animalia	Arthropoda	Arachnida	Araneae	Pholcidae	https://doi.org/10.1046/j.0024-4082.2003.00082.x
768			accepted	species	Miguel de Cervantes	Quijote cervantesi	Ortea, Moro & Bacallado, 2016	2016		FALSE	Animalia	Mollusca	Gastropoda	Pleurobranchida	Quijotidae	
769			accepted	genus	Raphael	Raffaellia	Girault, 1922	1922		FALSE	Animalia	Arthropoda	Insecta	Hymenoptera	Encyrtidae	
770			accepted	species	Avicenna	Ramsaria avicennae	Heidari & Hauer, 2018	2018	Heidari_2018	FALSE	Bacillati	Cyanobacteriota	Cyanophyceae	Coleofasciculales	Wilmottiaceae	https://doi.org/10.5507/fot.2017.024
771			accepted	species	Moctezuma II	Rana montezumae	Baird, 1854	1854		FALSE	Animalia	Chordata	Amphibia	Anura	Ranidae	
772			accepted	genus	Raphael	Raphaelana	Girault 1926	1926		FALSE	Animalia	Arthropoda	Insecta	Hymenoptera	Encyrtidae	
773			accepted	genus	Raphael	Raphaelonia	Girault 1924	1924		FALSE	Animalia	Arthropoda	Insecta	Hymenoptera	Eulophidae	
774			accepted	species	Vercingetorix	Raphitoma vercingetorixi	Ceulemans, Van Dingenen & Landau, 2018	2018		TRUE	Animalia	Mollusca	Gastropoda	Neogastropoda	Raphitomidae	
775			accepted	species	Voltaire	Rhicnopeltomyia voltairei	Girault, 1915	1915		FALSE	Animalia	Arthropoda	Insecta	Hymenoptera	Eulophidae	
776			accepted	species	Miguel de Cervantes: Dedicated to the Spanish writer Miguel de Cervantes y Saavedra, as a tribute to his masterful literary style	Rhipidomella cervantesi	García-Alcalde, 2015	2015		TRUE	Animalia	Brachiopoda	Rhynchonellata	Orthida	Rhipidomellidae	
777			accepted	species	Avicenna: The new species is named after Avicenna (Abu Ali Sina), Persian philosopher and scientist (ca. 980–1037) who lived in Hamadan, Iran	Rhizococcus avicennae	Moghaddam, 2018	2018	Moghaddam_2018	FALSE						https://doi.org/10.2478/aemnp-2018-0040
778			accepted	species	Sejong the Great: honors King Sejong the Great, who during his reign (1418–1450) made many cultural and scientific innovations and devised the Korean Hangeul alphabet	Rhizothrix sejongi	Nam & Lee, 2005	2005	Nam_2005	FALSE	Animalia	Arthropoda	Copepoda		Rhizotrichidae	https://doi.org/10.2988/0006-324X(2005)118[692:ANSOTG]2.0.CO;2
779			accepted	genus	Jean Paul	Richteria	Girault, 1920	1920		FALSE	Plantae	Tracheophyta	Magnoliopsida	Asterales	Asteraceae	
780			accepted	genus	Jean-Jacques Rousseau: In memory of the most renowned Jean Jacques Rousseau, who wrote the most pleasant letters on the subject of botany, and cherished and enriched the amiable science till the last breath	Roussea	Sm.			FALSE	Plantae	Tracheophyta	Magnoliopsida	Asterales	Rousseaceae	
781			accepted	species	Boudica: commemorates the East Anglian queen who defied the Romans	Rubus boudiccae	A.L.Bull & Edees			FALSE	Plantae	Tracheophyta	Magnoliopsida	Rosales	Rosaceae	
782			accepted	genus	Rudaki: Named in honor of great Persian poet Rudaki (850-940 n.e.) who lived in the Samanid court in Buchara (present day Uzbekistan) – in the area of occurrence of this genus	Rudakius	Prószyński, 2016	2016	Pr_szy_ski_2016	FALSE	Animalia	Arthropoda	Arachnida	Araneae	Salticidae	https://doi.org/10.37828/em.2016.7.1
783			accepted	species	Leif Erikson: After another early being, the Greenland viking Leif Eiriksson, who left his traces on Newfoundland (Vinland) about 1000 years ago	Rusophycus leifeirikssoni	Bergström, 1976	1976	Bergstr_m_1976	TRUE						https://doi.org/10.1139/e76-169
784			accepted	species	Confucius: In reference to the family name of Confucius (Kung Fu-Tsy), the founder of Confucianism	Sanmai kongi	Chen, Zhang & B. Wang, 2016	2016	Chen_2016	TRUE	Animalia	Arthropoda	Insecta	Hemiptera	Tettigarctidae	https://doi.org/10.4202/app.00238.2015
785			accepted	species	Mencius: In reference to the family name of Mencius (Meng Tsy), one of the sages of Confucianism	Sanmai mengi	Chen, Zhang & B. Wang, 2016	2016	Chen_2016	TRUE	Animalia	Arthropoda	Insecta	Hemiptera	Tettigarctidae	https://doi.org/10.4202/app.00238.2015
786			accepted	species	Xunzi: In reference to the family name of Xuncius (Xun Tsy), one of the sages of Confucianism	Sanmai xuni	Chen, Zhang & B. Wang, 2016	2016	Chen_2016	TRUE	Animalia	Arthropoda	Insecta	Hemiptera	Tettigarctidae	https://doi.org/10.4202/app.00238.2015
787			accepted	genus	Sappho	Sappho	Reichenbach, 1849	1849		FALSE	Animalia	Chordata	Aves	Apodiformes	Trochilidae	
788			accepted	species	Maria de las Mercedes Santa Cruz y Montalvo: dedicated to the Lady Doña María de las Mercedes Jaruco, Countess of Merlin, a Havana native famous for her talents in literature and the fine arts, which she cultivates and protects with equal enthusiasm and success in Paris, of whose cultured society she is a beautiful ornament	Saurothera merlini	d'Orbigny, 1839	1839		FALSE	Animalia	Chordata	Aves	Cuculiformes	Cuculidae	
789			accepted	species	Antoine Lavoisier: This new species is named in memory of Antoine Laurent de Lavoisier (1743-1794), father of modern chemistry and ancestor of the author	Scabricola lavoisieri	Guillot de Suduiraut, 2002	2002		FALSE	Animalia	Mollusca	Gastropoda	Neogastropoda	Mitridae	
790			accepted	genus	Friedrich Schiller	Schilleria	Girault, 1932	1932		FALSE	Plantae	Tracheophyta	Magnoliopsida	Piperales	Piperaceae	
791			accepted	genus	Schinderhannes	Schinderhannes	Kühl, Briggs & Rust, 2009	2009	Ku_hl_2009	TRUE						https://doi.org/10.1126/science.1166586
792			accepted	genus	Scipio Africanus: dedicated to Scipione Breislak, who first described the Pietraroja Plattenkalk [where the specimen was found], and Publius Cornelius Scipio (nicknamed Africanus), consul militaris of the Roman Army, who fought in the Mediterranean area	Scipionyx	Dal Sasso & Signore, 1998	1998	Sasso_1998	TRUE						https://doi.org/10.1038/32884
793			accepted	species	Hafez: Khaje Shams-ud-Diin Muḥammad Ḥafeẓ-e Shirazi, known by his pen name Hafez (1325/26–1389/90) was a Persian poet whose collected works are regarded as a pinnacle of Persian literature. His mausoleum is located in the city of Shiraz, capital of Fars province, southern Iran. Hafez Tomb is regarded as one of most famous attractions in Shiraz	Scirtothrips hafezi	Minaei & Mound, 2018	2018	MINAEI_2018	FALSE	Animalia	Arthropoda	Insecta	Thysanoptera	Thripidae	https://doi.org/10.11646/zootaxa.4394.2.11
794			accepted	species	John James Abert	Sciurus aberti	Woodhouse, 1853	1853		FALSE	Animalia	Chordata	Mammalia	Rodentia	Sciuridae	
795			accepted	species	Jan Jacob Rochussen: We dedicate this curious species to His Excellency the Minister of State, Mr. Rochussen, former Governor-General of the Dutch Indies and former Minister of the Colonies, who gave the impetus to the recent exploration of New Guinea by the expedition of the sailing ship Etna, and by entrusting to the late Bernstein the honourable mission of carrying out scientific research in these distant and almost unknown regions	Scolopax rochussenii	Schlegel, 1866	1866		FALSE	Animalia	Chordata	Aves	Charadriiformes	Scolopacidae	
796			accepted	species	Jeronimus Cornelisz: I name this fish after the "villain" of the Batavia mutiny which, more than 300 years ago, occurred by the place where it was caught	Segutilum cornelii	Whitley, 1944	1944		FALSE	Animalia	Chordata	Teleostei	Centrarchiformes	Kyphosidae	
797			accepted	species	Anacaona: The specific epithet is in honor of Anacaona, a Taíno cacica of the cacicazgo of Jaragua, where they [sic] type specimen was collected. Anacaona was arrested for resisting occupation by the Spanish, then executed when she refused to become a concubine for the Spaniards	Selenops anacaona	Crews, 2018	2018	CREWS_2018	FALSE	Animalia	Arthropoda	Arachnida	Araneae	Selenopidae	https://doi.org/10.11646/zootaxa.4446.1.9
798			accepted	species	Caonabo: The specific epithet is in honor of Caonabo, a Taíno cacique and husband of Anacaona, who was from the cacicazgo of Maguana, which encompasses the present-day range of the species. Caonabo resisted the Spanish and destroyed Fort La Navidad before being captured and taken back to Spain by Columbus; however, he died on the way in a shipwreck	Selenops caonabo	Crews, 2018	2018	CREWS_2018	FALSE	Animalia	Arthropoda	Arachnida	Araneae	Selenopidae	https://doi.org/10.11646/zootaxa.4446.1.9
799			accepted	species	Franz Anton Mesmer	Selitrichodelia mesmeri	Girault, 1915	1915		FALSE						
800			accepted	species	Ibn Tufail: After Ibn Tufayl (lat. Abubacer), *1115 Guadix, †1185 Marrakech; Arab physician and philosopher (By observation and reflection up to the highest levels of natural and divine cognition)	Sellaclymenia ibntufayli	Korn, 1999	1999		TRUE	Animalia	Mollusca	Cephalopoda	Ammonoidea	Sellaclymeniidae	
801			accepted	species	Roxelana: the Russian woman	Semnopithecus roxellana	Milne-Edwards, 1870	1870		FALSE	Animalia	Chordata	Mammalia	Primates	Cercopithecidae	
802			accepted	genus	Sequoyah: Sequoyah	Sequoia	Endl.			FALSE	Plantae	Tracheophyta	Pinopsida	Cupressales	Cupressaceae	
803			accepted	genus	William Shakespeare	Shakespearia	Girault, 1928	1928		FALSE	Animalia	Arthropoda	Insecta	Hymenoptera	Encyrtidae	
804			accepted	species	Zheng He: in honor of [the] great mariner of the Ming Dynasty, Zheng He (1371–1435), who sailed from China to many places throughout [the] South Pacific, Indian Ocean, Taiwan, Persian Gulf and distant Africa in seven epic voyages from 1405 to 1433. He was born near Jinning close to the fossil locality and was buried in the southern outskirts of Bull's Head Hill (Niushou) in Nanjing, China	Shankouia zhenghei	Chen, Wang, Maas & Waloszek, 2005	2005	Waloszek_2005	TRUE						https://doi.org/10.1016/j.asd.2005.01.005
805			accepted	species	Johannes Fabricius	Sigaloceras fabricius	Mönnig & Dietl, 2022	2022		TRUE						
806			accepted	species	Ludwig van Beethoven	Signiphora beethoveni	Girault, 1915	1915	WOOLLEY_1988	FALSE	Animalia	Arthropoda	Insecta	Hymenoptera	Signiphoridae	https://doi.org/10.1111/j.1365-3113.1988.tb00256.x
807			accepted	species	Ferdowsi: honours Hakim Abolghasem Ferdowsi Toosi (935–1020 AD), one of the greatest Iranian poets; his tomb is located in Toos town, near to Mashhad, Khorassan province, Iran	Silene ferdowsii	Joharchi, Nejati & F.Ghahrem.		Edalatiyan_2011	FALSE	Plantae	Tracheophyta	Magnoliopsida	Caryophyllales	Caryophyllaceae	https://doi.org/10.5735/085.048.0208
808			accepted	genus	Socrates	Socratesia	Klotszch			FALSE	Plantae	Tracheophyta	Magnoliopsida	Ericales	Ericaceae	
809			accepted	genus	Sophocles	Sophoclesia	Klotszch			FALSE	Plantae	Tracheophyta	Magnoliopsida	Ericales	Ericaceae	
810			accepted	species	Hugo Grotius	Spalangia grotiusi	Girault, 1913	1913		FALSE	Animalia	Arthropoda	Insecta	Hymenoptera	Spalangiidae	
811			accepted	genus	Spartacus	Spartacus	Distant, 1884	1884		FALSE	Animalia	Arthropoda	Insecta	Hemiptera	Miridae	
812			accepted	species	Emmanuel Kant: Dedicated to Immanual [sic] Kant for his work On Perpetual Peace	Spilochalcis kanti	Girault, 1913	1913		FALSE	Animalia	Arthropoda	Insecta	Hymenoptera	Chalcididae	
813			accepted	species	William Ladd	Spilochalcis laddi	Girault, 1913	1913		FALSE	Animalia	Arthropoda	Insecta	Hymenoptera	Chalcididae	
814			accepted	species	William Clark: Named after William Clark (1770–1838), an early 19th Century Montana explorer	Stauroneis clarkii	Bahls, 2012	2012	BAHLS_2012	FALSE						https://doi.org/10.11646/phytotaxa.67.1.1
815			accepted	species	Meriwether Lewis: Named after Meriwether Lewis (1774–1809), an early 19th Century Montana explorer	Stauroneis lewisii	Bahls, 2012	2012	BAHLS_2012	FALSE						https://doi.org/10.11646/phytotaxa.67.1.1
816			accepted	species	Sacagawea: Named after the Lemhi Shoshone woman, Sacajawea (1788–1812?), who served as guide and interpreter for Lewis and Clark	Stauroneis sacajaweae	Bahls, 2012	2012	BAHLS_2012	FALSE						https://doi.org/10.11646/phytotaxa.67.1.1
817			accepted	species	David Thompson: Named for David Thompson (1770–1857), an early 19th Century Montana explorer and cartographer	Stauroneis thompsonii	Bahls, 2012	2012	BAHLS_2012	FALSE						https://doi.org/10.11646/phytotaxa.67.1.1
818			accepted	species	Simón Bolívar: honour[s] Simon Bolivar (1783-1830), the liberator of South America from Spanish rule	Stenus bolivari	Puthz, 2015	2015		FALSE	Animalia	Arthropoda	Insecta	Coleoptera	Staphylinidae	
819			accepted	species	Chimalpopoca: I choose for this Mexican species the name of the Aztec king Chimalpopoca (1417-1426), the successor of Huitzilihuitl	Stenus chimalpopoca	Puthz, 2015	2015		FALSE	Animalia	Arthropoda	Insecta	Coleoptera	Staphylinidae	
820			accepted	species	Alonso de Ojeda: recall[s] Alonso de Ojeda, who, together with Amerigo Vespucci and Martín Fernández de Enciso, undertook an expedition to Venezuela in 1499, from which the name "Venezuela" is said to have been coined	Stenus ojedai	Puthz, 2015	2015		FALSE	Animalia	Arthropoda	Insecta	Coleoptera	Staphylinidae	
821			accepted	species	Amerigo Vespucci: recall[s] Amerigo Vespucci, who, together with Alonso de Ojeda and Martín Fernández de Enciso, undertook an expedition to Venezuela in 1499, from which the name "Venezuela" is said to have been coined	Stenus vespuccii	Puthz, 2015	2015		FALSE	Animalia	Arthropoda	Insecta	Coleoptera	Staphylinidae	
822			accepted	species	John Dalton: Dedicated to the discoverer of the atomic theory in chemistry	Stethynium daltoni	Girault, 1912	1912		FALSE	Animalia	Arthropoda	Insecta	Hymenoptera	Mymaridae	
823			accepted	species	Antoine Lavoisier: Dedicated to the discoverer of the law of the conservation of matter	Stethynium lavoisieri	Girault, 1912	1912		FALSE	Animalia	Arthropoda	Insecta	Hymenoptera	Mymaridae	
824			accepted	species	Andreas Vesalius: Dedicated to Andreas Vesalius, one of the earliest men of the present civilisation to assert the right of free thought and independent mentality	Stethynium vesalii	Girault, 1912	1912		FALSE	Animalia	Arthropoda	Insecta	Hymenoptera	Mymaridae	
825			accepted	species	Antonio Nariño: The epithet honours Antonio Amador José Nariño (y Álvarez del Casal) (1765–1823), one of the critical architects of the independence of Colombia and after whom the Department of Nariño [where the type locality is] was named	Sticta narinioana	B. Moncada, Ossowska & Lücking (2022)	2022	Ossowska_2022	FALSE	Fungi	Ascomycota	Lecanoromycetes	Peltigerales	Lobariaceae	https://doi.org/10.3897/mycokeys.92.89960
826			accepted	species	José de San Martín: Despite the name of the type locality [...] (San Martin de los Andes), the species is named not after the locality, but in honor of Argentine general José de San Martín (1778–1850). A national hero of Argentina and Peru, he played a significant role in the southern part of South America's successful struggle for independence from the Spanish Empire	Stigmella sanmartini	Remeikis & Stonis, 2017	2017	STONIS_2017	FALSE						https://doi.org/10.11646/zootaxa.4272.1.1
827			accepted	species	Ashoka	Stilbula ashokai	Narendran, 1996	1996		FALSE	Animalia	Arthropoda	Insecta	Hymenoptera	Eucharitidae	
828			accepted	species	Charlotte of Mecklenburg-Strelitz	Strelitzia reginae	Banks			FALSE	Plantae	Tracheophyta	Liliopsida	Zingiberales	Strelitziaceae	
829			accepted	species	Christoph Froschauer: honouring Christoph Froschauer (ca. 1490 – April 1564). His family name means "the man from the floodplain full of frogs". Froschauer was the first, and European wide renowned, printer in Zürich and he used to sign his books with a woodcut showing frogs under a tree in a landscape. He was notably known for printing Conrad Gessner's encyclopaedic Historia animalium and the "Zürich Bible", a complete translation into German of the Bible several years before Luther's Bible appeared. Froschauer published works by Zwingli, Bullinger, Gessner, Erasmus von Rotterdam and Luther during his lifetime. His activity represents the nucleus of the Orell Füssli publishing house, which celebrated its 500th birthday on 9 November 2019, which is the date he was given citizenship in Zürich as a gift for his art	Stumpffia froschaueri	Crottini et al., 2020	2020	Crottini_2020	FALSE	Animalia	Chordata	Amphibia	Anura	Microhylidae	https://doi.org/10.3897/zookeys.933.47619
830			accepted	species	Sequoyah: The species name honors the great educator and inventor of the Cherokee Indian alphabet, Sequoyah (George Gist)	Stygonitocrella sequoyahi	Reid, Hunt & Stanley			FALSE	Animalia	Arthropoda	Copepoda		Ameiridae	
831			accepted	genus	Syagrius: The new genus-group name is a combination of Syagrius (430–486/7 AD), the last Roman 'magister militum' of ancient Gaul (eventually being overrun by Clovis I of the Salian Franks), and 'Termes', common generic suffix in the Isoptera	Syagriotermes	Engel, Nel & Perrichot, 2011	2011		TRUE	Animalia	Arthropoda	Insecta			
832			accepted	species	Ajuricaba: as a reference to the legendary indigenous figure, Ajuricaba, a prominent leader of the Manaós indigenous people—considered extinct. They were one of the most important tribes of the Rio Negro. Ajuricaba led several incursions by the Manaós and allied groups against European settlements in the Rio Negro region. For his effort and leadership, he became one of the symbols of indigenous resistance against European colonization. Ajuricaba was eventually captured and was to be conducted to Belém, probably to be enslaved. History tells that during his transport to the capital, while still in chains, Ajuricaba and his men rebelled against captors, killing several of them. Eventually losing the battle, the survivors, including Ajuricaba, jumped into the waters of the Amazon River and were never seen again	Synapturanus ajuricaba	Fouquet et al., 2021	2021	Fouquet_2021	FALSE	Animalia	Chordata	Amphibia	Anura	Microhylidae	https://doi.org/10.1016/j.jcz.2021.05.003
833			accepted	species	José de San Martín: named for José de San Martín, who proclaimed Peruvian independence at Lima on July 28, 1821	Syrigma sanctimartini	Campbell, 1979	1979	Campbell_1979	TRUE	Animalia	Chordata	Aves	Pelecaniformes	Ardeidae	https://doi.org/10.5962/bhl.title.52133
834			accepted	species	Henry IV of France: Respectfully dedicated to Henri the Fourth of France, King of Navarre, who originated the idea of perpetual peace among nations	Systasis henrici	Girault, 1913	1913		FALSE	Animalia	Arthropoda	Insecta	Hymenoptera	Systasidae	
835			accepted	genus	Taksin the Great: in honor of Taksin the Great, king of the Thonburi Kingdom, in commemoration of his early career	Taksinus	Songsangchote, Sippawat, Khaikaew & Chomphuphuang, 2022	2022	Songsangchote_2022	FALSE	Animalia	Arthropoda	Arachnida	Araneae	Theraphosidae	https://doi.org/10.3897/zookeys.1080.76876
836			accepted	genus	Timur: From Tamerlane, historically known as Timur, the founder of the Timurid empire, in whose area this generic taxon is distributed	Tamerlanius	Keith, Sabatinelli & Uliana, 2015	2015	KEITH_2015	FALSE	Animalia	Arthropoda	Insecta	Coleoptera	Scarabaeidae	https://doi.org/10.11646/zootaxa.4012.1.9
837			accepted	species	Anawrahta: The specific epithet is a patronymic honoring King Anawrahta who reigned from 1044 AD until his death in 1077, and the first ruler of a unified Burmese Empire who also converted the country to Theravada Buddhism	Tanytermes anawrahtai	Engel, Grimaldi & Krishna, 2007	2007		TRUE	Animalia	Arthropoda	Insecta		Tanytermitidae	
838			accepted	species	Leonardo da Vinci: Species named after the Tuscan polyhedral Renaissance genius of Leonardo da Vinci (1459–1519), also to homage and remember the 500th anniversary of his death, in the year when we started this revision	Taophila davincii	Platania & Gómez-Zurita, 2021	2021	Platania_2021	FALSE						https://doi.org/10.1163/1876312X-bja10021
839			accepted	genus	Alessandro Tassoni	Tassonia	Girault, 1921	1921		FALSE	Animalia	Arthropoda	Insecta	Hymenoptera	Encyrtidae	
840			accepted	species	Hannibal: species name refers to Hannibal Barca (247-183 BC), Carthaginian military commander who marched an army including war elephants across Southern Europe	Tataouinea hannibalis	Fanti, Cau, Hassine & Contessi, 2013	2013	Fanti_2013	FALSE						https://doi.org/10.1038/ncomms3080
841			accepted	genus	Tecun Uman: The generic name is derived from that of Tecún Umán, hero and leader of the Indians of western Guatemala, who fought so heroically to resist the Spanish invaders, but were finally overthrown and dispersed in a bloody battle near the site of the present city of Quetzaltenango	Tecunumania	Standl. & Steyerm.			FALSE	Plantae	Tracheophyta	Magnoliopsida	Cucurbitales	Cucurbitaceae	
842			accepted	species	Arsaces I of Parthia	Tegenaria arsacia	Zamani & Marusik, 2019	2019	Zamani_2019	FALSE	Animalia	Arthropoda	Arachnida	Araneae	Agelenidae	https://doi.org/10.15298/arthsel.28.2.12
843			accepted	species	Atahualpa	Telmatobius atahualpai	Wiens, 1993	1993		FALSE	Animalia	Chordata	Amphibia	Anura	Telmatobiidae	
844			accepted	species	John Herschel: The fish having been discovered during the visit of Sir John Herschel at the Cape [of Good Hope], I have named it in honour of him	Tetrapturus herschelii	Gray, 1838	1838	Gray_1838	FALSE	Animalia	Chordata	Teleostei	Carangiformes	Istiophoridae	https://doi.org/10.1080/00222933809512297
845			accepted	species	Charles-Irénée Castel de Saint-Pierre: Respectfully dedicated to the Abbe Saint-Pierre for his The Project of Perpetual Peace	Tetrastichus saintpierrei	Girault, 1913	1913		FALSE	Animalia	Arthropoda	Insecta	Hymenoptera	Eulophidae	
846			accepted	species	William Ladd	Tetrastichus laddi	Girault, 1913	1913		FALSE	Animalia	Arthropoda	Insecta	Hymenoptera	Eulophidae	
847			accepted	genus	Theudis	Teudis	O. Pickard-Cambridge, 1895	1895		FALSE	Animalia	Arthropoda	Arachnida	Araneae	Anyphaenidae	
848			accepted	species	Phipps Hornby	Thalassidroma hornbyi	Gray, 1853	1853	GRAY_1853	FALSE	Animalia	Chordata	Aves	Procellariiformes	Hydrobatidae	https://doi.org/10.1111/j.1469-7998.1853.tb07184.x
849			accepted	species	Cyrus the Great: named after Cyrus, the first king of Persia, where the type strain was isolated	Thalassobacillus cyri	Sánchez-Porro et al. 2009	2009	Sanchez_Porro_2009	FALSE	Bacillati	Bacillota	Bacilli	Caryophanales	Bacillaceae	https://doi.org/10.1099/ijs.0.010488-0
850			accepted	genus	Thales of Miletus	Thalesanna	Girault, 1938	1938		FALSE	Animalia	Arthropoda	Insecta	Hymenoptera	Trichogrammatidae	
851			accepted	species	Yunus Emre: Yunus Emre, who passed away 700 years ago, especially examined the love of humanity and nature in his poems. In order to keep the name of this important heartfelt person alive in nature, we decided to name the new species after him	Thamnolecania yunusii	Halıcı, Güllü, Bölükbaşı & Kahraman		Halici_2023	FALSE	Fungi	Ascomycota	Lecanoromycetes	Lecanorales	Ramalinaceae	https://doi.org/10.1017/S003224742300030X
852			accepted	subspecies	Bartolomé de las Casas: named for Bartolomé de Las Casas (1474-1566), a Dominican friar, known as the 'Apostle of the Indies.'	Thecla acis casasi	Comstock & Huntington, 1943	1943	Comstock_1943	FALSE	Animalia	Arthropoda	Insecta	Lepidoptera	Lycaenidae	https://doi.org/10.1111/j.1749-6632.1943.tb47949.x
853			accepted	subspecies	Alexandre Pétion	Thecla acis petioni	Comstock & Huntington, 1943	1943	Comstock_1943	FALSE	Animalia	Arthropoda	Insecta	Lepidoptera	Lycaenidae	https://doi.org/10.1111/j.1749-6632.1943.tb47949.x
854			accepted	subspecies	Jean Pierre Boyer	Thecla angelia boyeri	Comstock & Huntington, 1943	1943	Comstock_1943	FALSE	Animalia	Arthropoda	Insecta	Lepidoptera	Lycaenidae	https://doi.org/10.1111/j.1749-6632.1943.tb47949.x
855			accepted	species	Henri Christophe	Thecla christophei	Comstock & Huntington, 1943	1943	Comstock_1943	FALSE	Animalia	Arthropoda	Insecta	Lepidoptera	Lycaenidae	https://doi.org/10.1111/j.1749-6632.1943.tb47949.x
856			accepted	species	Toussaint Louverture	Thecla toussainti	Comstock & Huntington, 1943	1943	Comstock_1943	FALSE	Animalia	Arthropoda	Insecta	Lepidoptera	Lycaenidae	https://doi.org/10.1111/j.1749-6632.1943.tb47949.x
857			accepted	genus	Themistocles	Themistoclesia	Klotszch			FALSE	Plantae	Tracheophyta	Magnoliopsida	Ericales	Ericaceae	
858			accepted	species	Sappho: commemorates Sappho, the most famous poetess of the Classical Hellenic Era [sic; she actually lived in the Archaic period] and refers to the traditional (though non-historical) believe [sic] she suicidally threw herself from the white cliffs of Lefkátas because of unrequited love for beautiful young Phaon	Thliphthisa sapphus	Gutermann		Gutermann_2024	FALSE	Plantae	Tracheophyta	Magnoliopsida	Gentianales	Rubiaceae	https://doi.org/10.3897/phytokeys.241.119144
859			accepted	species	Adi Shankara: named to honour the Indian philosopher Shankara (dead at Kedarnath about 750 AD)	Thorectes shankara	Carpaneto & Mignani, 1999	1999	Carpaneto_1999	FALSE	Animalia	Arthropoda	Insecta	Coleoptera	Geotrupidae	https://doi.org/10.5962/bhl.part.80112
860			accepted	species	Confucius: dedicated to Confucius, the founder of Confucianism	Tianyulong confuciusi	Zheng, You, Xu & Dong, 2009	2009	Zheng_2009	TRUE						https://doi.org/10.1038/nature07856
861			accepted	species	José de San Martín: Named in honor of José de San Martín (1778–1850), a liberator of Argentina and Peru	Tilicrassatella sanmartini	Devries, 2016	2016		TRUE	Animalia	Mollusca	Bivalvia		Crassatellidae	
862			accepted	species	John Clipperton	Timea clippertoni	van Soest, Kaiser & Van Syoc, 2011	2011	VAN_SOEST_2011	FALSE	Animalia	Porifera	Demospongiae	Tethyida	Timeidae	https://doi.org/10.11646/zootaxa.2839.1.1
863			accepted	genus	Timur: in reference to the fourteenth-century Central Asian ruler Timurleng (English: Tamerlane)	Timurlengia	Brusatte et al., 2016	2016	Brusatte_2016	TRUE						https://doi.org/10.1073/pnas.1600140113
864			accepted	species	Daniel Defoe	Tmeticus defoei	Pickard-Cambridge, 1899	1899	Arnedo_2020	FALSE	Animalia	Arthropoda	Arachnida	Araneae	Linyphiidae	https://doi.org/10.1111/cla.12437
865			accepted	species	Johannes Kepler	Tolegnaro kepleri	Álvarez-Padilla, Ubick & Griswold, 2012	2012	_lvarez_Padilla_2012	FALSE	Animalia	Arthropoda	Arachnida	Araneae	Oonopidae	https://doi.org/10.1206/3745.2
866			accepted	genus	Evangelista Torricelli: arising in the highest mountains, I have dedicated to the physicist Torricelli, who, by the invention of the barometer, enabled the measurement of mountains, and for this reason deserves much respect in botany	Torricellia	DC.			FALSE	Plantae	Tracheophyta	Magnoliopsida	Apiales	Torricelliaceae	
867			accepted	species	Túpac Katari	Trechisibus tupackatarianus	Trezzi & Guzzetti, 2015	2015		FALSE	Animalia	Arthropoda	Insecta	Coleoptera	Carabidae	
868			accepted	species	Cyrus the Great: refers to Koerosh (Cyrus the Great), the founder of the Achaemenid Empire	Trechus kouroshi	Muilwijk & Seiedy & Wrase, 2021	2021	MUILWIJK_2021	FALSE	Animalia	Arthropoda	Insecta	Coleoptera	Carabidae	https://doi.org/10.11646/zootaxa.5067.1.3
869			accepted	species	Galileo Galilei: This species is dedicated to Galileo di Vincenzo Bonaiuti de' Galilei, Italian physicist, astronomer, and engineer, father of observational astronomy and modern physics	Triplocania galileii	González-Obando, Carrejo-Gironza & García Aldrete, 2021	2021	GONZ_LEZ_OBANDO_2021	FALSE	Animalia	Arthropoda	Insecta	Psocodea	Ptiloneuridae	https://doi.org/10.11646/zootaxa.5080.1.1
870			accepted	species	Manco Cápac: dedicated to Manco Cápac (Manco Inca and Ayar Manco) the first governor and founder of the Inca civilization in Cusco	Triplocania mancocapaci	González-Obando, Carrejo-Gironza & García Aldrete, 2021	2021		FALSE	Animalia	Arthropoda	Insecta	Psocodea	Ptiloneuridae	
871			accepted	species	Topa Inca Yupanqui: dedicated to Túpac Yupanqui or Túpac Inca Yupanqui, tenth head of state of the Inca Empire	Triplocania yupanquii	González-Obando, Carrejo-Gironza & García Aldrete, 2021	2021		FALSE	Animalia	Arthropoda	Insecta	Psocodea	Ptiloneuridae	
872			accepted	species	Ferdinand Magellan	Trismelasmos magellani	Yakovlev, 2006	2006		FALSE	Animalia	Arthropoda	Insecta	Lepidoptera	Cossidae	
873			accepted	species	Polo de Ondegardo	Trochammina ondegardoi	Frizzell, 1943	1943		TRUE	Chromista	Foraminifera	Globothalamea	Lituolida	Trochamminidae	
874			accepted	species	Tomás Cipriano de Mosquera: Dedicated to General Mosquera, president of the Republic of New Granada, great protector of the sciences and natural history	Trochilus mosquera	Delattre & Bourcier, 1846	1846		FALSE	Animalia	Chordata	Aves	Apodiformes	Trochilidae	
875			accepted	species	Kosa Pan: named after Kosa Pan ("Foreign Minister Pan"), a famous Siamese diplomat and minister, head of the Second Thai embassy to France in 1686 A.D	Trombiculindus kosapani	Stekolnikov, 2016	2016		FALSE	Animalia	Arthropoda	Arachnida	Trombidiformes	Trombiculidae	
876			accepted	genus	Túpac Amaru II and Milagro Sala: Dedicated to the memory of José Gabriel Condorcanqui Noguera, "Túpac" Amaru II (1738-1781) and to Milagro Amalia Ángela "Sala" (1963-). Túpac Amaru in 1780-1781 initiated a revolt against [the] Spanish State and its rules. He was tortured (forced to witness the execution of the sentences imposed on his family), executed and quartered to be exposed. Milagro Sala is a prominent Argentine social leader, Secretary of the "Organización Barrial Túpac Amaru" and Parliamentary of the Parlasur imprisoned with other members of the organization since January 16, 2016." The type species is named Tupacsala niunamenos, "Dedicated to "Ni una menos" (Not one [woman] less), a collective against gender violence. It is a collective campaign that arose from the need to say "enough femicides", because in Argentina every 30 hours a woman is killed just [for] being a woman	Tupacsala	Petrulevičius & Gutiérrez, 2016	2016		TRUE						
877			accepted	species	Pocahontas	Turbonilla pocahontasae	Henderson & Bartsch, 1914	1914	Henderson_1914	FALSE	Animalia	Mollusca	Gastropoda		Pyramidellidae	https://doi.org/10.5479/si.00963801.47-2055.411
878			accepted	species	Powhatan	Turbonilla powhatani	Henderson & Bartsch, 1914	1914	Henderson_1914	FALSE	Animalia	Mollusca	Gastropoda		Pyramidellidae	https://doi.org/10.5479/si.00963801.47-2055.411
879			accepted	species	Hafez: named for Khwája Shamsud-Dìn Muhammad Háfez-e Shìrázì (Persian: خواجه شمس‌‌الدین محمّد حافظ شیرازی), known by his pen name Háfez, one of the most famous and influential Persian lyric poets	Turcinoemacheilus hafezi	Golzarianpour, Abdoli, Patimar & Freyhof, 2013	2013		FALSE	Animalia	Chordata	Teleostei	Cypriniformes	Nemacheilidae	
880			accepted	genus	Tutankhamun: A combination of Tut, for the ancient Egyptian Pharoah [sic] Tutankhamun, commonly known as King Tut, who unexpectedly died in his 18th year, and cetus, Greek for a whale. Genus name is used in reference to the subadult status and the diminutive size of the type specimen	Tutcetus	Antar et al., 2023	2023	Antar_2023	TRUE						https://doi.org/10.1038/s42003-023-04986-w
881			accepted	genus	Tycho Brahe: Named in matter of the Subgenotype [Kepplerites tychonis, also in this list]. Tycho Brahe (1546-1601) was a Danish astronomer	Tychoites	Mönnig & Dietl, 2017	2017		TRUE						
882			accepted	genus	Ulugh Beg: refers to Timurid sultan Ulugh Beg, in recognition of his early scientific contributions as a fifteenth-century astronomer and mathematician in central Asia region (now Uzbekistan)	Ulughbegsaurus	Tanaka et al., 2021	2021	Tanaka_2021	TRUE						https://doi.org/10.1098/rsos.210923
883			accepted	species	Hatuey: This species is named after Hatuey (birth date unknown, murdered by fire at stake in 1512), the well-known Taíno cacique. He was the first rebel native to America and coincidentally, he lived in the same two islands where this species occurs: Cuba and Hispaniola	Unicorniella hatueyi	Yong, 2019	2019	Yong_2019	FALSE	Animalia	Arthropoda	Insecta	Orthoptera	Tettigoniidae	https://doi.org/10.37828/em.2019.20.19
884			accepted	species	Hypatia: I dedicate this little species to the memory of the Alexandrian scholar whose erudition and tragic end deserve more than this humble tribute from a naturalist	Uromitra hypatiae	Pallary, 1912	1912	Pallary_1914	FALSE	Animalia	Mollusca	Gastropoda	Neogastropoda	Costellariidae	https://doi.org/10.11588/diglit.11327.9
885			accepted	species	Cyrano de Bergerac: For Savinien de Cyrano de Bergerac (1619–1655), French soldier, satirist and playwright best remembered for his semi-autobiographic works of fiction in which he is featured with a large nose	Uroptychus cyrano	Poore & Andreakis, 2011	2011	Poore_2011	FALSE	Animalia	Arthropoda	Malacostraca	Decapoda	Chirostylidae	https://doi.org/10.1016/j.ympev.2011.03.032
886			accepted	species	George Washington: Named in honor of General George Washington, who won the American Revolution by accepting the surrender of the British forces in the historic York-James Peninsula	Valvulineria washingtoni	McLean, 1956	1956		TRUE	Chromista	Foraminifera	Globothalamea	Rotaliida	Cancrisidae	
887			accepted	species	Vasco da Gama	Vascoceras gamai	Choffat, 1898	1898	Callapez_2020	TRUE	Animalia	Mollusca	Cephalopoda	Ammonoidea	Vascoceratidae	https://doi.org/10.5281/zenodo.4409714
888			accepted	species	Gabriela Silang	Venonia gabrielae	Barrion & Litsinger, 1995	1995	Yoo_2006	FALSE	Animalia	Arthropoda	Arachnida	Araneae	Lycosidae	https://doi.org/10.1071/IS06013
889			accepted	species	6th Dalai Lama, Tsangyang Gyatso: The species is dedicated to Tsangyang Gyatso (1683–1706), the 6th Dalai Lama, a Tibetan poet-monk from Xizang, renowned for his romantic verse and unconventional life	Vermitigris tsangyanggyatso	Shan & Wang, 2026	2026	Shan_2026	FALSE	Animalia	Arthropoda	Insecta	Diptera	Vermileonidae	https://doi.org/10.3897/zookeys.1276.184675
890			accepted	genus	William Wallace	Wallacia	Lamont, 1978	1978	Ramsk_ld_1994	TRUE						https://doi.org/10.1007/BF02989435
891			accepted	genus	Wamba	Wamba	O. Pickard-Cambridge, 1895	1895		FALSE	Animalia	Arthropoda	Arachnida	Araneae	Theridiidae	
892			accepted	species	Zumbi dos Palmares: in honor of "Zumbi dos Palmares" (1655–1695). When slavery was still legal in Brazil, "quilombos" were refuges where slaves who escaped from their owners would hide. "Quilombo dos Palmares" was the most emblematic one of the Brazilian colonial era, serving as a shelter for more than thirty thousand runaway slaves at once. Zumbi, its last leader and local hero, led the resistance against the oppression of his people imposed by the enslavers between 1678 and 1694	Warimiri zumbi	Tavares, de Mello & de Mello Mendes, 2021	2021	TAVARES_2021	FALSE	Animalia	Arthropoda	Insecta	Orthoptera	Tettigoniidae	https://doi.org/10.11646/zootaxa.5057.2.3
893			accepted	genus	George Washington	Washingtonia	H.Wendl.			FALSE	Plantae	Tracheophyta	Liliopsida	Arecales	Arecaceae	
894			accepted	genus	Wittiza	Witica	O. Pickard-Cambridge, 1895	1895		FALSE	Animalia	Arthropoda	Arachnida	Araneae	Araneidae	
895			accepted	species	Simón Bolívar: named in honor of the Latin American General Simón Bolivar (1783–1830), who is called "El Gran Libertador" (The Great Liberator)	Wormaldia bolivari	Muñoz-Quesada & Holzenthal, 2015	2015	MU_OZ_QUESADA_2015	FALSE	Animalia	Arthropoda	Insecta	Trichoptera	Philopotamidae	https://doi.org/10.11646/zootaxa.3998.1.1
896			accepted	species	Túpac Amaru II: This new species is named in honor of Túpac Amaru (José Gabriel Condorcanqui, 1740–1781, Peru) who led the Incas during many years of rebellion against the Spanish occupation in Latin America	Wormaldia tupacamara	Muñoz-Quesada & Holzenthal, 2015	2015	MU_OZ_QUESADA_2015	FALSE	Animalia	Arthropoda	Insecta	Trichoptera	Philopotamidae	https://doi.org/10.11646/zootaxa.3998.1.1
897			accepted	genus	Wulfila	Wulfila	O. Pickard-Cambridge, 1895	1895		FALSE	Animalia	Arthropoda	Arachnida	Araneae	Anyphaenidae	
898			accepted	species	Immanuel Kant: devoted to the Prussian philosopher Immanuel Kant [...], who was born and lived in Königsberg, East Prussia. His contributions to metaphysics, epistemology, ethics, and aesthetics have had a profound impact on European philosophy	Xestipyge ikanti	Alekseev, 2016	2016		TRUE	Animalia	Arthropoda	Insecta	Coleoptera	Histeridae	
899			accepted	species	Moctezuma II	Xiphophorus montezumae	Jordan & Snyder, 1899	1899		FALSE	Animalia	Chordata	Teleostei	Cyprinodontiformes	Poeciliidae	
900			accepted	subspecies	Hernán Cortés: The name cortezi is a historical reference to the Spanish conquistador, Hernando	Xiphophorus montezumae cortezi	Rosen, 1960	1960		FALSE	Animalia	Chordata	Teleostei	Cyprinodontiformes	Poeciliidae	
901			accepted	species	La Malinche: In keeping with the allegorical use of important historical figures in the Spanish conquest of Mexico to suggest phylogenetic relationships of swordtails in the Pánuco basin, this species is named after Malinche (also called Marina or Doña Marina by the Spaniards), a linguistically gifted Indian slave who played a role in the Spanish conquest as the interpreter, secretary, and mistress of Hernando Cortes [sic]	Xiphophorus malinche	Rauchenberger, Kallman & Morizot, 1990	1990		FALSE	Animalia	Chordata	Teleostei	Cyprinodontiformes	Poeciliidae	
902			accepted	species	Nezahualcoyotl: As the sister species of X. montezumae, we felt it appropriate to name this species for Nezahualcoyotl, the poet-philosopher emperor of Tezcoco (Texcoco), considered to be coequal with Montezuma, monarch of the Aztecs in the Aztec Triple Alliance	Xiphophorus nezahualcoyotl	Rauchenberger, Kallman & Morizot, 1990	1990		FALSE	Animalia	Chordata	Teleostei	Cyprinodontiformes	Poeciliidae	
903			accepted	species	Confucius: The specific name is derived from Confucius, intended to show its close affinity with other confuciusornithids	Yangavis confucii	Wang & Zhou, 2019	2019	Wang_2018	TRUE						https://doi.org/10.1093/zoolinnean/zly045
904			accepted	species	Alessandro Volta	Zamenhofella voltai	Girault, 1941	1941		FALSE	Animalia	Arthropoda	Insecta	Hymenoptera	Encyrtidae	
905			accepted	genus	Zanabazar	Zanabazar	Norell et al., 2009	2009	Norell_2009	TRUE						https://doi.org/10.1206/648.1
906			accepted	genus	Jan Dismas Zelenka	Zelenkaia	Hyliš, Oborník, Nebesářová & Vávra (2013)	2013	Hyli__2013	FALSE	Fungi	Rozellomycota	Microsporea			https://doi.org/10.1016/j.jip.2013.04.010
907			accepted	genus	Zenobia: Zenobia, queen of Palmyra, most illustrious for her virtue, learning, and misfortunes	Zenobia	D.Don			FALSE	Plantae	Tracheophyta	Magnoliopsida	Ericales	Ericaceae	
908			accepted	genus	Zhang Heng: "Zhangheng" is derived from the full name of Mr. Zhang Heng, a famous Chinese astronomer, mathematician, inventor, poet, and statesman who lived during the Eastern Han Dynasty (AD 25–220) of China. The figure was born in the outskirts of Nanyang in southwestern Henan Province, quite close to the Xixia Basin [where the fossils were collected]. The word "long" is the direct transliteration of the Mandarin Chinese word that means dragon	Zhanghenglong	Xing et al., 2014	2014	Xing_2014	TRUE						https://doi.org/10.1371/journal.pone.0098821
909			accepted	subspecies	Jami: Nur ad-Din Abdur Rahman Jami (1414–1492), Persian poet and mystic who lived for a long time in Samarkand and western Afghanistan and was buried in Herat	Zygaena afghana jamii	Hofmann, 2017	2017		FALSE	Animalia	Arthropoda	Insecta	Lepidoptera	Zygaenidae	
910			accepted	subspecies	Darius the Great: The type locality is located not far from the famous rock relief of Bihustun. Here Darius I (Old Persian Dārayavaush, New Persian Dariush) immortalized his deeds and royal legitimacy	Zygaena naumanni dariushi	Hofmann, 2017	2017		FALSE	Animalia	Arthropoda	Insecta	Lepidoptera	Zygaenidae	
911			accepted	species	Ranavalona I	Zygonyx ranavalonae	Fraser, 1949	1949		FALSE	Animalia	Arthropoda	Insecta	Odonata	Libellulidae	
912			accepted	species	Ernest Shackleton	Abatus shackletoni	Koehler, 1911	1911		FALSE	Animalia	Echinodermata	Echinoidea	Spatangoida	Schizasteridae	
913			accepted	species	Truganini: Named for Truganini, considered to be the last surviving full-blood indigenous person from Tasmania	Abelopsocus truganiniae	Schmidt & New, 2008	2008	Schmidt_2008	FALSE	Animalia	Arthropoda	Insecta	Psocodea	Philotarsidae	https://doi.org/10.24199/j.mmv.2008.65.7
914			accepted	species	Boris III of Bulgaria	Abies borisii-regis	Mattf.			FALSE	Plantae	Tracheophyta	Pinopsida	Pinales	Pinaceae	
915			accepted	species	Henry Wadsworth Longfellow: This truly remarkable species is respectfully dedicated to Henry W. Longfellow, the poet	Ablerus longfellowi	Girault, 1913	1913		FALSE	Animalia	Arthropoda	Insecta	Hymenoptera	Azotidae	
916			accepted	species	M. C. Escher: Named after the Dutch artist Mauritus [sic] Cornelis Escher, 1898–1972, for the shape of the abyssochelae resembling a 3D puzzle similar to something that Escher might have illustrated	Abyssocladia escheri	Ekins, Erpenbeck & Hooper, 2020	2020	EKINS_2020	FALSE	Animalia	Porifera	Demospongiae	Poecilosclerida	Cladorhizidae	https://doi.org/10.11646/zootaxa.4774.1.1
917			accepted	species	Roald Amundsen	Actinoceras amundseni	Foerste, 1921	1921		TRUE	Animalia	Mollusca	Cephalopoda	Actinoceratida	Actinoceratidae	
918			accepted	species	Albert I, Prince of Monaco	Aeginura grimaldii	Maas, 1904	1904		FALSE	Animalia	Cnidaria	Hydrozoa	Narcomedusae	Aeginidae	
919			accepted	species	Charles de Foucauld: named after Charles Eugène de Foucauld de Pontbriand, Viscount of Foucauld (1858–1916) ‒ a French officer, explorer, geographer, ethnographer, Catholic priest and hermit who lived among the Tuareg people in the Hoggar Mountains. He was assassinated in 1916; canonized by Pope Francis in 2022	Afrikanetz foucauldi	Yakovlev et al., 2023	2023	Yakovlev_2023	FALSE	Animalia	Arthropoda	Insecta	Lepidoptera	Cossidae	https://doi.org/10.37828/em.2023.67.2
920			accepted	species	Queen Victoria	Agave victoriae-reginae	T.Moore			FALSE	Plantae	Tracheophyta	Liliopsida	Asparagales	Asparagaceae	
921			accepted	species	James Clark Ross: name[d] in honour of Sir James Clark Ross, a British Royal Navy officer and explorer of the Antarctic	Akanthinotanais rossi	Błażewicz, Jakiel, Bamber & Bird, 2021	2021		FALSE	Animalia	Arthropoda	Malacostraca	Tanaidacea	Pseudotanaidae	
922			accepted	species	Joseph McCabe: Respectfully dedicated to Joseph McCabe, the former Roman Catholic priest, now writer on the philosophical questions of the time	Alaptus maccabei	Girault, 1914	1914	TRIAPITSYN_2017	FALSE	Animalia	Arthropoda	Insecta	Hymenoptera	Mymaridae	https://doi.org/10.11646/zootaxa.4279.1.1
923			accepted	species	Dolores Cacuango: named in honor to Dolores Cacuango, for her pioneering, outstanding brave efforts for the indigenous rights in Ecuador	Aleiodes cacuangoi	Shimbori & Shaw, 2014	2014	Shimbori_2014	FALSE	Animalia	Arthropoda	Insecta	Hymenoptera	Braconidae	https://doi.org/10.3897/zookeys.405.7402
924			accepted	species	Robert Frost	Aleiodes frosti	Shimbori & Shaw, 2014	2014	Shimbori_2014	FALSE	Animalia	Arthropoda	Insecta	Hymenoptera	Braconidae	https://doi.org/10.3897/zookeys.405.7402
925			accepted	species	Albert I, Prince of Monaco	Alexandromenia grimaldii	Leloup, 1946	1946		FALSE	Animalia	Mollusca	Solenogastres		Amphimeniidae	
926			accepted	species	Antoni Gaudí: The coccolith structure reminds of Gaudí's architecture	Alisphaera gaudii	Kleijne et al., 2001	2001	Kleijne_2001	FALSE						https://doi.org/10.2216/i0031-8884-40-6-583.1
927			accepted	genus	Pedro Bonifacio Palacios and Almafuerte (band): "Almafuerte" is the pseudonymous [sic] of Pedro Bonifacio Palacios (San Justo 1854 - La Plata 1917), an influential Argentine poet and teacher; the name is also shared with a famous Argentine heavy-metal band leaded [sic] by Ricardo Iorio	Almafuerte	Grismado & Carrión, 2017	2017	GRISMADO_2017	FALSE	Animalia	Arthropoda	Arachnida	Araneae	Gnaphosidae	https://doi.org/10.11646/zootaxa.4338.2.3
928			accepted	species	Herbert Spencer	Alophomopsis spenceri	Girault, 1913	1913		FALSE	Animalia	Arthropoda	Insecta	Hymenoptera	Eulophidae	
929			accepted	species	Thomas Edison	Alophomorphella edisoni	Girault, 1915	1915		FALSE	Animalia	Arthropoda	Insecta	Hymenoptera	Eulophidae	
930			accepted	species	Castro Alves: named in memory of Antônio Frederico de Castro Alves, known as "the poet of the slaves" because of his sympathy for the Brazilian abolitionist cause. Castro Alves was born in Bahia state in 1847 and died at 1871. He is the patron of the 7th chair of the Brazilian Academy of Letters. Some of his abolitionist poems, like Espumas Flutuantes, A Cachoeira de Paulo Afonso, and O Navio Negreiro, were collected in a posthumous book called Os Escravos, published in 1883	Alterosa castroalvesi	Dumas, Calor & Nessimian, 2013	2013	Dumas_2013	FALSE						https://doi.org/10.3897/zookeys.317.5437
931			accepted	species	John Muir	Amplaria muiri	Shear & Krejca, 2007	2007		FALSE	Animalia	Arthropoda	Diplopoda		Striariidae	
932			accepted	species	Ralph Waldo Emerson: Respectfully dedicated to R. W. Emerson for his essay on "War."	Anagyrus emersoni	Girault, 1913	1913		FALSE	Animalia	Arthropoda	Insecta	Hymenoptera	Encyrtidae	
933			accepted	species	Giuseppe Mazzini	Anagyrus mazzinini	Girault, 1915	1915		FALSE	Animalia	Arthropoda	Insecta	Hymenoptera	Encyrtidae	
934			accepted	species	Mark Tobey: The sculpture of fine, irregularly intersecting lines is reminiscent of the paintings of Mark Tobey	Anatoma tobeyoides	Geiger & Jansen, 2004	2004	GEIGER_2004	FALSE	Animalia	Mollusca	Gastropoda	Lepetellida	Anatomidae	https://doi.org/10.11646/zootaxa.415.1.1
935			accepted	species	Mór Jókai: This species is named after and dedicated to Mór Jókai (1825–1904), Hungarian novelist, dramatist, to commemorate the bicentenary of his birth. Jókai was interested in malacology, he had a large collection of (mostly marine) shells, and even published a satirical novel entitled "Novel of snails" (A csigák regénye)	Anauchen jokaii	Gojšina & Páll-Gergely, 2025	2025	Goj_ina_2025	FALSE	Animalia	Mollusca	Gastropoda		Hypselostomatidae	https://doi.org/10.3897/zookeys.1235.145281
936			accepted	species	Pablo Picasso: This species looks like an Anauchen with rounded whorls painted in a Pablo Picasso style (i.e., resembling the art style known as Cubism)	Anauchen picasso	Gojšina & Páll-Gergely, 2025	2025	Goj_ina_2025	FALSE	Animalia	Mollusca	Gastropoda		Hypselostomatidae	https://doi.org/10.3897/zookeys.1235.145281
937			accepted	species	Theodore Roosevelt Jr.	Anolis roosevelti	Grant, 1931	1931		FALSE	Animalia	Chordata	Reptilia	Squamata	Anolidae	
938			accepted	species	Mustafa Kemal Atatürk: The name of the new species pays tribute to Kemal Ataturk, the founding father of the modern Turkish republic; Atatürk University in Erzurum, where the specimens are deposited, is named after him	Anostirus ataturki	Platia & Gudenzi, 2000	2000		FALSE						
939			accepted	species	Ernest Shackleton: in reference to British polar explorer Ernest Shackleton, who named the Beardmore Glacier, which runs between lower Fremouw localities such as Graphite Peak	Antarctanax shackletoni	Peecook, Smith & Sidor, 2018	2018	Peecook_2018	TRUE						https://doi.org/10.1080/02724634.2018.1536664
940			accepted	species	Roald Amundsen: named after the Norwegian explorer Roald Amundsen who was the first to reach 90°0'S, the South Pole, on 14 December 1911	Antarctophiline amundseni	Moles, Avila & Malaquias, 2019	2019	Moles_2019	FALSE	Animalia	Mollusca	Gastropoda		Antarctophilinidae	https://doi.org/10.1111/cla.12364
941			accepted	species	Boris III of Bulgaria	Anthemis regis-borisii	Stoj. & Acht.		Stojanoff_1937	FALSE	Plantae	Tracheophyta	Magnoliopsida	Asterales	Asteraceae	https://doi.org/10.2307/3994841
942			accepted	species	Mangi Meli: named in honour of Chief Mangi Meli (1866–1900), who was the leader of the WaChagga and fought against German colonialists and was brutally executed in 1900	Aphanogmus mangimelii	Salden & Peters, 2023	2023	Salden_2023	FALSE	Animalia	Arthropoda	Insecta	Hymenoptera	Ceraphronidae	https://doi.org/10.5852/ejt.2023.884.2181
943			accepted	species	Ernst Thälmann: To a persecuted German	Apleurotropis thaelmanni	Girault, 1934	1934		FALSE	Animalia	Arthropoda	Insecta	Hymenoptera	Eulophidae	
944			accepted	species	José Rizal: José Rizal, born in Luzon of Tagalog parents, studied in Manila, Madrid, Leipzig, Berlin, Paris, London and Brussels and has made an excellent name for himself as a writer in various fields, as a doctor and artist. Living in political exile in Mindanao, he spent years collecting for the Dresden Museum. On 30 November 1896, he gave his young life for his personal and patriotic ideals. He was summarily shot by the Spanish in Manila	Apogonia rizali	Heller, 1897	1897		FALSE	Animalia	Arthropoda	Insecta	Coleoptera	Scarabaeidae	
945			accepted	species	Dorothea Lange	Aptostichus dorothealangeae	Bond, 2012	2012	Bond_2012	FALSE	Animalia	Arthropoda	Arachnida	Araneae	Euctenizidae	https://doi.org/10.3897/zookeys.252.3588
946			accepted	species	John Muir	Aptostichus muiri	Bond, 2012	2012	Bond_2012	FALSE	Animalia	Arthropoda	Arachnida	Araneae	Euctenizidae	https://doi.org/10.3897/zookeys.252.3588
947			accepted	species	Prince Adalbert of Bavaria (1828–1875)	Aquila adalberti	C.L. Brehm, 1861	1861		FALSE	Animalia	Chordata	Aves	Accipitriformes	Accipitridae	
948			accepted	species	George Augustus Sala: Named after the English journalist George Augustus Henry Sala who, during a visit to Victoria in 1885, coined the phrase "Marvellous Melbourne", which stuck long into the twentieth century and is apparently still used today by Melburnians	Araphuroides sala	Błażewicz-Paszkowycz & Bamber, 2012	2012	B_a_ewicz_Paszkowycz_2012	FALSE	Animalia	Arthropoda	Malacostraca	Tanaidacea	Tanaellidae	https://doi.org/10.24199/j.mmv.2012.69.01
949			accepted	species	Fridtjof Nansen: named in honor of Fridtjof Nansen, who was the first to scientifically explore and study the Arctic Ocean	Arcticlam nanseni	Marincovich, 1993	1993	Marincovich_1993	TRUE						https://doi.org/10.1017/S0022336000062259
950			accepted	species	Robert Peary	Arctitreta pearyi	Whitfield, 1908	1908		TRUE	Animalia	Brachiopoda	Strophomenata	Orthotetida	Schuchertellidae	
951			accepted	species	Albert I, Prince of Monaco	Aristostomias grimaldii	Zugmayer, 1913	1913		FALSE	Animalia	Chordata	Teleostei	Stomiiformes	Stomiidae	
952			accepted	species	Ernest Shackleton	Artedidraco shackletoni	Waite, 1911	1911		FALSE	Animalia	Chordata	Teleostei	Perciformes	Harpagiferidae	
953			accepted	species	Hiram Bingham III: named in memory of HIRAM BINGHAM, who "rediscovered" the ruins of Machu Picchu [the type locality] in 1911	Arthromachus binghami	Hoffman, 1987	1987		FALSE	Animalia	Arthropoda	Diplopoda			
954			accepted	species	Arthur Conan Doyle	Arthurdactylus conandoylei	Frey & Martill, 1994	1994		TRUE						
955			accepted	species	Ada Lovelace	Ascogaster lovelaceae	Kittel, 2016	2016		FALSE	Animalia	Arthropoda	Insecta	Hymenoptera	Braconidae	
956			accepted	species	| Albert I, Prince of Monaco	Asterope grimaldi	Skogsberg, 1920	1920		FALSE	Animalia	Arthropoda	Ostracoda	Myodocopida	Cylindroleberididae	
957			accepted	species	Princess Stéphanie of Belgium	Astrarchia stephaniae	Finsch & A.B. Meyer, 1885	1885		FALSE	Animalia	Chordata	Aves	Passeriformes	Paradisaeidae	
958			accepted	species	Edith Cavell: I respectfully dedicate this species to the memory of Miss Edith Cavell, in the certainty that scholars in all civilised countries will appreciate this gesture of sympathy to the noble woman who was the victim of a cowardly and revolting act	Astrophiura cavellae	Koehler, 1915	1915		FALSE	Animalia	Echinodermata	Ophiuroidea	Ophiurida	Astrophiuridae	
959			accepted	species	Vladimir Nabokov	Atalopedes nabokovi	E.L. Bell & Comstock, 1948	1948		FALSE	Animalia	Arthropoda	Insecta	Lepidoptera	Hesperiidae	
960			accepted	species	Matthew Arnold	Atoposoma arnoldi	Girault, 1913	1913		FALSE	Animalia	Arthropoda	Insecta	Hymenoptera	Eulophidae	
961			accepted	species	William Rathbone Greg	Atoposoma gregi	Girault, 1913	1913		FALSE	Animalia	Arthropoda	Insecta	Hymenoptera	Eulophidae	
962			accepted	species	Norman Angell: Dedicated to Ralph Lane for his book The Great Illusion, A Study of the Relation of Military Power in Nations to their Economic and Social Advantage	Atoposoma lanei	Girault, 1913	1913		FALSE	Animalia	Arthropoda	Insecta	Hymenoptera	Eulophidae	
963			accepted	species	Giuseppe Mazzini	Atoposoma mazzinini	Girault, 1913	1913		FALSE	Animalia	Arthropoda	Insecta	Hymenoptera	Eulophidae	
964			accepted	species	Émile Zola: This magnificent species I dedicate with great respect to Émile Zola for his work La Débâcle	Atoposoma zolai	Girault, 1913	1913		FALSE	Animalia	Arthropoda	Insecta	Hymenoptera	Eulophidae	
965			accepted	species	Alberto Santos-Dumont: Dedicated to the Brazilian inventor Alberto Santos Dumont, who was born at Palmira (now Santos Dumont) in Minas Gerais state in 1873 and died in 1932. Santos Dumont is considered the "Father of Flight" and "Aviation Pioneer" because he invented the first true airplane called 14-BIS, which flew a distance of 220 meters at a height of 6 meters and at a speed of about 40 km/h, in Paris on November 12, 1906	Austrotinodes santosdumonti	Dumas, de Souza & Rocha, 2017	2017	Dumas_2017	FALSE	Animalia	Arthropoda	Insecta	Trichoptera	Ecnomidae	https://doi.org/10.5852/ejt.2017.297
966			accepted	species	Apolinario Mabini: is named after Apolinario Mabini y Maranan (1864–1903), a Filipino revolutionary leader and hero who confronted both the Spanish and American colonial rules	Axylus mabinii	Tan et al., 2018	2018	TAN_2018	FALSE	Animalia	Arthropoda	Insecta	Orthoptera	Tettigoniidae	https://doi.org/10.11646/zootaxa.4462.3.2
967			accepted	species	Oliver Hardy: were named after the two American film comics: Stan Laurel and Oliver Hardy. Without their films, who could face days of staring through the microscope at dead cicadas? Furthermore, Mr. Hardy's favourite line: "there's another nice mess you've gotten me into" frequently leaps to the mind when studying the species of the genus Baeturia	Baeturia hardyi	De Boer, 1986	1986		FALSE	Animalia	Arthropoda	Insecta	Hemiptera	Cicadidae	
968			accepted	species	Stan Laurel: were named after the two American film comics: Stan Laurel and Oliver Hardy. Without their films, who could face days of staring through the microscope at dead cicadas? Furthermore, Mr. Hardy's favourite line: "there's another nice mess you've gotten me into" frequently leaps to the mind when studying the species of the genus Baeturia	Baeturia laureli	De Boer, 1986	1986		FALSE	Animalia	Arthropoda	Insecta	Hemiptera	Cicadidae	
969			accepted	species	Rudyard Kipling	Bagheera kiplingi	Peckham & Peckham, 1896	1896		FALSE	Animalia	Arthropoda	Arachnida	Araneae	Salticidae	
970			accepted	species	Rabindranath Tagore: was carried out in the centenary year of one of India's most famous poets, Rabindranath Tagore, and named in his memory	Barapasaurus tagorei	Jain, Kutty, Roy-Chowdhury & Chatterjee, 1975	1975	Jain_1975	TRUE						https://doi.org/10.1098/rspb.1975.0014
971			accepted	species	Albert I, Prince of Monaco	Bathytroctes grimaldii	Zugmayer, 1911	1911		FALSE	Animalia	Chordata	Teleostei	Alepocephaliformes	Alepocephalidae	
972			accepted	species	Johannes Brahms: Dedicated to the eminent German composer Johannes Brahms for his unshakable romanticism in an era of drastic symphonic changes	Beethovenia brahmsi	García-Alcalde, 2015	2015	Garc_a_Alcalde_2015	TRUE	Animalia	Brachiopoda	Strophomenata	Strophomenida	Strophodontidae	https://doi.org/10.17811/tdg.34.2014.19-60
973			accepted	species	Menelik II	Belonogaster menelikii	Gribodo, 1879	1879		FALSE	Animalia	Arthropoda	Insecta	Hymenoptera	Vespidae	
974			accepted	genus	Bhambatha: dedicated to Bhambatha kaMancinza (ca. 1860–1906?), a Zulu chief of the amaZondi clan in present-day KwaZulu-Natal, famous for his role in an armed rebellion against the British	Bhambathorhynchus	Willems & Artois, 2017	2017	WILLEMS_2017	FALSE	Animalia	Platyhelminthes		Rhabdocoela	Koinocystididae	https://doi.org/10.11646/zootaxa.4242.3.2
975			accepted	species	Albert I, Prince of Monaco	Biemma grimaldii	Topsent, 1890	1890		FALSE	Animalia	Porifera	Demospongiae	Desmacellida	Desmacellidae	
976			accepted	genus	Otto von Bismarck	Bismarckia	Hildebr. & H.Wendl.			FALSE	Plantae	Tracheophyta	Liliopsida	Arecales	Arecaceae	
977			accepted	genus	Andrés Eloy Blanco: The generic name honors the Venezuelan poet Andrés Eloy Blanco, author of Angelitos Negros	Blancoa	Huber, 2000	2000	HUBER_2000	FALSE	Animalia	Arthropoda	Arachnida	Araneae	Pholcidae	https://doi.org/10.1206/0003-0090(2000)254<0001:NWPSAP>2.0.CO;2
978			accepted	species	Jules Verne: in honour of Jules Verne (1828–1905), a French writer who is considered by many as the Father of science fiction. His tens of novels on travel, discovery, invention and history have inspired millions of children and teenagers worldwide (including both authors of this study) with his thirst for knowledge and discovery	Bonnetina julesvernei	Ortiz & Francke, 2017	2017	Ortiz_2017	FALSE	Animalia	Arthropoda	Arachnida	Araneae	Theraphosidae	https://doi.org/10.1093/zoolinnean/zlw013
979			accepted	genus	Jorge Luis Borges: The new genus is dedicated to Jorge Luis Borges [...], the Argentinean writer, author of the Manual of Fantastic Zoology, which included spherical animals as Symphypleona are	Borgesminthurinus	Palacios-Vargas, 2020	2020	PALACIOS_VARGAS_2020	FALSE	Animalia	Arthropoda	Collembola	Symphypleona	Katiannidae	https://doi.org/10.11646/zootaxa.4819.2.1
980			accepted	genus	George Borrow	Borrowella	Girault, 1923	1923		FALSE	Animalia	Arthropoda	Insecta	Hymenoptera	Encyrtidae	
981			accepted	species	Gabriela Mistral: referring to Gabriela Mistral, pseudonym of the Chilean poetess Lucila María Godoy Alcayaga (1889–1957), who was born in Vicuña and raised in Monte Grande, both in the Elqui valley (Coquimbo Region), an area adjacent to the type locality of this species	Bothriurus mistral	Ojanguren-Affilastro, Mattoni, Alfaro & Pizarro-Araya, 2023	2023	Ojanguren_Affilastro_2023	FALSE	Animalia	Arthropoda	Arachnida	Scorpiones	Bothriuridae	https://doi.org/10.1371/journal.pone.0281336
982			accepted	genus	Semyon Budyonny: Dedicated to a hero	Boudiennyia	Girault, 1937	1937		FALSE	Animalia	Arthropoda	Insecta	Hymenoptera	Mymaridae	
983			accepted	species	Mahatma Gandhi: named for Mohandas Karamchand Gandhi (1869–1948). He was the pre-eminent leader of the Indian Independence Movement in British-ruled India, eventually paving the way for independence of Sri Lanka as well	Bristowia gandhii	Kanesharatnam & Benjamin, 2016	2016	Kanesharatnam_2016	FALSE	Animalia	Arthropoda	Arachnida	Araneae	Salticidae	https://doi.org/10.5852/ejt.2016.228
984			accepted	species	Theodore Roosevelt	Buliminus roosevelti	Dall, 1910	1910		FALSE	Animalia	Mollusca	Gastropoda			
985			accepted	species	Karen Blixen: In memory of the Danish author and writer Karen Christenze von Blixen-Finecke (born Dinesen; 17 April 1885 - 7 September 1962). [Dedication] that the actress Ghita Nørby suggested to us	Burmomiles blixenae	Fanti & Damgaard, 2019	2019		TRUE						
986			accepted	species	Federico García Lorca: a patronym honoring the great Spanish poet and dramatist Federico García Lorca (5/June/1898 – 18/August/1936). Born in Granada, as a member of the Generation of '27 he became the greatest 20th century poet in Spain and one of the best dramatists and prose writers as well. Because of political reasons, during the Spanish Civil War he was assassinated by a fascist Falangist firing squad precisely at the type locality of the new species	Buthus garcialorcai	Teruel & Turiel, 2020	2020		FALSE	Animalia	Arthropoda	Arachnida	Scorpiones	Buthidae	
987			accepted	species	Thibaw Min	Caconeura theebawi	Fraser, 1922	1922		FALSE	Animalia	Arthropoda	Insecta	Odonata	Platycnemididae	
988			accepted	species	Arthur Conan Doyle: honoring Sir Arthur Conan Doyle for his influential novel The Lost World, in which he depicted ancient creatures surviving until the present era on the isolated summit of a remote table-top mountain, like the frog we describe here	Caligophryne doylei	Fouquet et al., 2023	2023	Fouquet_2024	FALSE	Animalia	Chordata	Amphibia	Anura	Caligophrynidae	https://doi.org/10.1016/j.ympev.2023.107971
989			accepted	species	Albert I, Prince of Monaco	Calliostoma grimaldii	Dautzenberg & Fischer, 1896	1896		FALSE	Animalia	Mollusca	Gastropoda	Trochida	Calliostomatidae	
990			accepted	species	Franklin D. Roosevelt: Named after President Franklin D. Roosevelt, who facilitated the 1938 cruise to Île Clipperton which allowed W.L. Schmitt to collect the first specimen of the new species	Callyspongia roosevelti	van Soest, Kaiser & Van Syoc, 2011	2011	VAN_SOEST_2011	FALSE	Animalia	Porifera	Demospongiae	Haplosclerida	Callyspongiidae	https://doi.org/10.11646/zootaxa.2839.1.1
991			accepted	species	Edith Cavell: One of these two species is dedicated to the memory of the passengers on the Lusitania [Calometopus lusitaniae, described in the same paper], the other to the memory of Miss Edith Cavell, victims of German barbarism	Calometopidius cavellae	Bourgoin, 1917	1917	Bourgoin_1917	FALSE	Animalia	Arthropoda	Insecta	Coleoptera	Scarabaeidae	https://doi.org/10.3406/bsef.1917.26062
992			accepted	species	Désiré-Joseph Mercier: It is not without emotion that I have written, in the form of a Gabonese insect, the name of a venerated and energetic prelate who was the soul of the resistance of an unfortunate oppressed people". The genus Calvarium was created concurrently as "a discreet and sad tribute to those who have suffered in exile, to those who are still suffering, stricken by cruel bereavement, and especially to the mothers and widows who have suffered in their dearest affections	Calvarium mercieri	Pic, 1918	1918		FALSE						
993			accepted	species	Ernest Shackleton: Named, in recognition of its probable pan-Antarctic presence, after Sir Ernest Shackleton, polar explorer, and also for the Shackleton Scholarship Fund, which supported this work	Calyx shackletoni	Goodwin, Brewin & Brickle, 2012	2012	GOODWIN_2012	FALSE	Animalia	Porifera	Demospongiae	Haplosclerida	Phloeodictyidae	https://doi.org/10.11646/zootaxa.3542.1.1
994			accepted	species	Osceola: named for the Seminole Chief Osceola, a heroic leader of the resistance of his people during their conflict with the United States Government	Cambarincola osceola	Hoffman, 1963	1963	Hoffman_1963	FALSE	Animalia	Annelida	Clitellata	Branchiobdellida	Branchiobdellidae	https://doi.org/10.5479/si.00963801.114-3470.271
995			accepted	species	Ludolph Anne Jan Wilt Sloet van de Beele: This species bears the name of His Excellency Baron Sloet van de Beële, Governor-General of the Dutch possessions in the East Indies, a name dear to the sciences, since it belongs to a man of integrity and learning who, in the midst of the high functions he exercises, has taken pleasure in favouring with all his power the progress of human knowledge, and in remembering his fellow members of the Academy of Sciences, among whom he will, we hope, take his place again after his return from the Indies	Campephaga sloetii	Schlegel, 1866	1866		FALSE	Animalia	Chordata	Aves	Passeriformes	Campephagidae	
996			accepted	species	Charlie Chaplin: This species is named in honor of the great silent movie comedian, Charlie Chaplin, because of the curious tendency of this fly to die with its midlegs in a bandy-legged position	Campsicnemus charliechaplini	Evenhuis, 1996	1996		FALSE	Animalia	Arthropoda	Insecta	Diptera	Dolichopodidae	
997			accepted	species	John Papa {{okina}}Ī{{okina}}ī: The specific epithet honors John Papa i'i (1800–1870), leading citizen of the Hawaiian kingdom during the 19th century when he was attendant to king Kamehameha II and close associate of many rulers of Hawaiʻi. One of his great-greatgrandsons is my good friend and colleague in Hawaiian history, DeSoto Brown, collection manager of the Bishop Museum Archives [where the specimens are stored]	Campsicnemus iii	Evenhuis, 2011	2011		FALSE	Animalia	Arthropoda	Insecta	Diptera	Dolichopodidae	
998			accepted	species	Pablo Picasso	Cannopilus picassoi	H.Stradner 1961	1961		TRUE						
999			accepted	species	Nair de Teffé	Carapoia nairae	Huber, 2016	2016	HUBER_2016	FALSE	Animalia	Arthropoda	Arachnida	Araneae	Pholcidae	https://doi.org/10.11646/zootaxa.4177.1.1
1000			accepted	species	José Rizal: Named after Jose Rizal, the national hero of the Philippines who was exiled in the city of Dapitan	Cardiodactylus rizali	Robillard, 2014	2014	ROBILLARD_2014	FALSE	Animalia	Arthropoda	Insecta	Orthoptera	Gryllidae	https://doi.org/10.11646/zootaxa.3854.1.1
1001			accepted	genus	Andrew Carnegie: I take pleasure in dedicating the genus [...] to my honored friend, Mr. Andrew Carnegie, whose recent gift of a million of dollars, the income there from to be annually expended in the purchase of works of art and collections for the Art Gallery and Museum, which he has founded in the city of Pittsburgh, well entitles him to be regarded as one of the foremost promoters of science in this country	Carnegia	Holland, 1896	1896		FALSE	Animalia	Arthropoda	Insecta	Lepidoptera	Saturniidae	
1002			accepted	genus	Andrew Carnegie	Carnegiea	Britton & Rose		Britton_1908	FALSE	Plantae	Tracheophyta	Magnoliopsida	Caryophyllales	Cactaceae	https://doi.org/10.5962/p.392074
1003			accepted	subspecies	Tomáš Masaryk	Cerambyx cerdo masaryki	Vartanis, 2018	2018		FALSE	Animalia	Arthropoda	Insecta	Coleoptera	Cerambycidae	
1004			accepted	species	Emilio Aguinaldo	Ceraphron aguinaldoi	Dessart, 1981	1981		FALSE	Animalia	Arthropoda	Insecta	Hymenoptera	Ceraphronidae	
1005			accepted	species	Ralph Waldo Emerson	Cerapterocerus emersoni	Girault, 1915	1915		FALSE	Animalia	Arthropoda	Insecta	Hymenoptera	Encyrtidae	
1006			accepted	species	Matthew Arnold	Ceratoneuronomyia arnoldi	Girault, 1913	1913		FALSE	Animalia	Arthropoda	Insecta	Hymenoptera	Eulophidae	
1007			accepted	species	Henri Poincaré	Ceratoneuropsis poincarei	Girault, 1913	1913		FALSE	Animalia	Arthropoda	Insecta	Hymenoptera	Eulophidae	
1008			accepted	species	Ignacio Zaragoza: dedicated to General Ignacio Zaragoza at the first Centennial of his glorious deeds in defense of the national sovereignty	Ceratozamia zaragozae	Medellín		Medellin_Leal_1963	FALSE	Plantae	Tracheophyta	Cycadopsida	Cycadales	Zamiaceae	https://doi.org/10.2307/2805404
1009			accepted	species	Edward Dando: Named for Edward Dando, a famed food thief in 19th century Britain who is credited with consuming massive quantities of oysters and refusing to pay for them, declaring that he "refuse[d] to starve in a land of plenty". We find this name to be especially apt for this species, as we reared C. dandoi from galls of Neuroterus tantalus [sic; correct species name is tantulus] which superficially resemble the shells of some mollusks, evidently Dando's favorite food	Ceroptres dandoi	Nastasi, Smith & Davis, 2024	2024	NASTASI_2024	FALSE	Animalia	Arthropoda	Insecta	Hymenoptera	Cynipidae	https://doi.org/10.11646/zootaxa.5508.1.1
1010			accepted	species	Theodore Roosevelt: named in honor of Colonel Theodore Roosevelt, in recognition of his services behalf of the natural history of mammals, and especially in recognition of his contributions to a knowledge of Alces americanus, the American Moose, the living representative of the animal here described	Cervalces roosevelti	Hay, 1913	1913		TRUE						
1011			accepted	species	Theodore Roosevelt	Cervus roosevelti	Merriam, 1897	1897		FALSE	Animalia	Chordata	Mammalia	Artiodactyla	Cervidae	
1012			accepted	species	Harry S. Truman	Chaenusa trumani	Kula, 2008	2008	Kula_2008	FALSE	Animalia	Arthropoda	Insecta	Hymenoptera	Braconidae	https://doi.org/10.4289/0013-8797-110.1.1
1013			accepted	species	Ernest Shackleton: named in honor of Sir Ernest Shackleton (1874–1922), Antarctic explorer of the Heroic Age, whose Imperial Trans-Antarctic Expedition (1914–1917) was curtailed by ice in the Weddell Sea, resulting in his ship HMS Endurance being trapped, eventually crushed, and sunk, leaving all hands with few options for survival. Shackleton, however, organized the crew and after hauling their life boats across the ice to open water, they eventually landed on Elephant Island. There being no hope for rescue, Shackleton led a small crew on his now-famous boat journey to South Georgia where eventually, after a trek over the mountains from the southern to northern side of the island to the whaling station at Grytviken, he was able to find a vessel, return, and rescue his crew with no loss of life. Years later, while on another expedition, he died on 5 Jan 1922 on South Georgia where he was buried	Chaetozone shackletoni	Blake, 2018	2018	BLAKE_2018	FALSE	Animalia	Annelida	Polychaeta		Cirratulidae	https://doi.org/10.11646/zootaxa.4537.1.1
1014			accepted	species	Roald Amundsen: dedicated to the memory of Roald Amundsen, conqueror of the South Pole and first mate on the RV Belgica during the historical Belgian Antarctic Expedition	Charcotia amundseni	D'Udekem D'Acoz, Schön & Robert, 2018	2018	D_Udekem_d_Acoz_2018	FALSE	Animalia	Arthropoda	Malacostraca	Amphipoda	Lysianassidae	https://doi.org/10.26496/bjz.2018.18
1015			accepted	species	Rabindranath Tagore	Cheiracanthium tagorei	Biswas & Raychaudhuri, 2003	2003	Biswas_2003	FALSE	Animalia	Arthropoda	Arachnida	Araneae	Cheiracanthiidae	https://doi.org/10.26515/rzsi/v101/i3-4/2003/159551
1016			accepted	genus	Chipeta	Chipetaia	Rasmussen, 1996	1996	Rasmussen_1996	TRUE						https://doi.org/10.1006/jhev.1996.0051
1017			accepted	species	Porfirio Díaz: Named for Porfirio Díaz, the honored President of the Republic of Mexico, in recognition of his interest in the progress of science	Chirostoma diazi	Jordan & Snyder, 1899	1899		FALSE	Animalia	Chordata	Teleostei	Atheriniformes	Atherinopsidae	
1018			accepted	species	Albert I, Prince of Monaco	Chiroteuthis grimaldii	Joubin, 1895	1895		FALSE	Animalia	Mollusca	Cephalopoda	Oegopsida	Mastigoteuthidae	
1019			accepted	species	Ernest Hemingway	Chlorocytus papahemii	Tselikh & Li, 2026	2026	Li_2026	FALSE	Animalia	Arthropoda	Insecta	Hymenoptera	Pteromalidae	https://doi.org/10.3897/zookeys.1279.188643
1020			accepted	species	Georges Clemenceau	Chlorophorus clemenceaui	Pic, 1918	1918		FALSE	Animalia	Arthropoda	Insecta	Coleoptera	Cerambycidae	
1021			accepted	species	Alexandre Dumas	Chrysocharis dumasi	Girault, 1915	1915		FALSE	Animalia	Arthropoda	Insecta	Hymenoptera	Eulophidae	
1022			accepted	species	Giovanni Pascoli: named after Giovanni Pascoli (1855–1912), an Italian poet. The name for this species was suggested by my friend M. Daccordi, who presented me the type specimens	Chrysolina pascolii	Bieńkowski, 2024	2024	Bie_kowski_2024	FALSE	Animalia	Arthropoda	Insecta	Coleoptera	Chrysomelidae	https://doi.org/10.1556/1777.2024.00035
1023			accepted	species	Franz Kafka: Based on its general dark color, the species is named after the fiction author Franz Kafka, whose literature mostly deals with the darkness and absurdity of human behavior	Chrysopilus kafkai	Cegolin & Santos, 2020	2020	Cegolin_2020	FALSE	Animalia	Arthropoda	Insecta	Diptera	Rhagionidae	https://doi.org/10.11606/1807-0205/2020.60.42
1024			accepted	species	Giuseppe Mazzini	Chrysopophagus mazzinini	Girault, 1915	1915		FALSE	Animalia	Arthropoda	Insecta	Hymenoptera	Encyrtidae	
1025			accepted	species	Alfonsina Storni: dedicated to Alfonsina Storni (1892-1938). She was a teacher and was a poet, and her prose was feminist. Critics attribute [her] an originality that changed the meaning of Latin American lyrics. She had breast cancer and chose suicide. She threw herself from the breakwater of the Club Argentino de Mujeres, from the city of Mar del Plata, although a song dedicated in her honor portrayed her slowly entering the sea	Cirratulus alfonsinae	Saracho-Bottero & Elías, 2019	2019	Saracho_Bottero_2019	FALSE	Animalia	Annelida	Polychaeta		Cirratulidae	https://doi.org/10.15517/rbt.v67iS5.38942
1026			accepted	species	Albert I, Prince of Monaco	Cirroteuthis grimaldii	Joubin, 1903	1903		FALSE	Animalia	Mollusca	Cephalopoda		Opisthoteuthidae	
1027			accepted	species	Mikhail Lermontov: The species is named in honour of the famous Russian poet Mikhail Yur'evich Lermontov (1814–1841) who was lieutenant of Tenginsky infantry regiment deployed in 1839 in the mouth of Shapsukho River – not so far from the type locality of the species described	Cixius lermontovi	Gnezdilov, 2018	2018	Gnezdilov_2018	FALSE	Animalia	Arthropoda	Insecta	Hemiptera	Cixiidae	https://doi.org/10.31610/trudyzin/2018.322.1.45
1028			accepted	species	Albert I, Prince of Monaco	Cladorhiza grimaldii	Topsent, 1909	1909		FALSE	Animalia	Porifera	Demospongiae	Poecilosclerida	Cladorhizidae	
1029			accepted	species	Truganini	Clepsydra truganiniae	Vyverman et al.			FALSE	Animalia	Mollusca	Bivalvia		Penicillidae	
1030			accepted	species	George William Curtis	Closterocerus curtisi	Girault, 1915	1915		FALSE	Animalia	Arthropoda	Insecta	Hymenoptera	Eulophidae	
1031			accepted	species	Edmond Rostand	Closterocerus rostandi	Girault, 1915	1915		FALSE	Animalia	Arthropoda	Insecta	Hymenoptera	Eulophidae	
1032			accepted	species	Israel Zangwill: Dedicated to Israel Zangwill for his tragedy The War God	Closterocerus zangwilli	Girault, 1913	1913		FALSE	Animalia	Arthropoda	Insecta	Hymenoptera	Eulophidae	
1033			accepted	species	Vincent van Gogh: The colouration of the new species is reminiscent of one of van Gogh's most iconic paintings, The Starry Night	Cnemaspis vangoghi	Khandekar, Thackeray & Agarwal, 2024	2024	Khandekar_2024	FALSE	Animalia	Chordata	Reptilia	Squamata	Gekkonidae	https://doi.org/10.3897/zookeys.1196.117947
1034			accepted	species	Andrew Carnegie	Cnesterodon carnegiei	Haseman, 1911	1911	Haseman_1911	FALSE	Animalia	Chordata	Teleostei	Cyprinodontiformes	Poeciliidae	https://doi.org/10.5962/p.167633
1035			accepted	species	Fatma Aliye Topuz	Cobitis aliyeae	Freyhof, Bayçelebi & Geiger, 2018	2018	FREYHOF_2018	FALSE	Animalia	Chordata	Teleostei	Cypriniformes	Cobitidae	https://doi.org/10.11646/zootaxa.4535.1.1
1036			accepted	species	Wilhelm Wundt	Coccidoxenus wundti	Girault, 1915	1915		FALSE	Animalia	Arthropoda	Insecta	Hymenoptera	Encyrtidae	
1037			accepted	species	Henry David Thoreau	Coccophagus thoreauini	Girault, 1915	1915		FALSE	Animalia	Arthropoda	Insecta	Hymenoptera	Aphelinidae	
1038			accepted	species	Paul Gauguin: named for the artist Paul Gauguin, who was one of the earliest French impressionists [sic; he was actually a post-impressionist], living for several years in French Polynesia	Colanthura gauguini	Müller, 1993	1993		FALSE	Animalia	Arthropoda	Malacostraca	Isopoda	Paranthuridae	
1039			accepted	species	Hans Christian Andersen	Collastoma anderseni	Roehl, 2017	2017	Roehl_2017	FALSE	Animalia	Platyhelminthes		Rhabdocoela	Umagillidae	https://doi.org/10.1080/00222933.2017.1303549
1040			accepted	species	Mahatma Gandhi	Colletes gandhi	Kuhlmann, 2003	2003		FALSE	Animalia	Arthropoda	Insecta	Hymenoptera	Colletidae	
1041			accepted	species	César Vallejo: in honor of the great poet and writer Cesar Vallejo, born in La Libertad Department	Compsodactylus vallejoi	Figueroa & Neita-Moreno, 2019	2019	FIGUEROA_2019	FALSE	Animalia	Arthropoda	Insecta	Coleoptera	Scarabaeidae	https://doi.org/10.11646/zootaxa.4560.3.12
1042			accepted	species	Seru Epenisa Cakobau: Named after Seru Epenisa Cakobau, warlord of the 'Cannibal Islands'; in 1871, he brought for the first time under his rule what today constitutes the Fiji Islands	Conus cakobaui	Moolenbeek, Röckel & Bouchet, 2008	2008	Puillandre_2014	FALSE	Animalia	Mollusca	Gastropoda	Neogastropoda	Conidae	https://doi.org/10.1093/mollus/eyu055
1043			accepted	species	William Lloyd Garrison	Conus garrisoni	Hendricks, 2015	2015	Hendricks_2015	TRUE	Animalia	Mollusca	Gastropoda	Neogastropoda	Conidae	https://doi.org/10.1371/journal.pone.0120924
1044			accepted	species	Paul Gauguin	Conus gauguini	Richard & Salvat, 1973	1973		FALSE	Animalia	Mollusca	Gastropoda	Neogastropoda	Conidae	
1045			accepted	species	José Rizal: named in honor of José Rizal, the National Hero of the Philippines. Dr. Rizal, who was executed by the Spanish Colonial Administration in 1898, collected shells as a hobby	Conus rizali	Olivera & Biggs, 2010	2010		FALSE	Animalia	Mollusca	Gastropoda	Neogastropoda	Conidae	
1046			accepted	species	Marie Curie	Corynebacterium curieae	Cappelli et al., 2023	2023	Cappelli_2023	FALSE	Bacillati	Actinomycetota	Actinomycetes	Mycobacteriales	Corynebacteriaceae	https://doi.org/10.3390/microorganisms11020388
1047			accepted	species	Inge Lehmann	Corynebacterium lehmanniae	Cappelli et al., 2023	2023	Cappelli_2023	FALSE	Bacillati	Actinomycetota	Actinomycetes	Mycobacteriales	Corynebacteriaceae	https://doi.org/10.3390/microorganisms11020388
1048			accepted	species	Branca Edmée Marques	Corynebacterium marquesiae	Cappelli et al., 2023	2023	Cappelli_2023	FALSE	Bacillati	Actinomycetota	Actinomycetes	Mycobacteriales	Corynebacteriaceae	https://doi.org/10.3390/microorganisms11020388
1049			accepted	species	Lise Meitner	Corynebacterium meitnerae	Cappelli et al., 2023	2023	Cappelli_2023	FALSE	Bacillati	Actinomycetota	Actinomycetes	Mycobacteriales	Corynebacteriaceae	https://doi.org/10.3390/microorganisms11020388
1050			accepted	species	Ernest Renan	Cosmocomoidea renani	Girault, 1913	1913	GIRAULT_1913	FALSE	Animalia	Arthropoda	Insecta	Hymenoptera	Mymaridae	https://doi.org/10.4039/Ent45327-10
1051			accepted	species	Vincenzo Bellini	Crambus bellinii	Bassi, 2014	2014	Bassi_2014	FALSE	Animalia	Arthropoda	Insecta	Lepidoptera	Crambidae	https://doi.org/10.4081/entomologia.2014.160
1052			accepted	species	Hector Berlioz	Crambus berliozi	Bassi, 2012	2012	Bassi_2012	FALSE	Animalia	Arthropoda	Insecta	Lepidoptera	Crambidae	https://doi.org/10.5962/bhl.part.150195
1053			accepted	species	Albert, Prince Consort: A new and beautiful species of a limited family like the Curassows must be looked upon as a valuable addition to our stock of ornithological acquaintances, and deserving of a distinguished cognomen. I therefore propose to name it after Her Most Gracious Majesty's illustrious consort, His Royal Highness Prince Albert, forming at the same time a companion to my Goura victoria	Crax alberti	Fraser, 1850	1850		FALSE	Animalia	Chordata	Aves	Galliformes	Cracidae	
1054			accepted	species	George Boole	Cremastobaeus boolei	Veenakumari, 2017	2017	Kamalanathan_2017	FALSE	Animalia	Arthropoda	Insecta	Hymenoptera	Scelionidae	https://doi.org/10.1080/00222933.2017.1357859
1055			accepted	species	Crazy Horse: Named for Crazy Horse, the Native American war leader of the Lakota people. Witko means crazy in the Lakota language and a Pegasus is a winged horse	Cremnops witkopegasus	Tucker, Chapman & Sharkey, 2015	2015	TUCKER_2015	FALSE	Animalia	Arthropoda	Insecta	Hymenoptera	Braconidae	https://doi.org/10.11646/zootaxa.3916.1.1
1056			accepted	species	Mahatma Gandhi: The type series of C. gandhii sp. n. was part of the type series of the earlier described C. aungsansuukyiae, dedicated to Aung San Suu Kyi, human rights activist in Myanmar [see List of organisms named after famous people (born 1925–1949)] [...]. As the Indian specimens are now described as separate species, we choose in "good tradition" as name patron for the here described similar taxon the famous Indian pacifist Mohandas Karamchand Gandhi, known as Mahatma Gandhi	Cricula gandhii	Naumann & Löffler, 2013	2013		FALSE	Animalia	Arthropoda	Insecta	Lepidoptera	Saturniidae	
1057			accepted	species	Albert I, Prince of Monaco	Crisia grimaldii	Calvet, 1911	1911		FALSE	Animalia	Bryozoa	Stenolaemata	Cyclostomatida	Crisiidae	
1058			accepted	species	Victor Hugo	Cristatithorax hugoi	Girault, 1915	1915		FALSE	Animalia	Arthropoda	Insecta	Hymenoptera	Encyrtidae	
1059			accepted	species	Agustín Barrios: dedicated to the memory of the great Paraguayan guitarist and composer Agustín Pío Barrios, also known as Nitsuga Mangoré, as an acknowledgement to his amazing musical contribution	Crocidosema nitsugai	Vargas, 2019	2019	Vargas_2019	FALSE	Animalia	Arthropoda	Insecta	Lepidoptera	Tortricidae	https://doi.org/10.3897/nl.42.38341
1060			accepted	species	Ferdinand Foch: Named in honour of Gen. Foch, by whose genius victory in the recent great struggle has been so greatly accelerated	Ctenomys fochi	Thomas, 1919	1919		FALSE	Animalia	Chordata	Mammalia	Rodentia	Ctenomyidae	
1061			accepted	species	Douglas Haig, 1st Earl Haig: Named in honour of General Sir Douglas Haig, Commander-in-Chief of the British armies	Ctenomys haigi	Thomas, 1919	1919		FALSE	Animalia	Chordata	Mammalia	Rodentia	Ctenomyidae	
1062			accepted	species	José Rizal: I dedicate this beautiful species to the memory of Dr. José Rizal y Mercado in recognition of his work as the first Filipino scientist	Culex rizali	C.S. Banks, 1906	1906		FALSE	Animalia	Arthropoda	Insecta	Diptera	Culicidae	
1063			accepted	species	Sigmund Freud	Cyclocephala freudi	Endrödi, 1963	1963		FALSE	Animalia	Arthropoda	Insecta	Coleoptera	Scarabaeidae	
1064			accepted	species	Hermann Rorschach	Cyclocephala rorschachoides	Ratcliffe, 1992	1992		FALSE	Animalia	Arthropoda	Insecta	Coleoptera	Scarabaeidae	
1065			accepted	species	Liliʻuokalani: Named in honour of Lydia Liliʻu Loloku Walania Kamakaʻeha, Queen Liliʻuokalani, the last sovereign monarch of Ke Aupuni Hawaiʻi (the Kingdom of Hawaiʻi) until her overthrow by the US Government on January 17, 1893	Cyerce liliuokalaniae	Moreno et al., 2025	2025	Moreno_2025	FALSE	Animalia	Mollusca	Gastropoda		Caliphyllidae	https://doi.org/10.1093/zoolinnean/zlaf030
1066			accepted	species	Jules Verne: The new species is dedicated to French author Jules (1828–1905) on the occasion of the 150th anniversary of the publication of his inspirational book Voyage au centre de la Terre (Journey to the Center of the Earth)	Cylindroiulus julesvernei	Reboleira & Enghoff, 2014	2014	REBOLEIRA_2014	FALSE	Animalia	Arthropoda	Diplopoda			https://doi.org/10.11646/zootaxa.3785.3.9
1067			accepted	species	Rais-Ali Delvari	Cymodoce delvarii	Khalaji-Pirbalouty, Bruce & Wägele, 2013	2013	KHALAJI_PIRBALOUTY_2013	FALSE	Animalia	Arthropoda	Malacostraca	Isopoda	Sphaeromatidae	https://doi.org/10.11646/zootaxa.3686.5.1
1068			accepted	species	Mahatma Gandhi: Mohandas Karamchand Gandhi was an Indian lawyer and political ethicist who employed nonviolent resistance to lead the successful campaign for India's independence from British Rule and in turn inspired movements for civil rights and freedom across the World	Cyphochilus gandhii	Sabatinelli, 2020	2020	Sabatinelli_2020	FALSE	Animalia	Arthropoda	Insecta	Coleoptera	Scarabaeidae	https://doi.org/10.35929/RSZ.0014
1069			accepted	species	Albert I of Belgium	Cyphon alberti	Pic, 1918	1918	Ruta_2009	FALSE	Animalia	Arthropoda	Insecta	Coleoptera	Scirtidae	https://doi.org/10.3161/000345409x484982
1070			accepted	species	Alberico Albricci	Cyphon albriecii	Pic, 1918	1918		FALSE	Animalia	Arthropoda	Insecta	Coleoptera	Scirtidae	
1071			accepted	species	Joseph Gaudérique Aymerich	Cyphon aymerichi	Pic, 1918	1918		FALSE	Animalia	Arthropoda	Insecta	Coleoptera	Scirtidae	
1072			accepted	species	Luigi Cadorna	Cyphon cadornai	Pic, 1918	1918		FALSE	Animalia	Arthropoda	Insecta	Coleoptera	Scirtidae	
1073			accepted	species	Marie Eugène Debeney	Cyphon debeneyi	Pic, 1918	1918		FALSE	Animalia	Arthropoda	Insecta	Coleoptera	Scirtidae	
1074			accepted	species	Jean-Marie Degoutte	Cyphon degouttei	Pic, 1918	1918		FALSE	Animalia	Arthropoda	Insecta	Coleoptera	Scirtidae	
1075			accepted	species	David Beatty, 1st Earl Beatty	Cyphon beattyi	Pic, 1918	1918		FALSE	Animalia	Arthropoda	Insecta	Coleoptera	Scirtidae	
1076			accepted	species	Émile Driant: The dead, who also had beautiful patriotic gestures, or who seem to us to deserve a contributory part in the final victory, will not be forgotten. C. Drianti, with the lamented name of a great patriot (ab uno disce omnes), will recall, as is my wish, the immortal memory of the elite phalanx of the "fallen in the field of honour"	Cyphon drianti	Pic, 1918	1918		FALSE	Animalia	Arthropoda	Insecta	Coleoptera	Scirtidae	
1077			accepted	species	Armando Diaz	Cyphon diazi	Pic, 1918	1918		FALSE	Animalia	Arthropoda	Insecta	Coleoptera	Scirtidae	
1078			accepted	species	Louis Franchet d'Espèrey	Cyphon espereyi	Pic, 1918	1918		FALSE	Animalia	Arthropoda	Insecta	Coleoptera	Scirtidae	
1079			accepted	species	René Fonck: Allied Ace of Aces". "Under the name of Foncki, I pay tribute to the superior merit of the entire air force: to the rare survivors of the winged army, to the many youths cut down before their time	Cyphon foncki	Pic, 1918	1918		FALSE	Animalia	Arthropoda	Insecta	Coleoptera	Scirtidae	
1080			accepted	species	Gabriele D'Annunzio: I celebrate one of the living forces that contributed to changing the beautiful dream of "the greater Italy" into a touching reality	Cyphon gabrieli	Pic, 1918	1918		FALSE	Animalia	Arthropoda	Insecta	Coleoptera	Scirtidae	
1081			accepted	species	Giuseppe Garibaldi II	Cyphon garibaldii	Pic, 1918	1918		FALSE	Animalia	Arthropoda	Insecta	Coleoptera	Scirtidae	
1082			accepted	species	Henri Gouraud	Cyphon gouraudi	Pic, 1918	1918		FALSE	Animalia	Arthropoda	Insecta	Coleoptera	Scirtidae	
1083			accepted	species	Józef Haller	Cyphon halleri	Pic, 1918	1918		FALSE	Animalia	Arthropoda	Insecta	Coleoptera	Scirtidae	
1084			accepted	species	Paul Prosper Henrys	Cyphon henrysi	Pic, 1918	1918		FALSE	Animalia	Arthropoda	Insecta	Coleoptera	Scirtidae	
1085			accepted	species	Georges Louis Humbert	Cyphon humberti	Pic, 1918	1918		FALSE	Animalia	Arthropoda	Insecta	Coleoptera	Scirtidae	
1086			accepted	species	Joseph Joffre	Cyphon joffrei	Pic, 1918	1918		FALSE	Animalia	Arthropoda	Insecta	Coleoptera	Scirtidae	
1087			accepted	species	Gérard Leman	Cyphon lemani	Pic, 1918	1918		FALSE	Animalia	Arthropoda	Insecta	Coleoptera	Scirtidae	
1088			accepted	species	Hunter Liggett	Cyphon liggetti	Pic, 1918	1918		FALSE	Animalia	Arthropoda	Insecta	Coleoptera	Scirtidae	
1089			accepted	species	Hubert Lyautey	Cyphon lyauteyi	Pic, 1918	1918		FALSE	Animalia	Arthropoda	Insecta	Coleoptera	Scirtidae	
1090			accepted	species	Paul Maistre	Cyphon maistrei	Pic, 1918	1918		FALSE	Animalia	Arthropoda	Insecta	Coleoptera	Scirtidae	
1091			accepted	species	Charles Mangin	Cyphon mangini	Pic, 1918	1918		FALSE	Animalia	Arthropoda	Insecta	Coleoptera	Scirtidae	
1092			accepted	species	Paul Pau	Cyphon paui	Pic, 1918	1918		FALSE	Animalia	Arthropoda	Insecta	Coleoptera	Scirtidae	
1093			accepted	species	Peter I of Serbia: The name Petri will recall with emotion the Old King, wracked with pain and still walking to stand up to the invaders	Cyphon petri	Pic, 1918	1918		FALSE	Animalia	Arthropoda	Insecta	Coleoptera	Scirtidae	
1094			accepted	species	Theodore Roosevelt and Quentin Roosevelt: My dedication hidden under the name of Roosevelti will be doubly deserved, by a father, a great champion of law and justice, by a son who spontaneously made the sacrifice of his life for a sister nation	Cyphon roosevelti	Pic, 1918	1918		FALSE	Animalia	Arthropoda	Insecta	Coleoptera	Scirtidae	
1095			accepted	species	Milunka Savić	Cyphon savitchi	Pic, 1918	1918		FALSE	Animalia	Arthropoda	Insecta	Coleoptera	Scirtidae	
1096			accepted	species	Adolfo Alejandro Nouel: I take the liberty of naming this species in honor of Archbishop Nouel of Santo Domingo, whom I had the honor of meeting in his beautiful and historic Cathedral	Cypraea noueli	Maury, 1917	1917		TRUE	Animalia	Mollusca	Gastropoda	Littorinimorpha	Cypraeidae	
1097			accepted	species	Juan Pablo Duarte, Matías Ramón Mella and Francisco del Rosario Sánchez: The specific name proposed is in honor of the three liberator of the Dominican Republic	Cypraea patrespatriae	Maury, 1917	1917		TRUE	Animalia	Mollusca	Gastropoda	Littorinimorpha	Cypraeidae	
1098			accepted	species	George Mallory: I have named this interesting species after Mr. Mallory who so nobly laid down his life in the cause of science on the slopes of Mt. Everest	Davidius malloryi	Fraser, 1926	1926		FALSE	Animalia	Arthropoda	Insecta	Odonata	Gomphidae	
1099			accepted	species	Ferdinand Foch	Demonax fochi	Pic, 1918	1918		FALSE	Animalia	Arthropoda	Insecta	Coleoptera	Cerambycidae	
1100			accepted	species	Queen Victoria	Dendrobium victoriae-reginae	Loher			FALSE	Plantae	Tracheophyta	Liliopsida	Asparagales	Orchidaceae	
1101			accepted	species	Frédéric Chopin: The specific epithet honours Frédéric François Chopin (1810–1849), one of the greatest classical composers of all time, whose piano compositions are an inspiration to me and to many people around the world	Dendrophorbium chopinii	Montesinos		MONTESINOS_TUB_E_2017	FALSE	Plantae	Tracheophyta	Magnoliopsida	Asterales	Asteraceae	https://doi.org/10.11646/phytotaxa.313.2.7
1102			accepted	species	Alfred, Duke of Saxe-Coburg and Gotha: with the permission, and in honor of, His Royal Highness the Duke of Edinborough, who accepted a number of photographs taken shortly after the fish was caught	Deratoptera alfredi	Krefft, 1868	1868		FALSE	Animalia	Chordata	Elasmobranchii	Myliobatiformes	Mobulidae	
1103			accepted	species	Lise Meitner	Diadegma meitnerae	Kittel, 2016	2016		FALSE	Animalia	Arthropoda	Insecta	Hymenoptera	Ichneumonidae	
1104			accepted	species	Cora Coralina: Named in honour of Cora Coralina (Ana Lins dos Guimarães Peixoto, 1889-1985), a poet from Goiás state [where the specimens were collected], considered one of the most important writers of Brazilian literature	Diaporthe coracoralinae	L.O. Ferro, Souza-Motta & J.D.P. Bezerra (2024)	2024	Ferro_2024	FALSE	Fungi	Ascomycota	Sordariomycetes	Diaporthales	Diaporthaceae	https://doi.org/10.3114/fuse.2024.14.16
1105			accepted	species	Graciliano Ramos: The specific epithet, in addition to alluding to the slender (gracilis in Latin) branches (ramus), is also in honor of the famous writer Graciliano Ramos (1892-1953), who was born in Quebrangulo, Alagoas, where the type was collected	Dicliptera gracilirama	Costa-Lima & E.C.O.Chagas		Lucas_da_Costa_Lima_2020	FALSE	Plantae	Tracheophyta	Magnoliopsida	Lamiales	Acanthaceae	https://doi.org/10.1600/036364420X15862837791186
1106			accepted	species	Andrew Carnegie: in honor of Mr. Andrew Carnegie, the founder of this institution [the Carnegie Museum of Natural History], and in recognition of his interest in vertebrate paleontology; which interest he has abundantly and substantially shown in providing the necessary funds for organizing and maintaining a Section of Vertebrate Paleontology in connection with this Museum	Diplodocus carnegii	Hatcher, 1901	1901	Hatcher_1901	TRUE						https://doi.org/10.5962/p.234818
1107			accepted	species	Albert I, Prince of Monaco	Diplopora grimaldii	Jullien, 1903	1903		FALSE	Plantae	Chlorophyta	Ulvophyceae	Dasycladales	Diploporaceae	
1108			accepted	species	Anna Akhmatova	Dolecta akhmatovae	Naydenov, Yakovlev, Penco & Sinyaev, 2020	2020	Naydenov_2020	FALSE	Animalia	Arthropoda	Insecta	Lepidoptera	Cossidae	https://doi.org/10.37828/em.2020.35.7
1109			accepted	species	Mikhail Bulgakov	Dolecta bulgakovi	Naydenov, Yakovlev, Penco & Sinyaev, 2020	2020	Naydenov_2020	FALSE	Animalia	Arthropoda	Insecta	Lepidoptera	Cossidae	https://doi.org/10.37828/em.2020.35.7
1110			accepted	species	Anton Chekhov	Dolecta chekhovi	Naydenov, Yakovlev, Penco & Sinyaev, 2020	2020	Naydenov_2020	FALSE	Animalia	Arthropoda	Insecta	Lepidoptera	Cossidae	https://doi.org/10.37828/em.2020.35.7
1111			accepted	species	Fyodor Dostoevsky	Dolecta dostoevskyi	Naydenov, Yakovlev, Penco & Sinyaev, 2020	2020	Naydenov_2020	FALSE	Animalia	Arthropoda	Insecta	Lepidoptera	Cossidae	https://doi.org/10.37828/em.2020.35.7
1112			accepted	species	Sergei Yesenin	Dolecta esenini	Naydenov, Yakovlev, Penco & Sinyaev, 2020	2020	Naydenov_2020	FALSE	Animalia	Arthropoda	Insecta	Lepidoptera	Cossidae	https://doi.org/10.37828/em.2020.35.7
1113			accepted	species	Alexander Herzen	Dolecta gertseni	Naydenov, Yakovlev, Penco & Sinyaev, 2020	2020	Naydenov_2020	FALSE	Animalia	Arthropoda	Insecta	Lepidoptera	Cossidae	https://doi.org/10.37828/em.2020.35.7
1114			accepted	species	Nikolai Gogol	Dolecta gogoli	Naydenov, Yakovlev, Penco & Sinyaev, 2020	2020	Naydenov_2020	FALSE	Animalia	Arthropoda	Insecta	Lepidoptera	Cossidae	https://doi.org/10.37828/em.2020.35.7
1115			accepted	species	Mikhail Lermontov	Dolecta lermontovi	Naydenov, Yakovlev, Penco & Sinyaev, 2020	2020	Naydenov_2020	FALSE	Animalia	Arthropoda	Insecta	Lepidoptera	Cossidae	https://doi.org/10.37828/em.2020.35.7
1116			accepted	species	Nikolay Nekrasov	Dolecta nekrasovi	Naydenov, Yakovlev, Penco & Sinyaev, 2020	2020	Naydenov_2020	FALSE	Animalia	Arthropoda	Insecta	Lepidoptera	Cossidae	https://doi.org/10.37828/em.2020.35.7
1117			accepted	species	Alexander Ostrovsky	Dolecta ostrovskyi	Naydenov, Yakovlev, Penco & Sinyaev, 2020	2020	Naydenov_2020	FALSE	Animalia	Arthropoda	Insecta	Lepidoptera	Cossidae	https://doi.org/10.37828/em.2020.35.7
1118			accepted	species	Mikhail Saltykov-Shchedrin	Dolecta saltykovishchedrini	Naydenov, Yakovlev, Penco & Sinyaev, 2020	2020	Naydenov_2020	FALSE	Animalia	Arthropoda	Insecta	Lepidoptera	Cossidae	https://doi.org/10.37828/em.2020.35.7
1119			accepted	species	Konstantin Stanyukovich	Dolecta stanyukovichi	Naydenov, Yakovlev, Penco & Sinyaev, 2020	2020	Naydenov_2020	FALSE	Animalia	Arthropoda	Insecta	Lepidoptera	Cossidae	https://doi.org/10.37828/em.2020.35.7
1120			accepted	species	Leo Tolstoy	Dolecta tolstoyi	Naydenov, Yakovlev, Penco & Sinyaev, 2020	2020	Naydenov_2020	FALSE	Animalia	Arthropoda	Insecta	Lepidoptera	Cossidae	https://doi.org/10.37828/em.2020.35.7
1121			accepted	species	Ivan Turgenev	Dolecta turgenevi	Naydenov, Yakovlev, Penco & Sinyaev, 2020	2020	Naydenov_2020	FALSE	Animalia	Arthropoda	Insecta	Lepidoptera	Cossidae	https://doi.org/10.37828/em.2020.35.7
1122			accepted	species	José Rizal	Draco rizali	Wandolleck, 1900	1900		FALSE	Animalia	Chordata	Reptilia	Squamata	Agamidae	
1123			accepted	species	J. R. R. Tolkien: Named after John Ronald Reuel Tolkien, who was born in Bloemfontein, Free State, South Africa on 3rd January 1892 and died on 2nd September 1973. [...] His fictional "Middle Earth" is believed to have been inspired in part by the exceptional natural scenery of Hogsback, the type locality of this species	Drassodella tolkieni	Mbo & Haddad, 2019	2019	MBO_2019	FALSE	Animalia	Arthropoda	Arachnida	Araneae	Gallieniellidae	https://doi.org/10.11646/zootaxa.4582.1.1
1124			accepted	species	Johannes V. Jensen	Dysanabatium johannesi	Bogri, Solodovnikov & Żyła, 20188		Bogri_2018	TRUE	Animalia	Arthropoda	Insecta	Coleoptera	Staphylinidae	https://doi.org/10.1002/spp2.1113
1125			accepted	species	George Mallory	Dysanema malloryi	Uvarov, 1925	1925	Uvarov_1925	FALSE	Animalia	Arthropoda	Insecta	Orthoptera	Acrididae	https://doi.org/10.1080/00222932508633283
1126			accepted	species	Porfirio Díaz	Echeveria porfiriana	J.Reyes, J.M.García & F.Díaz Salim		Santiago_2025	FALSE	Plantae	Tracheophyta	Magnoliopsida	Saxifragales	Crassulaceae	https://doi.org/10.2985/026.032.0105
1127			accepted	species	Georgia O'Keeffe	Effigia okeeffeae	Nesbitt & Norell, 2006	2006		TRUE						
1128			accepted	species	Crazy Horse	Ellipsodon witkoi	Van Valen, 1978	1978		TRUE						
1129			accepted	species	Sitting Bull	Ellipsodon yotankae	Van Valen, 1978	1978		TRUE						
1130			accepted	species	Georges Clemenceau	Elodes clemenceaui	Pic, 1918	1918		FALSE	Animalia	Arthropoda	Insecta	Coleoptera	Scirtidae	
1131			accepted	species	Jean Baptiste Eugène Estienne: The powerful force of the tanks will be entomologically glorified under the name of Estiennei	Elodes estiennei	Pic, 1918	1918		FALSE	Animalia	Arthropoda	Insecta	Coleoptera	Scirtidae	
1132			accepted	species	Émile Fayolle	Elodes fayollei	Pic, 1918	1918		FALSE	Animalia	Arthropoda	Insecta	Coleoptera	Scirtidae	
1133			accepted	species	David Lloyd George	Elodes lloydi	Pic, 1918	1918		FALSE	Animalia	Arthropoda	Insecta	Coleoptera	Scirtidae	
1134			accepted	species	Philippe Pétain	Elodes petaini	Pic, 1918	1918		FALSE	Animalia	Arthropoda	Insecta	Coleoptera	Scirtidae	
1135			accepted	species	Stephen Pichon: I wished to distinguish, among all, a skilful diplomat, with a clear vision from the beginning of the gigantic struggle, but who came a little late to the direction of foreign affairs	Elodes pichoni	Pic, 1918	1918		FALSE	Animalia	Arthropoda	Insecta	Coleoptera	Scirtidae	
1136			accepted	species	Sylvain Eugène Raynal	Elodes raynali	Pic, 1918	1918		FALSE	Animalia	Arthropoda	Insecta	Coleoptera	Scirtidae	
1137			accepted	species	Woodrow Wilson	Elodes wilsoni	Pic, 1918	1918		FALSE	Animalia	Arthropoda	Insecta	Coleoptera	Scirtidae	
1138			accepted	genus	Ralph Waldo Emerson	Emersonella	Girault, 1916	1916		FALSE	Animalia	Arthropoda	Insecta	Hymenoptera	Eulophidae	
1139			accepted	genus	Ralph Waldo Emerson	Emersonia	Girault, 1933	1933	DESJARDINS_2007	FALSE	Animalia	Arthropoda	Insecta	Hymenoptera	Diparidae	https://doi.org/10.11646/zootaxa.1647.1.1
1140			accepted	genus	Ralph Waldo Emerson	Emersonopsis	Girault, 1917	1917		FALSE	Animalia	Arthropoda	Insecta	Hymenoptera	Eulophidae	
1141			accepted	species	Osceola: in reference to the Indian chief Osceola, famous in Florida history	Emplectonema osceolai	Corrêa, 1961	1961		FALSE	Animalia	Nemertea	Hoplonemertea	Monostilifera	Emplectonematidae	
1142			accepted	species	Simon Newcomb	Encyrtus newcombi	Girault, 1915	1915	Rosen_1973	FALSE	Animalia	Arthropoda	Insecta	Hymenoptera	Encyrtidae	https://doi.org/10.1111/j.1440-6055.1973.tb01670.x
1143			accepted	species	Wilhelm Wundt	Encyrtus wundti	Girault, 1915	1915		FALSE	Animalia	Arthropoda	Insecta	Hymenoptera	Encyrtidae	
1144			accepted	species	Ernest Renan	Entedonomorpha renani	Girault, 1913	1913		FALSE	Animalia	Arthropoda	Insecta	Hymenoptera	Eulophidae	
1145			accepted	species	Sergei Yesenin	Entedonomphale esenini	Triapitsyn, 2005	2005		FALSE	Animalia	Arthropoda	Insecta	Hymenoptera	Eulophidae	
1146			accepted	species	Mikhail Lermontov	Entedonomphale lermontovi	Triapitsyn, 2005	2005		FALSE	Animalia	Arthropoda	Insecta	Hymenoptera	Eulophidae	
1147			accepted	species	Joseph Stalin	Entedonomphale stalini	Girault, 1934	1934		FALSE	Animalia	Arthropoda	Insecta	Hymenoptera	Eulophidae	
1148			accepted	species	Grace Darling	Epimegastigmus darlingi	Girault, 1940	1940		FALSE	Animalia	Arthropoda	Insecta	Hymenoptera	Megastigmidae	
1149			accepted	species	Ralph Waldo Emerson	Epiquadrastichus emersoni	Girault, 1915	1915		FALSE	Animalia	Arthropoda	Insecta	Hymenoptera	Eulophidae	
1150			accepted	species	Henrik Ibsen	Epitetrastichus ibseni	Girault, 1916	1916	Girault_1916	FALSE	Animalia	Arthropoda	Insecta	Hymenoptera	Eulophidae	https://doi.org/10.5479/si.00963801.2161.479
1151			accepted	species	Henry Wadsworth Longfellow	Epitetrastichus longfellowi	Girault, 1913	1913		FALSE	Animalia	Arthropoda	Insecta	Hymenoptera	Eulophidae	
1152			accepted	species	Jules Grévy: Grévy's zebra	Equus grevyi	Oustalet, 1882	1882		FALSE	Animalia	Chordata	Mammalia	Perissodactyla	Equidae	
1153			accepted	species	Miguel Malvar	Erigone malvari	Barrion & Litsinger, 1995	1995		FALSE	Animalia	Arthropoda	Arachnida	Araneae	Linyphiidae	
1154			accepted	species	Eleftherios Venizelos: After the name of Eleftherios Venizelos, a noted Cretan humanist and politician	Ernstmayria venizelosi	Ćurčić, Dimitrijević & Trichas, 2007	2007	_ur_i__2007	FALSE	Animalia	Arthropoda	Arachnida	Pseudoscorpiones	Neobisiidae	https://doi.org/10.1080/00222930701292666
1155			accepted	species	Geronimo: Named for Geronimo, chief of the Chiricahua band of Apaches	Erythroneura geronimoi	Knull, 1945	1945		FALSE	Animalia	Arthropoda	Insecta	Hemiptera	Cicadellidae	
1156			accepted	species	William Faulkner: We have named the species Etheostoma faulkneri to honor the great writer and Nobel Laureate William C. Faulkner (1897–1962), a native of the Oxford, Mississippi, area who was also an avid hunter and fisher. The landscape was an important theme in many of his works, and the actions of his characters were often influenced by the lands and streams surrounding his fictional Jefferson, Mississippi, including the Yocona River, which he renamed the Yoknapatawpha." This species is endemic to headwater streams of the Yocona River watershed. The authors gave it the common name "Yoknapatawpha darter	Etheostoma faulkneri	Sterling & Warren 2020	2020	Sterling_2020	FALSE	Animalia	Chordata	Teleostei	Perciformes	Percidae	https://doi.org/10.7717/peerj.9807
1157			accepted	species	Theodore Roosevelt: his enduring legacy in environmental conservation and stewardship, including the designation of vast areas as national forests, wildlife refuges, national monuments, and national parks, and his efforts to forge the American Museum of Natural History, New York	Etheostoma teddyroosevelt	Layman & Mayden, 2012	2012		FALSE	Animalia	Chordata	Teleostei	Perciformes	Percidae	
1158			accepted	species	Joyce Kilmer: named to honor the American poet Joyce Kilmer "I think that I shall never see, a poem as lovely as a tree..." for whom the type locality stands as a proper monument to his appreciation for nature	Euconnus kilmeri	Caterino, 2022	2022	Caterino_2022	FALSE	Animalia	Arthropoda	Insecta	Coleoptera	Staphylinidae	https://doi.org/10.3897/zookeys.1137.97068
1159			accepted	species	Pancho Villa	Eucteniza panchovillai	Bond & Godwin, 2013	2013	Bond_2013	FALSE	Animalia	Arthropoda	Arachnida	Araneae	Euctenizidae	https://doi.org/10.3897/zookeys.356.6227
1160			accepted	species	Monteiro Lobato: In honor of the writer José Bento Monteiro Lobato, born in the Taubaté Municipality, and a rouser of the Brazilian oil industry	Eucypris lobatoi	Bergue, Ramos & Maranhão, 2018	2018	Bergue_2018	TRUE	Animalia	Arthropoda	Ostracoda	Podocopida	Cyprididae	https://doi.org/10.4072/rbp.2018.2.01
1161			accepted	species	Manfred von Richthofen (The Red Baron): In honor of Baron Manfred von Richthofen, the "Red Baron", as the coloration on the head of this species resembles that of a leather aviator helmet	Eudiospilus rubrumbarus	Zhang & Sharanowski, 2014	2014	ZHANG_2014	FALSE	Animalia	Arthropoda	Insecta	Hymenoptera	Braconidae	https://doi.org/10.11646/zootaxa.3838.1.7
1162			accepted	species	Joseph Thomson	Eudorcas thomsonii	Günther, 1884	1884		FALSE	Animalia	Chordata	Mammalia	Artiodactyla	Bovidae	
1163			accepted	species	Alexandre Dumas	Eupelmus dumasi	Girault, 1915	1915		FALSE	Animalia	Arthropoda	Insecta	Hymenoptera	Eupelmidae	
1164			accepted	species	Adolphus Greely	Eupelmus greelyi	Girault, 1915	1915		FALSE	Animalia	Arthropoda	Insecta	Hymenoptera	Eupelmidae	
1165			accepted	species	Ernest Renan	Eupelmus renani	Girault, 1915	1915		FALSE	Animalia	Arthropoda	Insecta	Hymenoptera	Eupelmidae	
1166			accepted	species	Vladimir Nabokov	Eupithecia nabokovi	McDunnough, 1945	1945	McDunnough_1945	FALSE	Animalia	Arthropoda	Insecta	Lepidoptera	Geometridae	https://doi.org/10.4039/Ent77168-9
1167			accepted	species	Herbert Spencer	Euplectrotetrastichus spenceri	Girault, 1915	1915		FALSE	Animalia	Arthropoda	Insecta	Hymenoptera	Eulophidae	
1168			accepted	species	Nikola Tesla	Euplocania teslai	Vinasco-Mondragón, González-Obando & García Aldrete, 2022	2022	VINASCO_MONDRAG_N_2022	FALSE	Animalia	Arthropoda	Insecta	Psocodea	Ptiloneuridae	https://doi.org/10.11646/zootaxa.5188.2.1
1169			accepted	species	Albert I, Prince of Monaco	Eurydice grimaldii	Dollfus, 1888	1888	Dollfus_1888	FALSE	Animalia	Arthropoda	Malacostraca	Isopoda	Cirolanidae	https://doi.org/10.5962/bhl.part.8058
1170			accepted	species	Ricardo Jaimes Freyre	Eurygarka freyrei	Ježek, Le Pont, Martínez & Mollinedo, 2011	2011		FALSE	Animalia	Arthropoda	Insecta	Diptera	Psychodidae	
1171			accepted	species	Charles Sumner: Dedicated with much respect to Charles Sumner for his orations on war	Euryischia sumneri	Girault, 1913	1913	GIRAULT_1913a	FALSE	Animalia	Arthropoda	Insecta	Hymenoptera	Pirenidae	https://doi.org/10.4039/Ent45427-12
1172			accepted	species	Booker T. Washington	Euryischomyia washingtoni	Girault, 1914	1914	GIRAULT_1914	FALSE	Animalia	Arthropoda	Insecta	Hymenoptera	Pirenidae	https://doi.org/10.4039/Ent46285-8
1173			accepted	species	Abraham Lincoln	Eurytoma lincolni	Girault, 1913	1913		FALSE	Animalia	Arthropoda	Insecta	Hymenoptera	Eurytomidae	
1174			accepted	species	Giuseppe Mazzini: Dedicated to Giuseppe Mazzini for his The Duties of Man	Eurytoma mazzinii	Girault, 1913	1913		FALSE	Animalia	Arthropoda	Insecta	Hymenoptera	Eurytomidae	
1175			accepted	species	Henri Poincaré	Eurytoma poincarei	Girault, 1913	1913		FALSE	Animalia	Arthropoda	Insecta	Hymenoptera	Eurytomidae	
1176			accepted	species	Anita Garibaldi: The name honors an important revolutionary, Anita Garibaldi, who was born in the same state where this species was collected	Eusarcus garibaldiae	Hara & Pinto-da-Rocha, 2010	2010	HARA_2010	FALSE	Animalia	Arthropoda	Arachnida	Opiliones	Gonyleptidae	https://doi.org/10.11646/zootaxa.2698.1.1
1177			accepted	species	David Ben-Gurion: David Ben Gurion (1886-1973) rendered great services in matters of international understanding	Evagetes bengurioni	Wolf, 1988	1988		FALSE	Animalia	Arthropoda	Insecta	Hymenoptera	Pompilidae	
1178			accepted	species	Alice, Princess of Monaco	Farciminaria alice	Jullien, 1903	1903		FALSE	Animalia	Bryozoa	Gymnolaemata	Cheilostomatida	Farciminariidae	
1179			accepted	species	Pope John XXIII: in honour of His Holiness John XXIII [born Angelo Giuseppe Roncalli], who has rightly been called the Pope of Peace	Farlowella roncallii	Martín Salazar, 1964	1964		FALSE	Animalia	Chordata	Teleostei	Siluriformes	Loricariidae	
1180			accepted	species	Jean Auguste Margueritte	Felis margarita	Loche, 1858	1858		FALSE	Animalia	Chordata	Mammalia	Carnivora	Felidae	
1181			accepted	species	Frédéric Chopin	Fernandocrambus chopinellus	Błeszyński, 1967	1967		FALSE	Animalia	Arthropoda	Insecta	Lepidoptera	Crambidae	
1182			accepted	species	Marcel Proust	Foenatopus prousti	Aguiar & Turrisi, 2010	2010	AGUIAR_2010	FALSE						https://doi.org/10.11646/zootaxa.2714.1.2
1183			accepted	genus	James Anthony Froude	Froudeana	Girault, 1928	1928		FALSE	Animalia	Arthropoda	Insecta	Hymenoptera	Hetreulophidae	
1184			accepted	species	David Livingstone: This species is named after Dr. David Livingstone, as Ujiji (the type locality) is the site of the famous meeting on 10 November 1871 when Henry Morton Stanley found the explorer David Livingstone, who many thought to be dead, and uttered the famous words "Dr. Livingstone, I presume?	Fukomys livingstoni	Faulkes, Mgode, Archer & Bennett, 2017	2017	Faulkes_2017	FALSE	Animalia	Chordata	Mammalia	Rodentia	Bathyergidae	https://doi.org/10.7717/peerj.3214
1185			accepted	species	J. R. R. Tolkien	Gabrius tolkieni	Schillhammer, 1997	1997		FALSE	Animalia	Arthropoda	Insecta	Coleoptera	Staphylinidae	
1186			accepted	species	Frederick William Robertson	Gastrancistrus robertsoni	Girault, 1915	1915		FALSE	Animalia	Arthropoda	Insecta	Hymenoptera	Pirenidae	
1187			accepted	genus	Antoni Gaudí: in honour of the Catalan architect Antoni Gaudí (1852–1926), in allusion to the shape and ornament of the new taxon which is defined by sinuous lines, reminiscent of his works	Gaudipluma	Artal, Van Bakel, Fraaije & Jagt, 2013	2013	ARTAL_2013	TRUE	Animalia	Arthropoda	Malacostraca	Decapoda	Retroplumidae	https://doi.org/10.11646/zootaxa.3652.3.3
1188			accepted	species	Florence Nightingale	Gelis nightingalae	Kittel, 2016	2016		FALSE	Animalia	Arthropoda	Insecta	Hymenoptera	Ichneumonidae	
1189			accepted	species	Emmy Noether	Gelis noetherae	Kittel, 2016	2016		FALSE	Animalia	Arthropoda	Insecta	Hymenoptera	Ichneumonidae	
1190			accepted	species	Benito Juárez: for Don Benito Juárez (1806–1872), the Zapotec Indian President of Mexico born in San Pablo Guelatao in the Sierra de Juárez, Oaxaca	Geophis juarezi	Nieto-Montes de Oca, 2003	2003	de_Oca_2003	FALSE	Animalia	Chordata	Reptilia	Squamata	Colubridae	https://doi.org/10.1655/02-05
1191			accepted	species	Albert I, Prince of Monaco	Gephyrocrinus grimaldii	Koehler & Bather, 1902	1902		FALSE	Animalia	Echinodermata	Crinoidea	Hyocrinida	Hyocrinidae	
1192			accepted	species	Sergei Rachmaninoff: named after the great Russian composer and pianist Sergei	Gibberula rachmaninovi	Kellner, 2003	2003	Moreno_2012	FALSE	Animalia	Mollusca	Gastropoda	Neogastropoda	Marginellidae	https://doi.org/10.5281/zenodo.4555999
1193			accepted	species	Youssef Bey Karam: dedicated to Youssef Bey Karam (1823-1889), the famous hero of Lebanon who lived during the time this country was ruled by the Ottoman Empire	Gladiopycnodus karami	Taverne & Capasso, 2013	2013	Taverne_2013	TRUE						https://doi.org/10.5852/ejt.2013.57
1194			accepted	species	Taras Shevchenko: The specific epithet derives from "kobzar", an itinerant Ukrainian bard and also the nickname of the famous Ukrainian poet Taras Shevchenko (1814–1861). This is a continuation of the trend of A.A. Girault's and S.V. Triapitsyn naming species of this genus after the great poets and writers of the past	Goetheana kobzari	Gumovski, 2016	2016	GUMOVSKY_2016	FALSE	Animalia	Arthropoda	Insecta	Hymenoptera	Eulophidae	https://doi.org/10.11646/zootaxa.4147.5.3
1195			accepted	genus	Nikolai Gogol	Gogoltilla	Williams, Brothers & Pitts, 2011	2011	WILLIAMS_2011	FALSE						https://doi.org/10.11646/zootaxa.3064.1.2
1196			accepted	species	Hermann von Helmholtz: Dedicated to Hermann Helmholtz, a man who aided in establishing the great principle of the conservation of energy in all substance	Gonatocerus helmholtzii	Girault, 1912	1912	HUBER_2015	FALSE	Animalia	Arthropoda	Insecta	Hymenoptera	Mymaridae	https://doi.org/10.11646/zootaxa.3967.1.1
1197			accepted	species	Giuseppe Mazzini: Respectfully dedicated to Giuseppe Mazzini for his essays, more especially for his The Duties of Man	Gonatocerus mazzinini	Girault, 1913	1913		FALSE	Animalia	Arthropoda	Insecta	Hymenoptera	Mymaridae	
1198			accepted	species	Henri Poincaré	Gonatocerus poincarei	Girault, 1913	1913		FALSE	Animalia	Arthropoda	Insecta	Hymenoptera	Mymaridae	
1199			accepted	species	Leo Tolstoy: Dedicated to Leo N. Tolstoi for his work War and Peace	Gonatocerus tolstoii	Girault, 1913	1913		FALSE	Animalia	Arthropoda	Insecta	Hymenoptera	Mymaridae	
1200			accepted	genus	Ivan Goncharov: This name references the initial discovery of the genus in the Brazilian city of Russas (Portuguese for Russians [fem.]), Ceará, and tribal affiliation with Gogoltilla Williams, Brothers & Pitts, 2011 from Argentina (named after the Ukrainian-Russian author Nikolai Gogol)	Goncharovtilla	Williams, Bartholomay & Lopez, 2024	2024	WILLIAMS_2024	FALSE						https://doi.org/10.11646/zootaxa.5538.2.2
1201			accepted	species	Rudyard Kipling: Specific name after Rudyard Kipling, British novelist, author of The Jungle Book amongst others and an important disseminator of natural sciences through literature, from the end of the 19th century to the beginning of the 20th century	Goniopholis kiplingi	de Andrade et al., 2011	2011	DE_ANDRADE_2011	TRUE						https://doi.org/10.1111/j.1096-3642.2011.00709.x
1202			accepted	genus	Charles Gounod	Gounodia	Girault, 1940	1940		FALSE	Animalia	Arthropoda	Insecta	Hymenoptera	Encyrtidae	
1203			accepted	species	Victor Emmanuel III of Italy: The name Emmanueli will recall a patriotic and inspired monarch who, by refusing to serve the insatiable German appetites, contributed to the triumph of Latin ideas	Grammeubria emmanueli	Pic, 1918	1918	Yang_1996	FALSE						https://doi.org/10.1163/187631296X00034
1204			accepted	genus	Ulysses S. Grant	Grantanna	Girault, 1939	1939		FALSE	Animalia	Arthropoda	Insecta	Hymenoptera	Trichogrammatidae	
1205			accepted	subspecies	Joseph Stilwell: dedicated to General Joseph W. Stilwell (1883–1946) of the U.S. Army, who served in the China Burma India (CBI) Theatre and was instrumental in the liberation of W. Yunnan and Myanmar during World War II	Graphium mandarinus stilwelli	Cotton & Hu, 2018	2018	HU_2018	FALSE	Animalia	Arthropoda	Insecta	Lepidoptera	Papilionidae	https://doi.org/10.11646/zootaxa.4441.3.1
1206			accepted	genus	Albert I, Prince of Monaco	Grimaldichthys	Roule, 1913	1913		FALSE	Animalia	Chordata	Teleostei	Ophidiiformes	Ophidiidae	
1207			accepted	genus	Albert I, Prince of Monaco	Grimalditeuthis	Joubin, 1898	1898		FALSE	Animalia	Mollusca	Cephalopoda	Oegopsida	Chiroteuthidae	
1208			accepted	species	Karl Pearson	Grotiusella pearsoni	Girault, 1915	1915		FALSE	Animalia	Arthropoda	Insecta	Hymenoptera	Eulophidae	
1209			accepted	species	Henry David Thoreau	Grotiusella thoreauini	Girault, 1915	1915		FALSE	Animalia	Arthropoda	Insecta	Hymenoptera	Eulophidae	
1210			accepted	species	Andrew Carnegie: Named in honor of Andrew Carnegie, founder of Carnegie Museum of Natural History, Pittsburgh, Pennsylvania	Guildayichthys carnegiei	Lund, 2000	2000		TRUE						
1211			accepted	genus	Calouste Gulbenkian: in honour of Calouste Gulbenkian (1869–1955), a protector of the arts and sciences in Portugal, and founder of the Fundação Calouste Gulbenkian	Gulbenkiania	Vaz-Moreira, Nobre, Nunes & Manaia, 2007	2007	Vaz_Moreira_2007	FALSE	Pseudomonadati	Pseudomonadota	Betaproteobacteria	Neisseriales	Chromobacteriaceae	https://doi.org/10.1099/ijs.0.64726-0
1212			accepted	species	Charlie Chaplin: The species is named in honour of the famous British actor and director, Sir Charles Spencer "Charlie" Chaplin [...]. The trapezium-shaped marking of the postfrons of the new species resembles Chaplin's iconic toothbrush moustache	Gynacantha chaplini	Khan, 2021	2021		FALSE	Animalia	Arthropoda	Insecta	Odonata	Aeshnidae	
1213			accepted	species	Victor Bulwer-Lytton, 2nd Earl of Lytton	Gynacantha lyttoni	Fraser, 1926	1926		FALSE	Animalia	Arthropoda	Insecta	Odonata	Aeshnidae	
1214			accepted	species	Booker T. Washington	Gyrolasomyia washingtoni	Girault, 1913	1913		FALSE	Animalia	Arthropoda	Insecta	Hymenoptera	Eulophidae	
1215			accepted	species	Geronimo: named in honor of Geronimo, leader of the Chiricahua Apaches	Habronattus geronimoi	Griswold, 1987	1987		FALSE	Animalia	Arthropoda	Arachnida	Araneae	Salticidae	
1216			accepted	species	Vincent van Gogh	Hapalopus vangoghi	Osorio et al., 2024	2024	Sherwood_2024	FALSE	Animalia	Arthropoda	Arachnida	Araneae	Theraphosidae	https://doi.org/10.5281/zenodo.11458605
1217			accepted	species	Edward John Eyre	Heleioporus eyrei	Gray, 1845	1845		FALSE	Animalia	Chordata	Amphibia	Anura	Limnodynastidae	
1218			accepted	species	Francisco Tárrega: named in memory of the eminent Spanish guitarist and composer Francisco Tárrega, for his huge contribution to the repertory of the classical guitar, especially for the wonderful 'Marieta'	Helioandesia tarregai	Vargas, 2021	2021	Vargas_2021	FALSE						https://doi.org/10.5852/ejt.2021.731.1209
1219			accepted	species	Theodore Roosevelt: I take much pleasure in naming this distinct type of shrew for Colonel Roosevelt, who took a keen personal interest in the collection of small mammals	Heliosorex roosevelti	Heller, 1910	1910		FALSE	Animalia	Chordata	Mammalia	Eulipotyphla	Soricidae	
1220			accepted	species	Eloy Alfaro: named after Alfaro, president of Ecuador, who was assassinated in 1912	Hellinsia alfaroi	Gielis, 2011	2011		FALSE	Animalia	Arthropoda	Insecta	Lepidoptera	Pterophoridae	
1221			accepted	species	Gabriel García Moreno: named after president Garcia Moreno of Ecuador, who was assassinated in 1875	Hellinsia morenoi	Gielis, 2011	2011		FALSE	Animalia	Arthropoda	Insecta	Lepidoptera	Pterophoridae	
1222			accepted	species	Louis Borno	Hemiargus bornoi	Comstock & Huntington, 1943	1943	Comstock_1943	FALSE	Animalia	Arthropoda	Insecta	Lepidoptera	Lycaenidae	https://doi.org/10.1111/j.1749-6632.1943.tb47949.x
1223			accepted	species	David Livingstone	Hemichromis livingstonii	Günther, 1894	1894		FALSE	Animalia	Chordata	Teleostei	Cichliformes	Cichlidae	
1224			accepted	genus	Ernest Hemingway	Hemingwaya	Sytchevskaya & Prokofiev, 2002	2002		TRUE						
1225			accepted	species	Anita Garibaldi: In honor of Anita Garibaldi (1821-1849), republican revolutionary from Santa Catarina state who fought for freedom against the monarchal central government of Brazil and in Europe	Hernandaria anitagaribaldiae	DaSilva & Pinto-da-Rocha, 2010	2010	DaSilva_2010	FALSE	Animalia	Arthropoda	Arachnida	Opiliones	Gonyleptidae	https://doi.org/10.1590/S1984-46702010000400010
1226			accepted	species	Bampfylde Fuller	Herpele fulleri	Alcock, 1904	1904	Kamei_2012	FALSE	Animalia	Chordata	Amphibia	Gymnophiona	Chikilidae	https://doi.org/10.1098/rspb.2012.0150
1227			accepted	species	Albert I, Prince of Monaco	Heterocarpus grimaldii	A. Milne-Edwards & Bouvier, 1900	1900		FALSE	Animalia	Arthropoda	Malacostraca	Decapoda	Pandalidae	
1228			accepted	species	Albert I, Prince of Monaco	Heterochaeta grimaldii	Richard, 1893	1893		FALSE	Animalia	Arthropoda	Copepoda		Heterorhabdidae	
1229			accepted	species	Albert I, Prince of Monaco	Hexactinella grimaldii	Topsent, 1890	1890		FALSE	Animalia	Porifera	Hexactinellida	Sceptrulophora	Tretodictyidae	
1230			accepted	species	Albert I, Prince of Monaco	Hindsia grimaldii	Dautzenberg, 1889	1889		FALSE	Animalia	Mollusca	Gastropoda	Littorinimorpha	Laubierinidae	
1231			accepted	species	Andrés Bonifacio	Hogna bonifacioi	Barrion & Litsinger, 1995	1995		FALSE	Animalia	Arthropoda	Arachnida	Araneae	Lycosidae	
1232			accepted	species	José Rizal	Hogna rizali	Barrion & Litsinger, 1995	1995		FALSE	Animalia	Arthropoda	Arachnida	Araneae	Lycosidae	
1233			accepted	species	Victor Horta: in honor of the famous Jugendstil architect and designer Victor Horta (1861–1947). The elegant curves and angles of the ID [insemination duct] of the present species remind [us of] some of the Horta designs	Hortipes horta	Bosselaers & Jocqué, 2000	2000	BOSSELAERS_2000	FALSE	Animalia	Arthropoda	Arachnida	Araneae	Corinnidae	https://doi.org/10.1206/0003-0090(2000)256<0004:HAHGOT>2.0.CO;2
1234			accepted	species	Dorothea Klumpke: in honor of Dorothea Klumpke (1861–1942), astronomer known for her work on Saturn's rings and for her contributions to the Carte du Ciel program	Hortipes klumpkeae	Bosselaers & Jocqué, 2000	2000	BOSSELAERS_2000	FALSE	Animalia	Arthropoda	Arachnida	Araneae	Corinnidae	https://doi.org/10.1206/0003-0090(2000)256<0004:HAHGOT>2.0.CO;2
1235			accepted	genus	Harry Houdini: The genus is named after the renowned escapologist Harry Houdini (1874–1926). The name alludes not only to the remarkable metamorphosis of the attenuate larva and the adult's escape from the tight confines of the Sporadanthus stem, but also to the manner in which the species itself escaped detection by entomologists for so long	Houdinia	Hoare, Dugdale & Watts, 2006	2006	Hoare_2006	FALSE						https://doi.org/10.1071/IS06009
1236			accepted	species	Albert I, Prince of Monaco	Hyale grimaldii	Chevreux, 1891	1891		FALSE	Animalia	Arthropoda	Malacostraca	Amphipoda	Hyalidae	
1237			accepted	species	Albert Einstein	Hydraena einsteini	Perkins, 2011	2011	PERKINS_2011	FALSE	Animalia	Arthropoda	Insecta	Coleoptera	Hydraenidae	https://doi.org/10.11646/zootaxa.2944.1.1
1238			accepted	species	Adela Zamudio: named in honor of Adela Zamudio (1854–1928), a Bolivian educator, feminist, and poetess [...] born in Cochabamba, from where this species is known	Hylomyrma adelae	Ulysséa, 2021	2021	ULYSS_A_2021	FALSE	Animalia	Arthropoda	Insecta	Hymenoptera	Formicidae	https://doi.org/10.11646/zootaxa.5055.1.1
1239			accepted	species	Jerônima Mesquita: named after Jerônima Mesquita (1880–1972), a Brazilian feminist, pioneer of the women's suffrage in Brazil. She also advocated for the equality of rights and opportunity of women, and co-founder, along with Berta Lutz (1894–1976) and Stella Guerra Duval (1879–1971), of the League for the Intellectual Emancipation of Women in 1918 (which subsequently became the Brazilian Federation for Women's Progress)	Hylomyrma jeronimae	Ulysséa, 2021	2021	ULYSS_A_2021	FALSE	Animalia	Arthropoda	Insecta	Hymenoptera	Formicidae	https://doi.org/10.11646/zootaxa.5055.1.1
1240			accepted	species	J. R. R. Tolkien: in honour of the writer, poet, philologist, and academic John Ronald Reuel Tolkien (J.R.R. Tolkien, 1892–1973), creator of Middle-earth and author of fantasy works like The Hobbit and The Lord of the Rings. The amazing colours of the new species evoke the magnificent creatures that seem to only exist in fantasy worlds	Hyloscirtus tolkieni	Sánchez-Nivicela, Falcón-Reibán & Cisneros-Heredia, 2023	2023	S_nchez_Nivicela_2023	FALSE	Animalia	Chordata	Amphibia	Anura	Hylidae	https://doi.org/10.3897/zookeys.1141.90290
1241			accepted	species	Roald Amundsen	Hymenobacter amundsenii	Sedláček et al., 2019	2019	Sedl_ek_2019	FALSE	Pseudomonadati	Bacteroidota	Cytophagia	Cytophagales	Hymenobacteraceae	https://doi.org/10.1016/j.syapm.2018.12.004
1242			accepted	species	Benito Mussolini: And this is a magnificent novelty well worthy of bearing the name of the 'Genius of Italy', to whom I dedicate it with reverent admiration	Hypopta mussolinii	Turati, 1927	1927	Ivinskis_2011	FALSE	Animalia	Arthropoda	Insecta	Lepidoptera	Cossidae	https://doi.org/10.3897/zookeys.122.1213
1243			accepted	species	Eloy Alfaro: for Eloy Alfaro Delgado, former Ecuadorian president (1897–1901 and 1906–1911) and leader of the liberal revolution in Ecuador. His government promoted the separation between church and state and the modernization of Ecuador by supporting education and large-scale systems of transportation and communication	Hypsiboas alfaroi	Caminer & Ron, 2014	2014	Ron_2014	FALSE	Animalia	Chordata	Amphibia	Anura	Hylidae	https://doi.org/10.3897/zookeys.370.6291
1244			accepted	species	Honorio Pueyrredón	Hystrichodexia pueyrredoni	Brèthes, 1918	1918		FALSE	Animalia	Arthropoda	Insecta	Diptera	Tachinidae	
1245			accepted	species	Beatrix Potter	Ichneumon potterae	Kittel, 2016	2016		FALSE	Animalia	Arthropoda	Insecta	Hymenoptera	Ichneumonidae	
1246			accepted	species	Albert I of Belgium: I dedicate this new Ictinus, so remarkable, to the memory of H.M. King Albert, a sincere friend of the Congo Museum, whom death has just brutally taken from us	Ictinus regis-alberti	Schouteden, 1934	1934		FALSE	Animalia	Arthropoda	Insecta	Odonata	Gomphidae	
1247			accepted	species	Henry Wadsworth Longfellow	Idiomacromerus longfellowi	Girault, 1917	1917		FALSE	Animalia	Arthropoda	Insecta	Hymenoptera	Torymidae	
1248			accepted	species	Sayajirao Gaekwad III: named in honor of the founder of Baroda Collage [sic] Sir Sayajirao Gaikwad III, Maharaja of the erstwhile state of Baroda, Gujarat." One of the researchers added it was "a tribute to Maharaja Sayajirao Gaekwad – the visionary ruler who had initiated and entrusted the research on marine animals of Okhamandal in 1900. He had also played an important role in the development of education system in the erstwhile Baroda state	Ilyoplax sayajiraoi	JN Trivedi, Soni, DJ Trivedi & Vachhrajani, 2015	2015	Trivedi_2015	FALSE	Animalia	Arthropoda	Malacostraca	Decapoda	Dotillidae	https://doi.org/10.1016/j.japb.2015.02.005
1249			accepted	genus	Inacayal: in honour of Inacayal (1833-1888), Günün a Küne (Puelche) chief (Cacique) of the region of Nahuel Huapi Lake; and "lestes", because [it is a] usual ending for lestoid damselflies. Inacayal was captured by the Argentinean state army (conducted by General Julio Argentino Roca) during the genocidal campaign "Conquest of the Desert" carried out to break the sovereignty of the indigenous communities in Patagonia. After that, he was "rescued" from the detention camp with part of his family by the Perito Francisco Josué Pascasio Moreno in gratitude for his help in a previous Patagonian expedition. He was installed, as a living and afterwards as a dead specimen, in the Museo de La Plata from 1886 to 1888 where he died [for] no clear reasons. His skeleton was restituted to Patagonia by a National Law, after claims by several indigenous communities and a National Senator, in 1994. Nevertheless, other claimed remains as his scalp and brain and also from other members of the community are still part of the collection of the museum	Inacayalestes	Petrulevičius, 2015	2015		TRUE						
1250			accepted	species	Edmund Allenby	Indiocyphon allenbyi	Pic, 1918	1918	Ruta_2010	FALSE						https://doi.org/10.3161/000345410X535343
1251			accepted	species	Kuriakose Elias Chavara: dedicated to Saint Chavara who was a great educator and founder of the Carmelites of Mary Immaculate (CMI) congregation, the first Catholic congregation in India. The affiliated institution of all the authors is run by the CMI congregation	Indomarengo chavarapater	Malamel, Prajapati, Sudhikumar & Sebastian, 2019	2019	Malamel_2019	FALSE	Animalia	Arthropoda	Arachnida	Araneae	Salticidae	https://doi.org/10.15298/arthsel.28.3.07
1252			accepted	species	Teresa Carreño: Named in honour of Teresa Carreño (1853-1917), the illustrious Venezuelan pianist and composer, [...] to whom the first edition of the Musiciennes en Guadeloupe festival paid tribute	Intelcystiscus teresacarrenoae	Ortea & Espinosa, 2016	2016		FALSE	Animalia	Mollusca	Gastropoda	Neogastropoda	Cystiscidae	
1253			accepted	species	Eugénie de Montijo	Iotreron eugeniae	Gould, 1856	1856	Gray_1856	FALSE						https://doi.org/10.1111/j.1469-7998.1856.tb00338.x
1254			accepted	species	Sayajirao Gaekwad III: in honour of the 'Maharaja' of Vadodara state and founder of Baroda College	Ischaemum sayajiraoi	Raole & R.J.Desai		Raole_2011	FALSE	Plantae	Tracheophyta	Liliopsida	Poales	Poaceae	https://doi.org/10.1007/s12225-011-9287-7
1255			accepted	species	Cora Coralina: in honor to the poet Cora Coralina, codename for Anna Lins dos Guimarães Peixoto Bretas, born in Goiás (Goiás, Brazil). Her poetic work is rich in the daily life of the Brazilian interior, and her first book was published when she was almost 76 years old. She died at 95 years old. The specimens used for the description of the species are mostly from the poet's birth city and nearby locations	Ischnopelta coralinae	Rosso & Campos, 2021	2021	ROSSO_2021	FALSE						https://doi.org/10.11646/megataxa.6.2.3
1256			accepted	species	Benito Juárez: dedicated to Benito Juárez García (1806–1872) in recognition of his role in the Mexican History; he was a Mexican lawyer and politician of Zapotec Indian origin and President of Mexico on several occasions, between 18 December 1857 and 18 July 1872. Born in Guelatao, municipality of the type locality of the species	Ixchela juarezi	Valdez-Mondragón, 2013	2013	VALDEZ_MONDRAG_N_2013	FALSE	Animalia	Arthropoda	Arachnida	Araneae	Pholcidae	https://doi.org/10.11646/zootaxa.3608.5.1
1257			accepted	species	Pancho Villa: dedicated to Doroteo Arango Arámbula, better known as "Francisco Villa", "Pancho Villa", or "Centauro del Norte"; a famous Mexican revolutionary who fought during the Mexican Revolution (1910-1917) in the North of Mexico	Ixchela panchovillai	Valdez-Mondragón, 2020	2020	VALDEZ_MONDRAG_N_2020	FALSE	Animalia	Arthropoda	Arachnida	Araneae	Pholcidae	https://doi.org/10.11646/zootaxa.4747.1.2
1258			accepted	species	Emiliano Zapata: dedicated to Emiliano Zapata Salazar, better known as "Emiliano Zapata, el Caudillo del Sur", a famous Mexican revolutionary who fought during the Mexican Revolution (1910-1917) in the Central-South region of Mexico	Ixchela zapatai	Valdez-Mondragón, 2020	2020	VALDEZ_MONDRAG_N_2020	FALSE	Animalia	Arthropoda	Arachnida	Araneae	Pholcidae	https://doi.org/10.11646/zootaxa.4747.1.2
1259			accepted	species	Yasunari Kawabata	Janssoniella kawabatai	Tselikh, 2020	2020	Tselikh_2020	FALSE	Animalia	Arthropoda	Insecta	Hymenoptera	Pteromalidae	https://doi.org/10.31610/zsr/2020.29.2.301
1260			accepted	species	Béla Hamvas	Kahlerosphaera hamvasi	Kozur, Moix & Ozsvárt, 2007	2007		TRUE						
1261			accepted	species	Andrés Bonifacio: is named in honor of the late Supremo Andres Bonifacio, who founded the revolutionary movement, Kataas-Taasan Kagalanggalangang Katipunan ng mga Anak ng Bayan or KKK, a major force behind the Philippine revolution against Spain." The name of the genus Kalayaan means "freedom	Kalayaan bonifacioi	Corpuz-Raros 1998	1998		FALSE	Animalia	Arthropoda	Arachnida	Sarcoptiformes	Otocepheidae	
1262			accepted	species	José Rizal: is named in honor of the Philippines' National Hero, Dr Jose Protacio Rizal, whose nationalist writings and exposés on the abuses of Spanish authorities enlightened the Filipino people and emboldened armed revolutionaries to take more decisive actions in their struggle for independence from Spain." The name of the genus Kalayaan means "freedom	Kalayaan rizali	Corpuz-Raros 1998	1998		FALSE	Animalia	Arthropoda	Arachnida	Sarcoptiformes	Otocepheidae	
1263			accepted	species	Raymond Poincaré: This curious crassulacea, having been recognized as new on February 17, 1913, the day of the election of Mr. Raymond Poincaré to the presidency of the Republic, we are pleased to give the name of the eminent statesman to this new species from one of our richest colonies [Madagascar]	Kalanchoe × poincarei	Raym.-Hamet & H.Perrier			FALSE	Plantae	Tracheophyta	Magnoliopsida	Saxifragales	Crassulaceae	
1264			accepted	species	António de Oliveira Salazar: a new and well-characterised species that we are pleased to dedicate to the eminent professor of the University of Coimbra, President Antonio de Oliveira Salazar, whose political genius made a new sun rise on the destiny of Portugal	Kalanchoe salazari	Raym.-Hamet			FALSE	Plantae	Tracheophyta	Magnoliopsida	Saxifragales	Crassulaceae	
1265			accepted	species	Søren Kierkegaard	Kerygmachela kierkegaardi	Budd, 1993	1993	Budd_1993	TRUE						https://doi.org/10.1038/364709a0
1266			accepted	species	J. R. R. Tolkien: named in honor of J. R. R. for his profound impact on the fantasy literature genre." The generic name Khamul is "named for the only specifically named by J. R. R. , , the Shadow of the East (aka Black Easterling)	Khamul tolkeini	Gates, 2008	2008	GATES_2008	FALSE	Animalia	Arthropoda	Insecta	Hymenoptera	Eurytomidae	https://doi.org/10.11646/zootaxa.1898.1.1
1267			accepted	species	Cora Coralina: The specific epithet refers to the outline of the shell, resembling a coral polyp, from the Latin corallium. The name is also a regard to Cora Coralina, the pseudonym of Ana Lins dos Guimarães Peixoto Bretas (1889-1985), a famous Brazilian poet novelist	Kora corallina	Simone, 2012	2012	Simone_2012	FALSE	Animalia	Mollusca	Gastropoda		Megaspiridae	https://doi.org/10.1590/S0031-10492012021600001
1268			accepted	genus	Nikita Khrushchev: One body, which resembles a fossil wart, I have named for a certain international figure whose activities in Washington made me seriously late in arriving at the U.S. National Museum	Kruschevia	Flower, 1961	1961	McClellan_2019	TRUE						https://doi.org/10.1080/08912963.2019.1618293
1269			accepted	species	Matilde Bajer	Kuskaella bajerae	Fanti & Damgaard, 2018	2018		TRUE						
1270			accepted	species	Marie Curie: named after Marie Curie, a role model for female scientists	Lactobacillus curieae	Lei, Sun, Xie & Wei, 2013	2013	Lei_2013	FALSE	Bacillati	Bacillota	Bacilli	Lactobacillales	Lactobacillaceae	https://doi.org/10.1099/ijs.0.041830-0
1271			accepted	species	Jorge Luis Borges: Named in honor of Jorge Luis Borges, one of the most important writers from South-America. This late Argentinean writer is a milestone of literary fiction with his metaphysical tales, essays, and poetry	Ladeaschistus borgesi	Cioato, Bianchi, Eger & Grazia, 2015	2015	CIOATO_2015	FALSE						https://doi.org/10.11646/zootaxa.4048.4.7
1272			accepted	species	Victoria, Princess Royal: I have great pleasure in naming this most remarkable and brilliant new species Lamprolia victoriae, in honour of Her Imperial and Royal Highness Victoria, Crown-Princess of the German Empire and of Prussia	Lamprolia victoriae	Finsch, 1874	1874		FALSE	Animalia	Chordata	Aves	Passeriformes	Rhipiduridae	
1273			accepted	species	Arkady Fiedler	Lathrolestes fiedleri	Reshchikov, 2015	2015	Reshchikov_2015	FALSE	Animalia	Arthropoda	Insecta	Hymenoptera	Ichneumonidae	https://doi.org/10.3897/BDJ.3.e4327
1274			accepted	species	Marcus Whitman	Leda whitmani	Dall, 1909	1909	Dall_1909	TRUE						https://doi.org/10.3133/pp59
1275			accepted	species	George V	Leiochrodes georgi	Pic, 1918	1918		FALSE						
1276			accepted	species	Douglas Haig, 1st Earl Haig	Leiochrodes haigi	Pic, 1918	1918		FALSE						
1277			accepted	species	Horatio Herbert Kitchener, 1st Earl Kitchener	Leiochrodes kitchneri	Pic, 1918	1918		FALSE						
1278			accepted	species	Erich Wolfgang Korngold: dedicated to Erich Wolfgang Korngold (1897–1957), one of the favourite composers of the first author	Leiorhagium korngoldi	Haase & Bouchet, 1998	1998	Haase_1998	FALSE	Animalia	Mollusca	Gastropoda	Littorinimorpha	Tateidae	https://doi.org/10.1023/A:1003219931171
1279			accepted	species	Modest Mussorgsky: named after one of the first author's favourite composers, Modest Mussorgsky (1839–1881)	Leiorhagium mussorgskyi	Haase & Bouchet, 1998	1998	Haase_1998	FALSE	Animalia	Mollusca	Gastropoda	Littorinimorpha	Tateidae	https://doi.org/10.1023/A:1003219931171
1280			accepted	species	Sidney Bechet: I dedicate this species to the saxophonist Sidney Bechet, the pioneer of soprano sax players in jazz	Leistus becheti	Allegro, 2007	2007		FALSE	Animalia	Arthropoda	Insecta	Coleoptera	Carabidae	
1281			accepted	species	Frederic W. H. Myers	Lelapsomorpha myersi	Girault, 1913	1913		FALSE	Animalia	Arthropoda	Insecta	Hymenoptera	Coelocybidae	
1282			accepted	genus	Vladimir Lenin: The museum where [the type specimen] is housed is located within the Lenin Memorial and Lenin school complex in Ulyanovsk; accordingly, the generic name reflects the geohistorical location of the find	Leninia	Fischer et al., 2013	2013	FISCHER_2013	TRUE	Animalia	Arthropoda	Insecta	Lepidoptera	Crambidae	https://doi.org/10.1017/S0016756812000994
1283			accepted	species	Albert I, Prince of Monaco	Lepidoteuthis grimaldii	Joubin, 1895	1895		FALSE	Animalia	Mollusca	Cephalopoda	Oegopsida	Lepidoteuthidae	
1284			accepted	species	Sigmund Freud	Lepithrix freudi	Schein, 1959	1959		FALSE	Animalia	Arthropoda	Insecta	Coleoptera	Scarabaeidae	
1285			accepted	species	Albert I, Prince of Monaco	Lepralia grimaldii	Jullien, 1903	1903		FALSE	Animalia	Bryozoa	Gymnolaemata	Cheilostomatida		
1286			accepted	species	Søren Kierkegaard	Leptacis kierkegaardi	Buhl, 1997	1997		FALSE	Animalia	Arthropoda	Insecta	Hymenoptera	Platygastridae	
1287			accepted	species	J. R. R. Tolkien	Leucothoe tolkieni	Vinogradov, 1990	1990		FALSE	Animalia	Arthropoda	Malacostraca	Amphipoda	Leucothoidae	
1288			accepted	species	Herman Melville	Leviathan melvillei	Lambert et al., 2010	2010	Lambert_2010	TRUE						https://doi.org/10.1038/nature09067
1289			accepted	species	Theodore Roosevelt: after Theodore Roosevelt, the 26th president of the United States of America and a keen naturalist	Limitolagus roosevelti	Fostowicz-Frelik, 2013	2013	Fostowicz_Frelik_2013	TRUE						https://doi.org/10.1206/3773.2
1290			accepted	genus	Abraham Lincoln	Lincolna	Girault, 1940	1940		FALSE	Animalia	Arthropoda	Insecta	Hymenoptera	Melanosomellidae	
1291			accepted	genus	Abraham Lincoln	Lincolnanna	Girault, 1939	1939		FALSE	Animalia	Arthropoda	Insecta	Hymenoptera	Pteromalidae	
1292			accepted	species	Carlos Gardel: This new species is named after the famous Uruguayan tango singer, Carlos Gardel, who died in a plane crash in 1935. Gardel's birthplace was widely disputed and claimed by Uruguay, France, and Argentina, but recent research has confirmed that Gardel is the illegitimate son of a Uruguayan farmer. According to historical data from the book, Carlos Gardel – el silencio de Tacuarembó, authored by Selva Ortiz (1994), Gardel was born in the Tacuarembó Department (Uruguay), in the same region of the type locality of this newly described species	Liolaemus gardeli	Varrastro, Maneyro, da Silva & Farias, 2017	2017	VERRASTRO_2017	FALSE	Animalia	Chordata	Reptilia	Squamata	Liolaemidae	https://doi.org/10.11646/zootaxa.4294.4.4
1293			accepted	species	Hipólito Yrigoyen: An alternative name for Iturbe, the type locality, is Hipólito Yrigoyen, after Juan Hipólito del Sagrado Corazón de Jesús Yrigoyen Alem, a progressive politician and two-time president of Argentina	Liphanthus yrigoyeni	Packer, 2019	2019	SHARIFI_2019	FALSE	Animalia	Arthropoda	Insecta	Hymenoptera	Andrenidae	https://doi.org/10.11646/zootaxa.4645.1.1
1294			accepted	species	Albert I, Prince of Monaco	Lithodes grimaldii	A. Milne-Edwards & Bouvier, 1894	1894		FALSE	Animalia	Arthropoda	Malacostraca	Decapoda	Lithodidae	
1295			accepted	species	Osceola	Litomylus osceolae	Van Valen, 1978	1978		TRUE						
1296			accepted	species	Queen Victoria: In honour of Her Most Gracious Majesty, the Patroness of the Society	Lophyrus victoria	Fraser, 1844	1844		FALSE	Animalia	Mollusca	Polyplacophora	Chitonida	Stenosemusidae	
1297			accepted	species	Mahwi: named after Mahwi who was one of the most prominent classical Kurdish poet and Sufis from Kurdistan. Mahwi was always using "Parwana – in Kurdish" meaning "Moth" as moth and flame metaphor in his poems	Lulavia mahwii	Khudhur & Hausmann, 2024	2024	KHUDHUR_2024	FALSE	Animalia	Arthropoda	Insecta	Lepidoptera	Geometridae	https://doi.org/10.11646/zootaxa.5543.3.7
1298			accepted	genus	Lumière brothers: derived from Auguste Marie Louis Nicholas Lumière (1862–1954) and Louis Jean Lumière (1864–1948), the Lumière brothers, who were the inventors of [the] cinematograph, being frequently referred like the parents of the "Cinema"	Lumieria	Benedetti & Pinto-da-Rocha, 2022	2022	Benedetti_2022	FALSE	Animalia	Arthropoda	Arachnida	Opiliones	Metasarcidae	https://doi.org/10.3897/asp.80.e73829
1299			accepted	genus	Albert Luthuli: in honour of Chief Albert John Mvumbi Luthuli of KwaZulu-Natal, Africa's first winner of the Nobel Peace Prize and former President of the African National Congress	Luthulenchelys	McCosker, 2007	2007		FALSE	Animalia	Chordata	Teleostei	Anguilliformes	Ophichthidae	
1300			accepted	species	Robert Peary: named after the polar explorer Robert Edwin Peary (1856–1920), one of the pioneers in the study of Greenland	Lycoriella pearyi	Menzel & Vilkamaa, 2021	2021	MENZEL_2021	FALSE	Animalia	Arthropoda	Insecta	Diptera	Sciaridae	https://doi.org/10.11646/zootaxa.5072.6.1
1301			accepted	species	Ernest Shackleton	Lyngbya shackletoni	West & G.S. West, 1911	1911		FALSE	Bacillati	Cyanobacteriota	Cyanophyceae	Oscillatoriales	Microcoleaceae	
1302			accepted	species	Albert I, Prince of Monaco	Macellicephala grimaldii	Fauvel, 1913	1913		FALSE	Animalia	Annelida	Polychaeta	Phyllodocida	Polynoidae	
1303			accepted	species	Marie Curie: in recognition of the outstanding Polish scientist Maria Skłodowska-Curie (1867–1934) who co-discovered radium, polonium and natural radiation, the first woman to win the Nobel Prize and the first scientist to win two Nobel Prizes (1903 and 1911)	Macrobiotus sklodowskae	Michalczyk, Kaczmarek & Węglarska, 2006	2006	MICHALCZYK_2006	FALSE	Animalia	Tardigrada	Eutardigrada	Parachela	Macrobiotidae	https://doi.org/10.11646/zootaxa.1371.1.4
1304			accepted	species	Joseph-Albert Deport	Macrocyphon deporti	Pic, 1918	1918		FALSE						
1305			accepted	species	Ferdinand Foch	Macrocyphon fochi	Pic, 1918	1918		FALSE						
1306			accepted	species	Pierre Alexis Ronarc'h	Macrocyphon ronarchi	Pic, 1918	1918		FALSE						
1307			accepted	species	Haile Selassie: to commemorate the last regent of Ethiopia and the last Emperor of Abyssinia, who was born on 23.VII.1892 and died in captivity under mysterious circumstances on 27.VIII.1975 after doing nothing about the 1974 famine in the country and being deprived of power. He is said to have been the 225th successor of King Solomon	Macropoliana haileselassiei	Eitschberger & Melichar, 2016	2016		FALSE	Animalia	Arthropoda	Insecta	Lepidoptera	Sphingidae	
1308			accepted	species	Roald Amundsen: dedicated to the Norwegian explorer Roald Amundsen, eponym of the type locality (Amundsen Sea), in order to mark the 100th anniversary of Amundsen as the first person to reach the geographic South Pole on December 14th 1911	Macrostylis roaldi	Riehl & Kaiser, 2012	2012	Riehl_2012	FALSE	Animalia	Arthropoda	Malacostraca	Isopoda	Macrostylidae	https://doi.org/10.1371/journal.pone.0049354
1309			accepted	genus	Mahidol Adulyadej: The genus is named in honor of His Royal Highness Prince Mahidol of Songkla, deceased, in appreciation of his substantial interest in the fishes and fisheries of Siam. This interest was manifested in various ways, notably by the setting aside of a large fund for sending young Siamese abroad for special training in fishery work	Mahidolia	H. M. Smith, 1932	1932		FALSE	Animalia	Chordata	Teleostei	Gobiiformes	Gobiidae	
1310			accepted	species	Franklin D. Roosevelt	Marginella roosevelti	Bartsch & Rehder, 1939	1939		FALSE	Animalia	Mollusca	Gastropoda	Neogastropoda	Marginellidae	
1311			accepted	species	Poul Henningsen: named in memory of the Danish author, critic, architect and designer Poul Henningsen [...], in recognition of his cultural contributions	Malthodes henningseni	Fanti & Damgaard, 2018	2018		TRUE	Animalia	Arthropoda	Insecta	Coleoptera	Cantharidae	
1312			accepted	species	J. R. R. Tolkien	Martesia tolkieni	Kennedy, 1974	1974		FALSE	Animalia	Mollusca	Bivalvia		Pholadidae	
1313			accepted	genus	Karl Marx	Marxella	Girault, 1932	1932		FALSE	Animalia	Arthropoda	Insecta	Hymenoptera	Encyrtidae	
1314			accepted	genus	Karl Marx	Marxiana	Girault, 1932	1932		FALSE	Animalia	Arthropoda	Insecta	Hymenoptera	Lyciscidae	
1315			accepted	species	Roald Amundsen: named in honor of the Norwegian explorer Roald Amundsen, whose conquest of the Northwest Passage in the ship Gjøa ended in 1905 along the Arctic coast not far from Ocean Point	Mathilda amundseni	Marincovich, 1993	1993		TRUE	Animalia	Mollusca	Gastropoda		Mathildidae	
1316			accepted	species	Emiliano Zapata: The pygidial spines droop in the style of a moustache	Mayopyge zapata	Adrain & Fortey 1997	1997		TRUE	Animalia	Arthropoda	Trilobita	Phacopida	Cheiruridae	
1317			accepted	species	Alice, Princess of Monaco	Membraniporella alice	Jullien, 1903	1903		FALSE	Animalia	Bryozoa	Gymnolaemata	Cheilostomatida	Flustridae	
1318			accepted	species	Joseph Gallieni	Memorocyphon gallienii	Pic, 1918	1918		FALSE						
1319			accepted	species	Albert, Prince Consort	Menura alberti	Bonaparte, 1850	1850		FALSE	Animalia	Chordata	Aves	Passeriformes	Menuridae	
1320			accepted	species	Franklin D. Roosevelt	Merriamium roosevelti	de Laubenfels, 1939	1939		FALSE	Animalia	Porifera	Demospongiae	Poecilosclerida	Coelosphaeridae	
1321			accepted	species	Jorge Luis Borges	Mesabolivar borgesi	Huber, 2018	2018	HUBER_2018a	FALSE	Animalia	Arthropoda	Arachnida	Araneae	Pholcidae	https://doi.org/10.11646/zootaxa.4395.1.1
1322			accepted	species	Albert I, Prince of Monaco	Mesenteripora grimaldii	Jullien, 1903	1903		FALSE	Animalia	Bryozoa	Stenolaemata	Cyclostomatida	Plagioeciidae	
1323			accepted	species	José Rizal	Metaeuchromius rizali	Léger, 2024	2024	L_ger_2024	FALSE	Animalia	Arthropoda	Insecta	Lepidoptera	Crambidae	https://doi.org/10.18061/bssb.v3i2.9527
1324			accepted	species	Henry Wadsworth Longfellow	Metallonella longfellowi	Girault, 1915	1915	Hayat_2003	FALSE	Animalia	Arthropoda	Insecta	Hymenoptera	Encyrtidae	https://doi.org/10.1080/00305316.2003.10417345
1325			accepted	species	Ernest Shackleton: named after Sir Ernest Shackleton, Antarctic explorer, for whom the Shackleton Scholarship Fund is commemorated, in recognition of the Fund's support of this work	Micromaldane shackletoni	Darbyshire, 2013	2013	DARBYSHIRE_2013	FALSE	Animalia	Annelida	Polychaeta		Maldanidae	https://doi.org/10.11646/zootaxa.3683.4.7
1326			accepted	species	Sofya Kovalevskaya	Microplitis kovalevskayae	Kittel, 2016	2016	Fernandez_Triana_2020	FALSE	Animalia	Arthropoda	Insecta	Hymenoptera	Braconidae	https://doi.org/10.3897/zookeys.920.39128
1327			accepted	species	Pyotr Ilyich Tchaikovsky and Adrian Tchaikovsky: This species is named in honor of Adrian Tchaikovsky, author, and Pyotr Ilyich Tchaikovsky, composer, whose audiobook and music respectively were much appreciated by the first author while sampling	Microstomum tchaikovskyi	Atherton & Jondelius, 2018	2018	Atherton_2018	FALSE	Animalia	Platyhelminthes		Dolichomicrostomida	Microstomidae	https://doi.org/10.1111/zsc.12290
1328			accepted	species	Red Cloud	Mimatuta makpialutae	Van Valen, 1978	1978		TRUE						
1329			accepted	species	Korney Chukovsky: The new species is named after the famous Russian children's poet, essayist, literary critic, and translator Korney I. Chukovsky (1882-1969). In one of his most popular children's poems, "Doktor Aybolit [Dr. Ouch, [it] hurts!]" there are lines "We live in Zanzibar, In the Kalahari and the Sahara, On Mount Fernando Po, Where Hippo Po walks Along the wide Limpopo", reading which for the first time, the author of the article (at the age of five) became interested in the geography and nature of Africa, to the study of which he later devoted his life	Mirocossus chukovskyi	Yakovlev, 2022	2022	Yakovlev_2022	FALSE	Animalia	Arthropoda	Insecta	Lepidoptera	Cossidae	https://doi.org/10.57065/shilap.66
1330			accepted	species	José Veríssimo: in homage to José Veríssimo Dias de Matos (1857–1916), a Brazilian writer and former director of the Pará State Board of Education who had a very important role in the reorganization of the Museu Paraense in 1891	Mischocyttarus verissimoi	Silveira, 2015	2015	Silveira_2015	FALSE	Animalia	Arthropoda	Insecta	Hymenoptera	Vespidae	https://doi.org/10.1016/j.rbe.2015.07.006
1331			accepted	genus	Frédéric Mistral: dedicate[d] [...] to the great Provençal poet F. Mistral, of Maillane, who celebrated in Mirèio the flora of the Crau, the Alpilles, and the Camargue	Mistralia	Fourr.			FALSE	Animalia	Arthropoda	Arachnida	Opiliones	Triaenonychidae	
1332			accepted	species	Emile Berliner: I take the greatest pleasure in naming this splendid Mitra in honor of Mr. Emile Berliner, of Washington, D.C., as a slight token of appreciation of his generous gift of the Sarah Berliner Foundation, which has made this work possible	Mitra berlineri	Maury, 1917	1917		TRUE	Animalia	Mollusca	Gastropoda	Neogastropoda	Mitridae	
1333			accepted	genus	Claude Monet: From the French impressionist artist Claude Monet, in appreciation of his paintings of water lilies	Monetianthus	E.M.Friis et al.		Friis_2009	TRUE						https://doi.org/10.1086/605120
1334			accepted	species	Theodore Roosevelt Jr. and Kermit Roosevelt	Muntiacus rooseveltorum	Osgood, 1932	1932		FALSE	Animalia	Chordata	Mammalia	Artiodactyla	Cervidae	
1335			accepted	species	John Tyndall	Mymar tyndalli	Girault, 1912	1912		FALSE	Animalia	Arthropoda	Insecta	Hymenoptera	Mymaridae	
1336			accepted	species	Jules Marcel de Coppet	Myrmarachne coppeti	Berland & Millot, 1941	1941		FALSE	Animalia	Arthropoda	Arachnida	Araneae	Salticidae	
1337			accepted	species	Joseph Gallieni: named for the controversial World War I French General Joseph Gallieni (1849-1916) who won an early victory over the Germans "that saved Paris". To some people, probably including Bondroit, who may have served under him, Gallieni was the "Hero of the Marne" (type locality of the species)	Myrmica gallienii	Bondroit, 1920	1920		FALSE	Animalia	Arthropoda	Insecta	Hymenoptera	Formicidae	
1338			accepted	genus	Vladimir Nabokov	Nabokovia	Hemming, 1960	1960		FALSE	Animalia	Arthropoda	Insecta	Lepidoptera	Lycaenidae	
1339			accepted	species	W. Somerset Maugham	Nannenus maughami	Prószyński & Deeleman-Reinhold, 2012	2012	Pr_szy_ski_2012	FALSE	Animalia	Arthropoda	Arachnida	Araneae	Salticidae	https://doi.org/10.15298/arthsel.21.1.04
1340			accepted	species	Mustafa Kemal Atatürk: The name gazii is derived from the Turkish honorary title "Gazi," meaning "veteran" or "warrior," and is proposed in tribute to Gazi Mustafa Kemal Atatürk (1881–1938), the founding father of the Republic of Turkey. The name symbolically reflects resilience and perseverance, traits metaphorically associated with both the subterranean lifestyle of blind mole rats and Atatürk's enduring legacy in the establishment of modern Turkish science, education, and national sovereignty	Nannospalax gazii	Matur et al., 2026	2026	Matur_2026	FALSE	Animalia	Chordata	Mammalia	Rodentia	Spalacidae	https://doi.org/10.1556/1777.2026.00131
1341			accepted	species	H. P. Lovecraft	Nanocthulhu lovecrafti	Buffington, 2012	2012	Buffington_2012	FALSE						https://doi.org/10.4289/0013-8797.114.1.5
1342			accepted	species	Ernest Shackleton	Navicula shackletoni	West & G.S. West			FALSE						
1343			accepted	species	Paul du Bois-Reymond	Neanastatus reymondi	Girault, 1915	1915		FALSE	Animalia	Arthropoda	Insecta	Hymenoptera	Neanastatidae	
1344			accepted	species	Franklin D. Roosevelt	Neanthes roosevelti	Hartman, 1939	1939		FALSE	Animalia	Annelida	Polychaeta	Phyllodocida	Nereididae	
1345			accepted	species	Oliver Lodge: Respectfully dedicated to Sir Oliver J. Lodge for his interest in and contributions to a difficult field of Psychology, one of the highest importance to mankind but of the least acknowledged	Neapterolelaps lodgei	Girault, 1913	1913		FALSE	Animalia	Arthropoda	Insecta	Hymenoptera		
1346			accepted	species	Mary Johnston: This beautiful species is respectfully dedicated to Mary Johnston for her war-incriminating novel Cease Firing	Nearretocera johnstoni	Girault, 1913	1913		FALSE	Animalia	Arthropoda	Insecta	Hymenoptera	Chalcididae	
1347			accepted	species	Chaim Weizmann: After the name of a famous chemist and statesman, otherwise the first President of Israel	Neobisium chaimweizmanni	Ćurčić & Dimitrijević, 2002	2002		FALSE	Animalia	Arthropoda	Arachnida	Pseudoscorpiones	Neobisiidae	
1348			accepted	species	David Ben-Gurion: After the name of a noted politician and publicist, David BenGurion, otherwise the first Prime Minister of Israel	Neobisium davidbengurioni	Ćurčić & Dimitrijević, 2002	2002		FALSE	Animalia	Arthropoda	Arachnida	Pseudoscorpiones	Neobisiidae	
1349			accepted	species	Golda Meir: After the name of the Mother of Israel, Ms. Golda Meir, a noted Israeli politician and the former Prime Minister of the country	Neobisium goldameirae	Ćurčić & Dimitrijević, 2002	2002		FALSE	Animalia	Arthropoda	Arachnida	Pseudoscorpiones	Neobisiidae	
1350			accepted	species	Marc Chagall: After the name of Marc Chagall, a famous Russian-Jewish painter	Neobisium marcchagalli	Ćurčić & Ćurčić, 2002	2002		FALSE	Animalia	Arthropoda	Arachnida	Pseudoscorpiones	Neobisiidae	
1351			accepted	species	Franklin D. Roosevelt: I take great pleasure in naming this species for the Hon. Franklin D. Roosevelt, President of the United States of America, in appreciation of his interest in the biological bollections of the U.S. National Museum	Neomegamphopus roosevelti	Shoemaker, 1942	1942	Jozwiak_2015	FALSE	Animalia	Arthropoda	Malacostraca	Amphipoda	Neomegamphopidae	https://doi.org/10.3897/zookeys.513.9873
1352			accepted	species	Ernest Hemingway: For Ernest Hemingway, author and angler of great game fishes, in appreciation of his assistance in my work on Gulf Stream fishes	Neomerinthe hemingwayi	Fowler, 1935	1935	Chakrabarty_2005	FALSE	Animalia	Chordata	Teleostei	Perciformes	Scorpaenidae	https://doi.org/10.1353/hem.2006.0005
1353			accepted	species	Emiliano Zapata: named in memory of Emilano Zapata Salazar (1879–1919), hero of the Mexican Revolution	Neozygina zapatai	Dietrich & Dmitriev, 2007	2007	DIETRICH_2007	FALSE	Animalia	Arthropoda	Insecta	Hemiptera	Cicadellidae	https://doi.org/10.11646/zootaxa.1475.1.3
1354			accepted	species	Ricardo Palma: in honor of the Peruvian politician, journalist, and writer Ricardo Palma Soriano (1833–1919). Among his main achievements, Ricardo Palma is recognized for the foundation of the Academia Peruana de la Lengua, for his traditional writing about the Peruvian customs represented in his well-known Tradiciones Peruanas, and for the reconstruction of the National Library after the War of the Pacific (1879–1883) as part of the post-war national reconstruction, for which he was named as "El Bibliotecario mendigo" ("The beggar Librarian"). In this war, the original manuscript of his novel Los Marañones was burned [...], which was said to narrate the Spanish explorer's adventures and rebel conquistador [sic] Lope de Aguirre in the Peruvian Amazonian	Nephelomys ricardopalmai	Ruelas, Pacheco, Inche & Tinoco, 2021	2021	RUELAS_2021	FALSE	Animalia	Chordata	Mammalia	Rodentia	Cricetidae	https://doi.org/10.11646/zootaxa.5027.2.3
1355			accepted	species	Henry Morton Stanley: I propose naming this fine species after the illustrious leader of the Emin Pasha Relief Expedition and explorer of Central Africa	Neptunides stanleyi	Janson, 1984	1984		FALSE	Animalia	Arthropoda	Insecta	Coleoptera	Scarabaeidae	
1356			accepted	genus	Friedrich Nietzsche	Nietzscheana	Zubov, 2014	2014	FHLZRLFPOS8_2019	FALSE	Animalia	Arthropoda	Insecta	Coleoptera	Cerambycidae	https://doi.org/10.24412/FhLZrLfPoS8
1357			accepted	species	Isaäc Dignus Fransen van de Putte: The epithet, conferred on this very rare species, is attached to the name of His Excellency the present Minister of the Colonies, Mr. Fransen van de Putte, who was kind enough to authorise the continuation of the exploration of New Guinea and of the research aimed at making the natural history of our Archipelago known	Noctua fransenii	Schlegel, 1866	1866		FALSE						
1358			accepted	species	Ernest Shackleton: to the links between the Shackleton family and the Falkland Islands. Sir Ernest Shackleton (1874–1922) visited the islands during his epic rescue of the crew of the Endurance in 1915	Notiomaso shackletoni	Lavery & Snazell, 20134		Lavery_2013	FALSE	Animalia	Arthropoda	Arachnida	Araneae	Linyphiidae	https://doi.org/10.13156/arac.2013.16.2.37
1359			accepted	species	Robert Falcon Scott	Notothenia scotti	Boulenger, 1907	1907		FALSE	Animalia	Chordata	Teleostei	Perciformes	Nototheniidae	
1360			accepted	species	Joseph Joffre: The species is named in honour of General Joffre, Commander-in-Chief of the French Army	Nyctalus joffrei	Thomas, 1915	1915	Saikia_2017	FALSE	Animalia	Chordata	Mammalia	Chiroptera	Vespertilionidae	https://doi.org/10.5281/zenodo.322668
1361			accepted	species	José Ballivián	Odontophorus balliviani	Gould, 1846	1846		FALSE	Animalia	Chordata	Aves	Galliformes	Odontophoridae	
1362			accepted	species	Dashiell Hammett: Named after Samuel Dashiell Hammett (1894–1961), who was a well-known American author of hardboiled detective novels and short stories, and creator of the famous protagonist, Sam Spade	Odontophotopsis hammetti	Pitts, 2010	2010	PITTS_2010	FALSE						https://doi.org/10.11646/zootaxa.2553.1.1
1363			accepted	species	Horatio Herbert Kitchener, 1st Earl Kitchener: Dedicated to the English Field Marshal Lord Kitchener, who died on 5 June 1916, when the cruiser Hampshire sank	Odynerus kitcheneri	Dusmet, 1917	1917	Gusenleitner_2013	FALSE	Animalia	Arthropoda	Insecta	Hymenoptera	Vespidae	https://doi.org/10.5281/zenodo.4526087
1364			accepted	species	Colmar Freiherr von der Goltz: Dedicated to the German General Von Goltz, reorganizer of the Turkish army	Odynerus goltzi	Dusmet, 1917	1917	Gusenleitner_2013	FALSE	Animalia	Arthropoda	Insecta	Hymenoptera	Vespidae	https://doi.org/10.5281/zenodo.4526087
1365			accepted	species	Wilhelm II, German Emperor	Odynerus wilhelmi	Dusmet, 1917	1917	Gusenleitner_2013	FALSE	Animalia	Arthropoda	Insecta	Hymenoptera	Vespidae	https://doi.org/10.5281/zenodo.4526087
1366			accepted	species	Albert I of Belgium	Odynerus alberti	Dusmet, 1917	1917	Gusenleitner_2013	FALSE	Animalia	Arthropoda	Insecta	Hymenoptera	Vespidae	https://doi.org/10.5281/zenodo.4526087
1367			accepted	species	Aleksei Brusilov: Dedicated to the Russian General Brussiloff, who in 1916 conquered Bukovina and part of Volhynia	Odynerus brussiloffi	Dusmet, 1917	1917	Gusenleitner_2013	FALSE	Animalia	Arthropoda	Insecta	Hymenoptera	Vespidae	https://doi.org/10.5281/zenodo.4526087
1368			accepted	species	Erich von Falkenhayn: Dedicated to the German Marshal Falkenhayn, who conquered Romania at the end of 1916	Odynerus falkenhayni	Dusmet, 1917	1917		FALSE	Animalia	Arthropoda	Insecta	Hymenoptera	Vespidae	
1369			accepted	species	John French, 1st Earl of Ypres: Dedicated to General John French, who commanded for a long time the English armies in France	Odynerus frenchi	Dusmet, 1917	1917		FALSE	Animalia	Arthropoda	Insecta	Hymenoptera	Vespidae	
1370			accepted	species	Paul von Hindenburg: Dedicated to the German Marshal Hindenburg, victor of Augustów [sic; probably meant Tannenberg] and the Masurian Lakes and conqueror of Poland	Odynerus hindenburgi	Dusmet, 1917	1917		FALSE	Animalia	Arthropoda	Insecta	Hymenoptera	Vespidae	
1371			accepted	species	Franz Conrad von Hötzendorf: Dedicated to General Conrad von Hötzendorf, Chief of Staff of the Austrian armies	Odynerus hoetzendorfi	Dusmet, 1917	1917		FALSE	Animalia	Arthropoda	Insecta	Hymenoptera	Vespidae	
1372			accepted	species	Paul König: Dedicated to Herr König, commander of the merchant submarine Deutschland, which on 10 July 1916 arrived in the United States, crossing the Atlantic for the first time	Odynerus koenigi	Dusmet, 1917	1917		FALSE	Animalia	Arthropoda	Insecta	Hymenoptera	Vespidae	
1373			accepted	species	August von Mackensen: Dedicated to the German General Mackensen, conqueror of Poland and Serbia	Odynerus mackenseni	Dusmet, 1917	1917		FALSE	Animalia	Arthropoda	Insecta	Hymenoptera	Vespidae	
1374			accepted	species	Karl von Müller: Dedicated to Captain Müller, who, with the German cruiser Emden made a remarkable campaign in the Indian Ocean	Odynerus muelleri	Dusmet, 1917	1917		FALSE	Animalia	Arthropoda	Insecta	Hymenoptera	Vespidae	
1375			accepted	species	Grand Duke Nicholas Nikolaevich of Russia (1856–1929): Dedicated to H.H. the Grand Duke Nicholas Romanoff of Russia, for some time commander in chief of the Russian Armies	Odynerus romanoffi	Dusmet, 1917	1917		FALSE	Animalia	Arthropoda	Insecta	Hymenoptera	Vespidae	
1376			accepted	species	Otto Weddigen: Dedicated to the German lieutenant Weddigen who, with the submarine U-9, sank, on 22 September 1914, the British cruisers Aboukir, Hogue and Crecy [sic]	Odynerus weddigeni	Dusmet, 1917	1917		FALSE	Animalia	Arthropoda	Insecta	Hymenoptera	Vespidae	
1377			accepted	species	Prince Leopold of Bavaria: Dedicated to Prince Leopold of Bavaria, conqueror of Warsaw	Odynerus leopoldi	Dusmet, 1917	1917		FALSE	Animalia	Arthropoda	Insecta	Hymenoptera	Vespidae	
1378			accepted	species	Erich Ludendorff: Dedicated to the German General Ludendorff, Marshal Hindenburg's Chief of Staff	Odynerus ludendorffi	Dusmet, 1917	1917		FALSE	Animalia	Arthropoda	Insecta	Hymenoptera	Vespidae	
1379			accepted	species	Nikolai Ruzsky: Dedicated to the Russian General Russky, victor of the battles of Lemberg on September 1914	Odynerus russky	Dusmet, 1917	1917		FALSE	Animalia	Arthropoda	Insecta	Hymenoptera	Vespidae	
1380			accepted	species	Ho Chi Minh	Oedichirus hochimini	Rougemont, 2018	2018		FALSE	Animalia	Arthropoda	Insecta	Coleoptera	Staphylinidae	
1381			accepted	species	Augusto César Sandino: The name of this species is in honor of Augusto César Sandino, a Nicaraguan hero, born in the Segovia Mountains	Ogyges sandinoi	Cano, 2014	2014	CANO_2014	FALSE	Animalia	Arthropoda	Insecta	Coleoptera	Passalidae	https://doi.org/10.11646/zootaxa.3889.4.1
1382			accepted	species	Henri Poincaré	Oligosita poincarei	Girault, 1913	1913		FALSE	Animalia	Arthropoda	Insecta	Hymenoptera	Trichogrammatidae	
1383			accepted	species	James Clark Ross	Ommatophoca rossii	Gray, 1844	1844		FALSE	Animalia	Chordata	Mammalia	Carnivora	Phocidae	
1384			accepted	species	Albert I, Prince of Monaco	Onchopora grimaldii	Jullien, 1903	1903		FALSE						
1385			accepted	species	Jandamarra: Jandemarra was the name of the Aboriginal warrior who fought for Aboriginal rights in the Kimberleys and lived in caves in the Devonian reefs	Onychodus jandemarrai	Andrews et al., 2006	2006	Andrews_2005	TRUE						https://doi.org/10.1017/s0263593300001309
1386			accepted	species	Johann Strauss II: This species is named after the King of Waltz, the composer Johann Strauß II (1825-1899). This dedication has been inspired by the name of the type locality [a stream in Ballroom Cave, Aorere Valley, New Zealand ]	Opacuincola johannstraussi	Haase, 2008	2008	Haase_2008	FALSE	Animalia	Mollusca	Gastropoda	Littorinimorpha	Tateidae	https://doi.org/10.1017/S1477200007002630
1387			accepted	species	Eduard Strauss: Eduard Strauß (1835-1916) was the youngest, also composing and conducting brother of Johann Strauß II. This species is named after Eduard because of its similarity to O. johannstraussi	Opacuincola eduardstraussi	Haase, 2008	2008	Haase_2008	FALSE	Animalia	Mollusca	Gastropoda	Littorinimorpha	Tateidae	https://doi.org/10.1017/S1477200007002630
1388			accepted	species	Josef Strauss: Josef Strauß (1827-1870) was the middle of the Strauß brothers, composing and conducting as well. This name has again been chosen because the species occurs in Ballroom Cave and because it is sympatric with O. johannstraussi	Opacuincola josefstraussi	Haase, 2008	2008	Haase_2008	FALSE	Animalia	Mollusca	Gastropoda	Littorinimorpha	Tateidae	https://doi.org/10.1017/S1477200007002630
1389			accepted	species	Henry Wadsworth Longfellow	Opheliminus longfellowi	Girault, 1913	1913		FALSE	Animalia	Arthropoda	Insecta	Hymenoptera	Eulophidae	
1390			accepted	species	Albert I, Prince of Monaco	Opisthoproctus grimaldii	Zugmayer, 1911	1911		FALSE	Animalia	Chordata	Teleostei	Argentiniformes	Opisthoproctidae	
1391			accepted	species	Karl May: Named on the occasion of the 100th anniversary of the death of youth writer Karl May (died 1912)	Opius karlmayi	Fischer, 2014	2014		FALSE	Animalia	Arthropoda	Insecta	Hymenoptera	Braconidae	
1392			accepted	species	Edvard Grieg: named in honour of Edvard Grieg, the Norwegian musician born and raised in Bergen, the city where the present study [i.e. the paper containing the species' description] was conducted	Orbiniella griegi	Meca & Budaeva, 2024	2024	Meca_2024	FALSE	Animalia	Annelida	Polychaeta			https://doi.org/10.3897/zookeys.1205.120300
1393			accepted	species	Friedrich Nietzsche: in honor of the German philosopher Friedrich W. Nietzsche, whose works have exerted a profound influence on contemporary philosophy and have given tremendous inspiration to the first author	Orcevia nietzschei	Yu, Maddison & Zhang, 2023	2023	YU_2023	FALSE	Animalia	Arthropoda	Arachnida	Araneae	Salticidae	https://doi.org/10.11646/zootaxa.5384.1.1
1394			accepted	species	Friedrich Nietzsche: This species is dedicated to the memory of a great German philosopher, Friedrich Nietzsche, who devoted his life to understanding the nature of will and morality	Orcus nietzschei	Łączyński, 2012	2012	_czy_ski_2012	FALSE	Animalia	Arthropoda	Ostracoda			https://doi.org/10.1080/00222933.2012.707244
1395			accepted	species	Anna Masséna, Duchess of Rivoli	Ornismya anna	Lesson, 1829	1829		FALSE	Animalia	Chordata	Aves	Apodiformes	Trochilidae	
1396			accepted	species	Chief Joseph	Oxyacodon josephi	Van Valen, 1978	1978		TRUE						
1397			accepted	species	Graciliano Ramos: named in memory of Graciliano Ramos (1852–1953). Graciliano was author of such Brazilian classic literature as Caetés (1933) and Vidas Secas (1938). Graciliano was born in the city of Quebrangulo, type locality of this new species	Oxyethira gracilianoi	Souza & Santos, 2017	2017	SOUZA_2017	FALSE	Animalia	Arthropoda	Insecta	Trichoptera	Hydroptilidae	https://doi.org/10.11646/zootaxa.4236.3.4
1398			accepted	species	Theophilos Hatzimihail	Oxynoemacheilus theophilii	Stoumboudi, Kottelat & Barbieri, 2006	2006		FALSE	Animalia	Chordata	Teleostei	Cypriniformes	Nemacheilidae	
1399			accepted	species	Kermit Roosevelt: Named for Kermit Roosevelt, to whose indefatigable energy many of the rarer species of big game in the collection are due	Ozanna roosevelti	Heller, 1910	1910		FALSE	Animalia	Chordata	Mammalia	Artiodactyla	Bovidae	
1400			accepted	species	José Rizal	Pachyrhynchus rizali	Schultze, 1934	1934		FALSE	Animalia	Arthropoda	Insecta	Coleoptera	Curculionidae	
1401			accepted	species	Joseph Joffre: It pleased me, in writing my memoir at the beginning of 1919, to recall, in the name applied to the first new species described here, the absolute and complete victory won by France and her Allies [...]. I have also taken the liberty of dedicating two other new species to the two great men of war to whom we owe the victory, I have named Marechal Joffre and Marechal Foch [see Podasterias fochi], those two beautiful glories of France, whose valour fills every Frenchman's heart with admiration and gratitude	Paedasterias joffrei	Koehler 1920	1920		FALSE	Animalia	Echinodermata	Asteroidea	Forcipulatida	Asteriidae	
1402			accepted	species	Matilde Hidalgo: in honour of Matilde Hidalgo Navarro [...], physician, politician, poet, and activist who was a trailblazer for women's rights in Ecuador. She was the first woman to cast a vote in a national election in Latin America, the first Ecuadorian woman to receive a doctorate in medicine, and the first woman to hold an elected office in Ecuador	Pamphobeteus matildeae	Sherwood et al., 2023	2023	Sherwood_2023	FALSE	Animalia	Arthropoda	Arachnida	Araneae	Theraphosidae	https://doi.org/10.13156/arac.2023.19.6.894
1403			accepted	species	Nellie Bly: in honour of Elizabeth Jane Cochrane (1864–1922), who was better known as Nellie Bly (her nom de plume), the first woman to circumnavigate the globe. Bly emulated the trip of fictional explorer Phileas Fogg in Jules Verne's Around the World in Eighty Days and managed to complete the journey in just 72 days, which was, at the time, a world record	Pamphobeteus nellieblyae	Sherwood, Gabriel, Brescovit & Lucas, 2022	2022	Sherwood_2022	FALSE	Animalia	Arthropoda	Arachnida	Araneae	Theraphosidae	https://doi.org/10.13156/arac.2022.19.3.650
1404			accepted	species	Rabindranath Tagore	Pancorius tagorei	Prószyński, 1992	1992		FALSE	Animalia	Arthropoda	Arachnida	Araneae	Salticidae	
1405			accepted	species	Queen Victoria	Papilio victoriae	Gray, 1856	1856	Rothschild_1907	FALSE	Animalia	Arthropoda	Insecta	Lepidoptera	Papilionidae	https://doi.org/10.5962/bhl.part.25380
1406			accepted	species	Rudolf, Crown Prince of Austria: In honour of His Imperial and Royal Highness the Lord Archduke Rudolf, Crown Prince of Austria, the high and mighty protector of ornithological research throughout the world	Paradisornis rudolphi	Finsch & A.B. Meyer, 1885	1885		FALSE	Animalia	Chordata	Aves	Passeriformes	Paradisaeidae	
1407			accepted	species	Jack Johnson (boxer): A man allied with Heaven, pugilistic, fashionable, dissipated, improvident, and non-poetical	Paraenasomyia johnsoni	Girault, 1922	1922		FALSE	Animalia	Arthropoda	Insecta	Hymenoptera	Encyrtidae	
1408			accepted	species	Henry David Thoreau	Paraleptomastix thoreauini	Girault, 1915	1915		FALSE	Animalia	Arthropoda	Insecta	Hymenoptera	Encyrtidae	
1409			accepted	species	Herbert Spencer	Paranthemus spenceri	Girault, 1915	1915	HAYAT_1983	FALSE	Animalia	Arthropoda	Insecta	Hymenoptera	Calesidae	https://doi.org/10.1111/j.1365-3113.1983.tb00467.x
1410			accepted	species	Rais-Ali Delvari: The species name delvarii is in honor of "Rais-Ali Delvari" (1882 – 1915), the anti-colonialism [sic] in Bushehr province, the region where the Mond River drainage (type locality of P. delvarii) is located. Rais-Ali Delvari now remembered [sic] as the national hero of Iran	Paraschistura delvarii	Mousavi-Sabet & Eagderi, 2015	2015	Eagderi_2015	FALSE	Animalia	Chordata	Teleostei	Cypriniformes	Nemacheilidae	https://doi.org/10.3897/vz.65.e31522
1411			accepted	species	Charles Dickens	Parasecodella dickensi	Girault, 1915	1915		FALSE	Animalia	Arthropoda	Insecta	Hymenoptera	Eulophidae	
1412			accepted	species	Henrik Ibsen	Pardiaulomella ibseni	Girault, 1916	1916	Girault_1916a	FALSE	Animalia	Arthropoda	Insecta	Hymenoptera	Eulophidae	https://doi.org/10.5479/si.00963801.2140.39
1413			accepted	species	Apolinario Mabini	Pardosa mabinii	Barrion & Litsinger, 1995	1995		FALSE	Animalia	Arthropoda	Arachnida	Araneae	Lycosidae	
1414			accepted	species	Prafulla Chandra Roy	Pardosa royi	Biswas & Raychaudhuri, 2003	2003	Biswas_2003a	FALSE	Animalia	Arthropoda	Arachnida	Araneae	Lycosidae	https://doi.org/10.26515/rzsi/v101/i1-2/2003/159572
1415			accepted	species	Macario Sakay	Pardosa sacayi	Barrion & Litsinger, 1995	1995	Framenau_2006	FALSE	Animalia	Arthropoda	Arachnida	Araneae	Lycosidae	https://doi.org/10.18195/issn.0312-3162.23(2).2013.145-166
1416			accepted	species	William Makepeace Thackeray: Dedicated to the author of Vanity Fair	Parectromoidella thackerayi	Girault, 1915	1915		FALSE	Animalia	Arthropoda	Insecta	Hymenoptera	Encyrtidae	
1417			accepted	species	Theodore Roosevelt: We take pleasure in dedicating this very interesting form to Theodore Roosevelt, in token of our appreciation of his scholarship as a zoologist and a historian and ability as a statesman. The name Roosevelt long will be associated with the Madeiran region as a result of the work of the Expediçao Cientifica Roosevelt-Rondon	Paroecanthus roosevelti	Rehn, 1917	1917		FALSE	Animalia	Arthropoda	Insecta	Orthoptera	Oecanthidae	
1418			accepted	species	Charles Dickens	Paruscanoidea dickensi	Girault, 1915	1915		FALSE	Animalia	Arthropoda	Insecta	Hymenoptera	Trichogrammatidae	
1419			accepted	species	Gabriela Mistral: honors Chilean Gabriela Mistral (1889–1957), the first Latin American woman awarded the Nobel Prize in Literature	Passadena mistralae	Cepeda, 2018	2018		FALSE	Animalia	Arthropoda	Insecta	Lepidoptera	Pyralidae	
1420			accepted	species	Herbert Spencer	Pediobopsis spenceri	Girault, 1913	1913		FALSE	Animalia	Arthropoda	Insecta	Hymenoptera	Eulophidae	
1421			accepted	species	Moe Howard: comical appearance	Peloridinannus moe	Weirauch & Frankenberg, 2015	2015	Weirauch_2015	FALSE	Animalia	Arthropoda	Insecta	Hemiptera	Schizopteridae	https://doi.org/10.3897/asp.73.e31832
1422			accepted	species	Christine Ladd-Franklin	Petaloconchus laddfranklinae	Maury, 1917	1917		TRUE	Animalia	Mollusca	Gastropoda	Littorinimorpha	Vermetidae	
1423			accepted	species	Rasoherina	Phaon rasoherinae	Fraser, 1949	1949		FALSE	Animalia	Arthropoda	Insecta	Odonata	Calopterygidae	
1424			accepted	species	Emilio Aguinaldo	Pheretima aguinaldoi	Hong & James, 2010	2010		FALSE	Animalia	Annelida	Clitellata	Crassiclitellata	Megascolecidae	
1425			accepted	species	Ernest Shackleton: Named in honor of the leading Antarctic explorer, Sir Ernest Henry Shackleton, who in 1909 established his base on Cape Royds where the species was discovered	Philodina shackletoni	Iakovenko et al., 2015	2015	Iakovenko_2015	FALSE	Animalia	Rotifera	Eurotatoria	Philodinida	Philodinidae	https://doi.org/10.1007/s10750-015-2463-2
1426			accepted	species	Joseph Conrad: named after Joseph Conrad (Józef Teodor Konrad Korzeniowski, 1857–1924) – a Polish novelist who wrote in English, and for many years was a Merchant Navy captain sailing around the Malay Archipelago, as described in his novels	Phintella conradi	Prószyński & Deeleman-Reinhold, 2012	2012		FALSE	Animalia	Arthropoda	Arachnida	Araneae	Salticidae	
1427			accepted	species	Phoebe Anna Traquair: in recognition of Phoebe Anna Traquair née Moss (1852–1936), internationally recognized Scottish artist of the Arts and Crafts movement [...] and illustrator of foundational works on Palaeozoic actinopterygians, including 'Ganoid fishes of the British Carboniferous' (Traquair, 1911)	Phoebeannaia mossae	Caron, Venkataraman, Tietjen & Coates, 2023	2023	Caron_2023	TRUE						https://doi.org/10.1093/zoolinnean/zlad011
1428			accepted	species	Ho Chi Minh	Pholcus hochiminhi	Yao, Pham & Li, 2015	2015	YAO_2015	FALSE	Animalia	Arthropoda	Arachnida	Araneae	Pholcidae	https://doi.org/10.11646/zootaxa.3909.1.1
1429			accepted	species	Sidney Lanier	Pholcus lanieri	Huber, 2011	2011		FALSE	Animalia	Arthropoda	Arachnida	Araneae	Pholcidae	
1430			accepted	species	Diego Rivera	Photinus diegoriverai	Zaragoza-Caballero & Domínguez-León, 2023	2023	Zaragoza_Caballero_2023	FALSE	Animalia	Arthropoda	Insecta	Coleoptera	Lampyridae	https://doi.org/10.22201/ib.20078706e.2023.94.5028
1431			accepted	species	Andrés Bonifacio	Phyllium bonifacioi	Lit & Eusebio, 2014	2014		FALSE	Animalia	Arthropoda	Insecta	Phasmida	Phylliidae	
1432			accepted	genus	| Pablo Picasso: in recognition of the Spanish abstract artist Pablo Picasso and in reference to the atypical plating of the posterior interray	Picassocrinus	Cole et al., 2017	2017	Cole_2017	TRUE						https://doi.org/10.1017/jpa.2016.135
1433			accepted	species	A. A. Milne	Piestopleura milnei	Buhl, 1997	1997		FALSE	Animalia	Arthropoda	Insecta	Hymenoptera	Platygastridae	
1434			accepted	species	Mahatma Gandhi	Pimoa gandhii	Hormiga, 1994	1994	Hormiga_1994	FALSE	Animalia	Arthropoda	Arachnida	Araneae	Pimoidae	https://doi.org/10.5479/si.00810282.549
1435			accepted	species	Horatio Herbert Kitchener, 1st Earl Kitchener	Pipistrellus kitcheneri	Thomas, 1915	1915		FALSE	Animalia	Chordata	Mammalia	Chiroptera	Vespertilionidae	
1436			accepted	species	Doveton Sturdee	Pipistrellus sturdeei	Thomas, 1915	1915	G_RF_L_2020	TRUE	Animalia	Chordata	Mammalia	Chiroptera	Vespertilionidae	https://doi.org/10.11646/zootaxa.4755.1.8
1437			accepted	species	Rufino Blanco Fombona: This species is named for Rufino Blanco Fombona (1874–1944), Venezuela-born writer, nominated six times for the Nobel Prize in Literature between 1928 and 1935	Pisaboa fombonai	Huber, 2020	2020	Huber_2020	FALSE	Animalia	Arthropoda	Arachnida	Araneae	Pholcidae	https://doi.org/10.5852/ejt.2020.718.1101
1438			accepted	species	Manuel L. Quezon: honoring Manuel Luis Molina Quezon. Quezon served as president of the Commonwealth of the Philippines during the American colonial period from 1935 through the conclusion of the Second World War. An exemplary statesman, he led the struggle for Philippine independence from American rule. Suggested common name: Quezon Limestone Forest Frog	Platymantis quezoni	Brown et al., 2015	2015	BROWN_2015	FALSE	Animalia	Chordata	Amphibia	Anura	Ceratobatrachidae	https://doi.org/10.11646/zootaxa.4048.2.3
1439			accepted	species	Henry Morton Stanley: named after the famous British traveler, journalist and explorer of Africa, Henry Morton Stanley, the first European who visited the Rwenzori Mountains in 1876	Platyptilia stanleyi	Ustjuzhanin & Kovtunovich, 2016	2016	Ustjuzhanin_2016	FALSE	Animalia	Arthropoda	Insecta	Lepidoptera	Pterophoridae	https://doi.org/10.5852/ejt.2016.172
1440			accepted	species	Auguste Piccard and Jacques Piccard: The name honors the Piccard family, Auguste Piccard (1884–1962), the inventor of the bathyscaphe, and his son, Jacques Ernest-Jean Piccard (1922–2008), who, together with U.S. Navy officer Don Walsh, were the first men to dive to a record depth of 10,915 m in the Mariana Trench in the Trieste on January 23, 1960	Pleisticanthoides piccardorum	Ng & Richer de Forges, 2012	2012	NG_2012	FALSE	Animalia	Arthropoda	Malacostraca	Decapoda	Oregoniidae	https://doi.org/10.11646/zootaxa.3551.1.5
1441			accepted	species	Ferdinand Foch: It pleased me, in writing my memoir at the beginning of 1919, to recall, in the name applied to the first new species described here, the absolute and complete victory won by France and her Allies [...]. I have also taken the liberty of dedicating two other new species to the two great men of war to whom we owe the victory, I have named Marechal Joffre [see Paedasterias joffrei] and Marechal Foch, those two beautiful glories of France, whose valour fills every Frenchman's heart with admiration and gratitude	Podasterias fochi	Koehler 1920	1920		FALSE	Animalia	Echinodermata	Asteroidea	Forcipulatida	Asteriidae	
1442			accepted	species	José Yves Limantour: We take pleasure in dedicating this pretty fish to Señor Jose Yves de Limantour, the accomplished minister of the "Hacienda" for Mexico, in recognition of favors received through his courtesy	Poecilia limantouri	Jordan & Snyder, 1899	1899		FALSE	Animalia	Chordata	Teleostei	Cyprinodontiformes	Poeciliidae	
1443			accepted	species	Mustafa Kemal Atatürk: This interesting new species is named in honor of the first president of Turkey, Mustafa Kemal Atatürk, who founded the modern Turkish Republic in 1923	Poecilimon ataturki	Ünal, 2000	2000	_nal_2000	FALSE	Animalia	Arthropoda	Insecta	Orthoptera	Tettigoniidae	https://doi.org/10.2307/3503639
1444			accepted	species	Robert Falcon Scott	Pogonophryne scotti	Regan, 1914	1914		FALSE	Animalia	Chordata	Teleostei	Perciformes	Harpagiferidae	
1445			accepted	species	Alfred, Lord Tennyson	Polycystoides tennysoni	Girault, 1913	1913		FALSE	Animalia	Arthropoda	Insecta	Hymenoptera	Pteromalidae	
1446			accepted	species	John William Draper: Dedicated to John William Draper, the physiologist, who has shown so clearly that civilisations, societies and all human populations are as immutably ruled by natural law as is the development of the individual human or the evolution of a species of bird or plant. The works of this man are neglected by nations at their peril	Polynema draperi	Girault, 1912	1912		FALSE	Animalia	Arthropoda	Insecta	Hymenoptera	Mymaridae	
1447			accepted	species	Oliver Lodge: This truly remarkable species, a striking example of the development of a similar wing pattern in unrelated genera, is respectfully dedicated to Sir Oliver W. [wrong initial] Lodge for his part in the development of a difficult part of human psychology, namely, that relating to telepathy and prevision	Polynema lodgei	Girault, 1913	1913	TRIAPITSYN_2007	FALSE	Animalia	Arthropoda	Insecta	Hymenoptera	Mymaridae	https://doi.org/10.11646/zootaxa.1455.1.1
1448			accepted	species	Dmitri Mendeleev: Respectfully dedicated to the Russian chemist who propounded the periodic law in chemistry	Polynema mendeleefi	Girault, 1913	1913	TRIAPITSYN_2007	FALSE	Animalia	Arthropoda	Insecta	Hymenoptera	Mymaridae	https://doi.org/10.11646/zootaxa.1455.1.1
1449			accepted	species	Max Nordau	Polynema nordaui	Girault, 1913	1913	GIRAULT_1913aa	FALSE	Animalia	Arthropoda	Insecta	Hymenoptera	Mymaridae	https://doi.org/10.4039/Ent45216-7
1450			accepted	species	Henri Poincaré: This remarkable species is dedicated to the great French mathematician, Jules Henri Poincaré	Polynema poincarei	Girault, 1913	1913		FALSE	Animalia	Arthropoda	Insecta	Hymenoptera	Mymaridae	
1451			accepted	species	Herbert Spencer: Respectfully dedicated to Herbert Spencer, great philosopher and forceful exponent of reason as based on experience	Polynema spenceri	Girault, 1912	1912		FALSE	Animalia	Arthropoda	Insecta	Hymenoptera	Mymaridae	
1452			accepted	species	Henry David Thoreau	Polynema thoreauini	Girault, 1915	1915		FALSE	Animalia	Arthropoda	Insecta	Hymenoptera	Mymaridae	
1453			accepted	species	Israel Zangwill	Polynema zangwilli	Girault, 1913	1913		FALSE	Animalia	Arthropoda	Insecta	Hymenoptera	Mymaridae	
1454			accepted	species	Émile Zola: Respectfully dedicated to Émile Zola for his La Débâcle, wherein the horrors of war are ably pictured to us	Polynema zolai	Girault, 1915	1915	GIRAULT_1915	FALSE	Animalia	Arthropoda	Insecta	Hymenoptera	Mymaridae	https://doi.org/10.4039/Ent4717-1
1455			accepted	species	Abraham Lincoln	Polynemoidea lincolni	Girault, 1913	1913	LIN_2007	FALSE	Animalia	Arthropoda	Insecta	Hymenoptera	Mymaridae	https://doi.org/10.11646/zootaxa.1596.1.1
1456			accepted	species	Alexandra of Denmark: in honour of that Princess who, we may reasonably hope, is destined at some future time to be queen of these realms and their dependencies, of which Australia is by no means the most inconspicuous	Polytelis alexandrae	Gould, 1863	1863		FALSE	Animalia	Chordata	Aves	Psittaciformes	Psittaculidae	
1457			accepted	genus	Rafael Pombo: The generic name honors the Colombian poet Rafael Pombo, loved by children for his "El Renacuajo paseador" ("The Strolling Frog")	Pomboa	Huber, 2000	2000		FALSE	Animalia	Arthropoda	Arachnida	Araneae	Pholcidae	
1458			accepted	species	Boris III of Bulgaria	Potentilla regis-borisii	Stoj.			FALSE	Plantae	Tracheophyta	Magnoliopsida	Rosales	Rosaceae	
1459			accepted	genus	Beatrix Potter: In honor of Helen Beatrix Potter (1866–1943) the well-known children's author, conservationist, and amateur naturalist, who used her artistic abilities to draw and document a variety of Fungi. She made detailed observations and was one of the first mycologists to study the growth of fungi from spores in culture and to understand that lichens were an association between an alga and a fungus. She also had a keen interest in fossils. She was a critical observer of fungi microscopically making novel and at the time controversial observations. Her contribution really merits acknowledgment in the fungal kingdom	Potteromyces	Strullu-Derrien & Hawksworth, 2023	2023	Strullu_Derrien_2023	TRUE	Fungi	Ascomycota				https://doi.org/10.1038/s41467-023-43276-1
1460			accepted	species	Matilde Hidalgo: the first woman to obtain a medical degree in the country, and the first woman in Ecuador (and Latin America) to exercise the right to vote in a national election. A tireless fighter for women's rights, she laid important foundations for the development of women in academia and science, nationally and in South America. In Ecuador, there are currently many women involved in biological sciences and with this species, in addition to being a tribute to Matilde, we honor their tireless work for the conservation of biological diversity	Pristimantis matildae	Székely et al., 2020	2020	Sz_kely_2020	FALSE	Animalia	Chordata	Amphibia	Anura	Strabomantidae	https://doi.org/10.1371/journal.pone.0238306
1461			accepted	species	Nikola Tesla: The specific epithet [...] is a patronym for Nikola Tesla, a revolutionary inventor of the late 19th and early 20th century. It is named after him in recognition of his contributions to physics and his dedication to the ideal of providing free wireless electric power" The common name "Tesla's rain frog	Pristimantis teslai	Páez & Ron, 2019	2019	P_ez_2019	FALSE	Animalia	Chordata	Amphibia	Anura	Strabomantidae	https://doi.org/10.3897/zookeys.868.26766
1462			accepted	species	Max Planck: The specific name [...] commemorates the German physicist Max Planck, the honorary namesake of the Society that sponsored this work	Pristionchus maxplancki	Kanzaki et al., 2013	2013	Kanzaki_2013	FALSE	Animalia	Nematoda	Chromadorea	Rhabditida		https://doi.org/10.2108/zsj.30.680
1463			accepted	species	Ned Kelly	Pristomerus nedkellyi	Klopfstein, 2016	2016	KLOPFSTEIN_2016	FALSE	Animalia	Arthropoda	Insecta	Hymenoptera	Ichneumonidae	https://doi.org/10.11646/zootaxa.4168.2.1
1464			accepted	species	Jean Sibelius: The species name is in honor of J. Sibelius, Finnish composer, whose first symphony and other works have evoked personal feelings comparable to those evoked by local Ozark landscapes developed on the gnarled, stromatolitic cherts of the Gasconade Formation where the form has been collected	Proplina sibeliusi	Stinchcomb, 1986	1986	Stinchcomb_1986	TRUE	Animalia	Mollusca	Monoplacophora	Tryblidiida	Proplinidae	https://doi.org/10.1017/s0022336000022149
1465			accepted	species	Albert Luthuli: after Albert John Lutuli, the first African, and the first person from outside Europe and the Americas, to receive the Nobel Peace Prize	Protelenomus lutulii	Veenakumari, 2019	2019	Kamalanathan_2019	FALSE						https://doi.org/10.3161/00034541ANZ2019.69.2.006
1466			accepted	species	Georgia O'Keeffe	Protopliomerella okeeffeae	McAdams & Adrain, 2011	2011	MCADAMS_2011	TRUE	Animalia	Arthropoda	Trilobita	Phacopida	Pliomeridae	https://doi.org/10.11646/zootaxa.3144.1.1
1467			accepted	species	Albert I, Prince of Monaco	Protula alberti	Fauvel, 1909	1909		FALSE	Animalia	Annelida	Polychaeta	Sabellida	Serpulidae	
1468			accepted	species	Gregorio Fuentes: named in honour of Gregorio Fuentes, emigrant from the Canary Islands (Charco de San Ginés, Lanzarote, 1897), who became skipper of the yacht El Pilar [sic, actually a fishing boat named Pilar], owned by the writer Ernest Hemingway, and his companion in fishing and adventures in the Gulf of Mexico and the coasts of Cuba. He died in Cojímar, Cuba, on 13 January 2002 at the age of 104	Prunum gregorioi	Espinosa & Ortea, 2018	2018		FALSE	Animalia	Mollusca	Gastropoda	Neogastropoda	Marginellidae	
1469			accepted	species	Juventino Rosas: Dedicated to the Mexican composer Juventino Rosas, on the 150th anniversary of his birth in Guanajuato, author of the famous waltz "Sobre las olas", a work inspired by the sounds of water, as its author sailed over the waves of the Gulf of Batabanó [the type locality] on his way to Mérida, Mexico	Prunum rosasi	Espinosa & Ortea, 2018	2018		FALSE	Animalia	Mollusca	Gastropoda	Neogastropoda	Marginellidae	
1470			accepted	species	Andrew Carnegie	Pseudancistrus carnegiei	Eigenmann, 1916	1916	Eigenmann_1916	FALSE	Animalia	Chordata	Teleostei	Siluriformes	Loricariidae	https://doi.org/10.5962/p.328780
1471			accepted	species	Matthew Arnold	Pseudoligosita arnoldi	Girault, 1913	1913		FALSE	Animalia	Arthropoda	Insecta	Hymenoptera	Trichogrammatidae	
1472			accepted	species	Albert I of Belgium	Pseudomacromia regis-alberti	Schouteden, 1934	1934		FALSE	Animalia	Arthropoda	Insecta	Odonata	Libellulidae	
1473			accepted	species	Cora Coralina: honors Anna Lins dos Guimarães Peixoto Bretas, better known by her pseudonym Cora Coralina. She was a simple woman, a Brazilian candy maker, writer and poetess. She was born and raised on the banks of the Vermelho River, in the municipality of Goiás, GO [near the type locality], and lived apart from urban centers. [...] She is considered one of the most influential Brazilian writers	Pseudopaludicola coracoralinae	de Andrade et al., 2020	2020	De_Andrade_2020	FALSE	Animalia	Chordata	Amphibia	Anura	Leptodactylidae	https://doi.org/10.5852/ejt.2020.679
1474			accepted	species	Hércules Florence: honors [...] Hercule Florence, a French artist, painter, polygrapher, and inventor, [who] is acknowledged as the inventor of photography in Brazil in the 19th century. After his return from the Langsdorff's expedition (from 1826 to 1829), Florence developed a system able to properly describe animal sounds [...]. Such method, termed as "Zoophonie" by Florence, was the first universal method of describing animal sounds and he is therefore designated as the "father of bioacoustics" [...]. At least these two techniques (photography and zoophony = bioacoustics) are fundamental for species description nowadays [...]. Specifically, bioacoustics has proved to be efficient in clarifying the taxonomy of the genus Pseudopaludicola (as in the present study)	Pseudopaludicola florencei	de Andrade et al., 2018	2018	DE_ANDRADE_2018	FALSE	Animalia	Chordata	Amphibia	Anura	Leptodactylidae	https://doi.org/10.11646/zootaxa.4433.1.4
1475			accepted	species	Paul Cézanne	Pseudoparamys cezannei	Hartenberger, 1987	1987		TRUE						
1476			accepted	species	Roald Amundsen: The name of the species, whose type locality is the Amundsen Sea, is given in honour of Roald Engelbregt Gravning Amundsen, the Norwegian Polar pioneer	Pseudotanais amundseni	Błażewicz, Jakiel, Bamber & Bird, 2021	2021		FALSE	Animalia	Arthropoda	Malacostraca	Tanaidacea	Pseudotanaidae	
1477			accepted	species	Coco Chanel: dedicated to Coco Chanel, the French fashion icon, founder of the Chanel brand	Pseudotanais chanelae	Jakiel, Palero & Błażewicz, 2020	2020		FALSE	Animalia	Arthropoda	Malacostraca	Tanaidacea	Pseudotanaidae	
1478			accepted	species	Charlie Chaplin: dedicated to the great actor and film director of the silent film epoch Charles "Charlie" Chaplin	Pseudotanais chaplini	Jakiel, Palero & Błażewicz, 2019	2019	Jakiel_2019	FALSE	Animalia	Arthropoda	Malacostraca	Tanaidacea	Pseudotanaidae	https://doi.org/10.1038/s41598-019-51434-z
1479			accepted	species	Frédéric Chopin: dedicated to Frédéric Chopin, a Polish composer and virtuoso pianist	Pseudotanais chopini	Jakiel, Palero & Błażewicz, 2019	2019		FALSE	Animalia	Arthropoda	Malacostraca	Tanaidacea	Pseudotanaidae	
1480			accepted	species	Marie Curie: dedicated to Maria Skłodowska-Curie, a Polish physicist and chemist; the first woman who was Nobel Prize Laureate in two categories	Pseudotanais curieae	Jakiel, Palero & Błażewicz, 2020	2020	Jakiel_2020	FALSE	Animalia	Arthropoda	Malacostraca	Tanaidacea	Pseudotanaidae	https://doi.org/10.1016/j.pocean.2020.102288
1481			accepted	species	George Sand: named in recognition of Amantine Lucile Aurore Dupin known as George Sand, a French novelist and essayist, well known for her partnership with the composer and pianist Frédéric Chopin	Pseudotanais georgesandae	Jakiel, Palero & Błażewicz, 2019	2019		FALSE	Animalia	Arthropoda	Malacostraca	Tanaidacea	Pseudotanaidae	
1482			accepted	species	Katarzyna Kobro	Pseudotanais kobro	Jakiel, Palero & Błażewicz, 2019	2019		FALSE	Animalia	Arthropoda	Malacostraca	Tanaidacea	Pseudotanaidae	
1483			accepted	species	Nathaniel Palmer: The species, whose type locality is the Palmer Bay, (South Orkney Islands) was named in honour of Nathaniel Brown Palmer, the sailing captain and ship designer	Pseudotanais palmeri	Błażewicz, Jakiel, Bamber & Bird, 2021	2021	B_a_ewicz_2021	FALSE	Animalia	Arthropoda	Malacostraca	Tanaidacea	Pseudotanaidae	https://doi.org/10.1080/24750263.2021.1960444
1484			accepted	species	Robert Falcon Scott: named in honour of Capitan Robert Falcon Scott, an officer of the British Royal Navy, the explorer of the Antarctic and leader of the Discovery Expedition	Pseudotanais scotti	Błażewicz, Jakiel, Bamber & Bird, 2021	2021		FALSE	Animalia	Arthropoda	Malacostraca	Tanaidacea	Pseudotanaidae	
1485			accepted	species	Ernest Shackleton: named in honour of Sir Ernest Henry Shackleton, the polar explorer and leader of heroic cruise of HMS Endurance [sic]	Pseudotanais shackletoni	Błażewicz, Jakiel, Bamber & Bird, 2021	2021		FALSE	Animalia	Arthropoda	Malacostraca	Tanaidacea	Pseudotanaidae	
1486			accepted	species	Leon Trotsky: In honor of Leon Trotsky (1879-1940), one of the Russian socialist revolution leaders, who definitively changed 20th century history. He was killed by order of Josef Stalin who transformed the Soviet Union into a dictatorial bureaucracy	Pseudotrogulus trotskyi	DaSilva & Pinto-da-Rocha, 2010	2010		FALSE	Animalia	Arthropoda	Arachnida	Opiliones	Gonyleptidae	
1487			accepted	species	Ferdinand von Zeppelin: Dedicated to Count Zeppelin, builder of the airships that have taken his name	Psiliglossa zeppelini	Dusmet, 1917	1917		FALSE	Animalia	Arthropoda	Insecta	Hymenoptera	Vespidae	
1488			accepted	subspecies	William III of the Netherlands: The New Guinea expedition having taken place under the auspices of His Majesty King William III, we have made it our duty to dedicate to this sovereign, who has so many titles to our gratitude, one of the most beautiful discoveries made during this important undertaking	Psittacula gulielmi III	Schlegel, 1866	1866		FALSE	Animalia	Chordata	Aves	Psittaciformes	Psittaculidae	
1489			accepted	species	Hans Hartwig von Beseler: Dedicated to the German General Besseler, conqueror of Antwerp and of Nowo-Georgiewsk	Pterocheilus besseleri	Dusmet, 1917	1917		FALSE	Animalia	Arthropoda	Insecta	Hymenoptera	Vespidae	
1490			accepted	species	Joseph Joffre: Dedicated to Marshal Joffre, commander-in-chief for two years of the French armies	Pterocheilus joffrei	Dusmet, 1917	1917		FALSE	Animalia	Arthropoda	Insecta	Hymenoptera	Vespidae	
1491			accepted	species	David Livingstone	Pteropus livingstonii	Gray, 1866	1866		FALSE	Animalia	Chordata	Mammalia	Chiroptera	Pteropodidae	
1492			accepted	species	Queen Victoria: I cannot possibly have a better opportunity than now presents itself of paying a just tribute of respect to our most gracious Queen, by bestowing upon this lovely denizen of the Australian forests the specific appellation of Victoriae	Ptiloris victoriae	Gould, 1850	1850		FALSE	Animalia	Chordata	Aves	Passeriformes	Paradisaeidae	
1493			accepted	species	Franklin D. Roosevelt	Pycnomma roosevelti	Ginsburg, 1939	1939	Tornabene_2016	FALSE	Animalia	Chordata	Teleostei	Gobiiformes	Gobiidae	https://doi.org/10.1111/zoj.12394
1494			accepted	species	Semyon Budyonny: Dedicated to [a] right warrior[,] many wrong ones common recently, before and now	Quadrastichodella boudiennyi	Girault, 1937	1937		FALSE	Animalia	Arthropoda	Insecta	Hymenoptera	Eulophidae	
1495			accepted	species	Jack Northrop	Quetzalcoatlus northropi	Lawson, 1975	1975		TRUE						
1496			accepted	species	Karl Liebknecht	Ragmus liebknechti	Girault, 1934	1934	Malipatil_1992	FALSE						https://doi.org/10.1111/j.1440-6055.1992.tb00526.x
1497			accepted	species	Wovoka: The twilight of the gods, from the Eddas, with reference to the extinction of the dinosaurs, which occurred while Ragnarok lived and in which it probably assisted	Ragnarok wovokae	Van Valen, 1978	1978		TRUE						
1498			accepted	species	Robert Peary	Rangifer pearyi	J. A. Allen, 1902	1902	Harding_2022	FALSE	Animalia	Chordata	Mammalia	Artiodactyla	Cervidae	https://doi.org/10.3897/zookeys.1119.80233
1499			accepted	species	Albert Einstein	Rebutia einsteinii	Frič			FALSE	Plantae	Tracheophyta	Magnoliopsida	Caryophyllales	Cactaceae	
1500			accepted	genus	Ernest Renan	Renaniana	Girault, 1931	1931		FALSE	Animalia	Arthropoda	Insecta	Hymenoptera	Eulophidae	
1501			accepted	genus	Rentap: to honor the legendary Iban warrior Libau Rentap, a great war chief, freedom fighter, and Malaysian national hero	Rentapia	Chan et al., 2016	2016	Chan_2016	FALSE	Animalia	Chordata	Amphibia	Anura	Bufonidae	https://doi.org/10.1371/journal.pone.0145903
1502			accepted	species	Albert I, Prince of Monaco	Retepora grimaldii	Jullien, 1903	1903		FALSE	Animalia	Bryozoa	Gymnolaemata	Cheilostomatida	Phidoloporidae	
1503			accepted	species	Albert I, Prince of Monaco	Rhabdopleura grimaldii	Jullien, 1890	1890		FALSE	Animalia	Hemichordata	Pterobranchia	Rhabdopleurida	Rhabdopleuridae	
1504			accepted	species	Albert Schweitzer	Rhachomyces schweitzeri	Balazuc		Balzauc_2014	FALSE	Fungi	Ascomycota	Laboulbeniomycetes	Laboulbeniales	Laboulbeniaceae	https://doi.org/10.5586/am.1975.004
1505			accepted	species	José Rizal: This successful writer in the fields of linguistics, history, geography and literature, who was of Tagalog descent, has also remained a respected sculptor, and who as a doctor, especially as an ophthalmologist, developed a recognised activity, collected for years in the fields of zoology and ethnography for the Dresden Museum during his political imprisonment in Mindanao. As one of the intellectual instigators of the revolution now taking place in the Philippines, he was shot by the Spaniards on 30 December 1896, and the future will be shaped by his efforts and his work!	Rhacophorus rizali	Boettger, 1897	1897		FALSE	Animalia	Chordata	Amphibia	Anura	Rhacophoridae	
1506			accepted	species	Nielsine Nielsen: named in memory of Nielsine Mathilde Nielsen (Svendborg, 10 June 1850 - Copenhagen, 8 October 1916), the first female academic and physician in Denmark	Rhagonycha nielsenae	Fanti & Damgaard, 2018	2018		TRUE						
1507			accepted	species	Ernst Thälmann: To a persecuted German	Rhicnopeltella thaelmanni	Girault, 1934	1934		FALSE	Animalia	Arthropoda	Insecta	Hymenoptera	Eulophidae	
1508			accepted	species	Frederick Douglass	Rhicnopeltomyia douglassi	Girault, 1913	1913		FALSE	Animalia	Arthropoda	Insecta	Hymenoptera	Eulophidae	
1509			accepted	species	Booker T. Washington	Rhicnopeltomyia washingtoni	Girault, 1913	1913		FALSE	Animalia	Arthropoda	Insecta	Hymenoptera	Eulophidae	
1510			accepted	species	Graciliano Ramos: named in honor of Graciliano Ramos, a renowned Brazilian writer born in the State of Alagoas	Rhinebothrium ramosi	Santos, Marques & Trevisan, 2020	2020	Santos_2020	FALSE	Animalia	Platyhelminthes	Cestoda	Rhinebothriidea	Rhinebothriidae	https://doi.org/10.1645/19-194
1511			accepted	species	Rabindranath Tagore	Riselloidea tagorei	Das, Bardhan & Lahiri, 1999	1999	DAS_1999	TRUE	Animalia	Mollusca	Gastropoda	Seguenziida	Eucyclidae	https://doi.org/10.2517/prpsj.3.268
1512			accepted	species	Amelia Peláez: in honour of painter Amelia Peláez (1896-1968), born in Yaguajay, Sancti Spiritus, an undisputed master of Cuban plastic arts, whose work deserves to be rediscovered as the basis of a female genre of painting that began to have international transcendence	Rissoella ameliae	Ortea & Espinosa, 2004	2004		FALSE	Animalia	Mollusca	Gastropoda		Rissoellidae	
1513			accepted	genus	José Rizal: named in honour of Dr. Jose P. Rizal, national hero of the Philippines, who was also an avid naturalist. The genus name is an arbitrary combination of the surname "Rizal" and "-thus", a common suffix of xanthid genera	Rizalthus	Mendoza & Ng, 2008	2008		FALSE	Animalia	Arthropoda	Malacostraca	Decapoda	Xanthidae	
1514			accepted	genus	Hermann Röchling	Rochlingia	Guthörl, 1934	1934		TRUE						
1515			accepted	species	Adolf Hitler	Rochlingia hitleri	Guthörl, 1934	1934		TRUE						
1516			accepted	species	Franklin D. Roosevelt	Rooseveltia frankliniana	O.F.Cook		De_Laubenfels_1939	FALSE	Plantae	Tracheophyta	Liliopsida	Arecales	Arecaceae	https://doi.org/10.5962/bhl.part.4785
1517			accepted	species	Benito Mussolini	Rubus × mussolinii	Hruby			FALSE	Plantae	Tracheophyta	Magnoliopsida	Rosales	Rosaceae	
1518			accepted	species	Ethel Newcomb: I have named the species for Ethel Newcomb, concert pianist, artist, and teacher, superfluous as any such trivial memorial may seem	Saffordophyllum newcombae	Flower, 1961	1961		TRUE						
1519			accepted	species	Chief Ouray: Named in memory of the famous Indian Chief Ouray, who was a sincere friend of the pioneers and early settlers of the Rocky Mountain region	Saldula ourayi	Drake & Hottes, 1949	1949		FALSE	Animalia	Arthropoda	Insecta	Hemiptera	Saldidae	
1520			accepted	species	Isabella II of Spain	Saturnia isabellae	Graells, 1849	1849		FALSE	Animalia	Arthropoda	Insecta	Lepidoptera	Saturniidae	
1521			accepted	species	Anita Garibaldi	Scinax garibaldiae	Lourenço, Lingnau, Haddad & Faivovich, 2019	2019	Louren_o_2019	FALSE	Animalia	Chordata	Amphibia	Anura	Hylidae	https://doi.org/10.2994/SAJH-D-18-00001.1
1522			accepted	species	Pixinguinha: Alfredo da Rocha Viana Filho (1897–1973), popularly known as Pixinguinha, was a Brazilian musician and the most famous Choro player. Choro or Chorinho is a Brazilian genre of popular music originated in the 19th century. In Portuguese Choro or Chorinho means "cry" or "little cry," respectively. Ironically, Chorinho is a contagious music commonly played during joyous moments in Brazil. Brazilians usually say Pixinguinha was a kind of magician who learned how to convert tears of Choro (cry) into tears of happiness. Because 72% of the Atlantic Forest original cover has been deforested, discoveries of new species also has the power to momentarily change part of our conservationist sadness into happiness and motivation. Thus, the specific epithet of S. pixinguinha is a noun in apposition in honor of the talented Brazilian musician – Pixinguinha	Scinax pixinguinha	Lacerda et al., 2021	2021	Lacerda_2021	FALSE	Animalia	Chordata	Amphibia	Anura	Hylidae	https://doi.org/10.1643/h2020091
1523			accepted	species	Adolphe Guillaumat	Scirtes guillaumati	Pic, 1918	1918		FALSE	Animalia	Arthropoda	Insecta	Coleoptera	Scirtidae	
1524			accepted	species	Charles Townshend (British Army officer)	Scirtes townshendi	Pic, 1918	1918		FALSE	Animalia	Arthropoda	Insecta	Coleoptera	Scirtidae	
1525			accepted	species	Jack Daniel: a favorite libation of the author	Scoterpes jackdanieli	Shear, 2010	2010	SHEAR_2010	FALSE	Animalia	Arthropoda	Diplopoda		Trichopetalidae	https://doi.org/10.11646/zootaxa.2385.1.1
1526			accepted	species	Albert I, Prince of Monaco	Scrupocellaria grimaldii	Jullien, 1903	1903	Vieira_2014	FALSE	Animalia	Bryozoa	Gymnolaemata	Cheilostomatida	Candidae	https://doi.org/10.1371/journal.pone.0095296
1527			accepted	species	Charles Sumner: Respectfully dedicated to Charles Sumner, for his addresses on war and the war systems of nations	Secodes sumneri	Girault, 1913	1913		FALSE	Animalia	Arthropoda	Insecta	Hymenoptera	Eulophidae	
1528			accepted	species	Andrew Carnegie: I am happy to dedicate this plant to Mr. Carnegie as proof of my sincere admiration	Sedum carnegiei	Raym.-Hamet		Hamet_1912	FALSE	Plantae	Tracheophyta	Magnoliopsida	Saxifragales	Crassulaceae	https://doi.org/10.5962/p.327049
1529			accepted	genus	Ernest Shackleton: derived from the name of Sir Ernest Shackleton, a polar explorer who led British expeditions to the Antarctic including scientific investigations	Shackletoniella	Strunecky, Raabova & Bernardova 2019	2019	Strunecky_2019	FALSE	Bacillati	Cyanobacteriota	Cyanophyceae	Oculatellales	Oculatellaceae	https://doi.org/10.1093/femsec/fiz189
1530			accepted	species	J. R. R. Tolkien	Shireplitis tolkieni	Fernández-Triana & Ward, 2013	2013	FERN_NDEZ_TRIANA_2013	FALSE						https://doi.org/10.11646/zootaxa.3722.4.6
1531			accepted	species	Graciliano Ramos: We are pleased to dedicate this species after Graciliano Ramos, a famous Brazilian modernist writer, politician and journalist that was born in the type locality	Simothraulopsis gracilianus	Lima, 2018	2018	LIMA_2018	FALSE	Animalia	Arthropoda	Insecta	Ephemeroptera	Leptophlebiidae	https://doi.org/10.11646/zootaxa.4461.2.6
1532			accepted	species	Franklin D. Roosevelt: a new species [...] which I take pleasure in associating with the President of the United States as a mark of appreciation of his interest in marine biological research	Siriella roosevelti	Tattersall, 1941	1941		FALSE	Animalia	Arthropoda	Malacostraca	Mysida	Mysidae	
1533			accepted	genus	Marie Curie: Marie Slodowska-Curie	Slodowskani	Kittel, 2016	2016		FALSE						
1534			accepted	species	Albert I, Prince of Monaco	Smittia grimaldii	Jullien, 1903	1903	SOUTO_2019	FALSE	Animalia	Arthropoda	Insecta	Diptera	Chironomidae	https://doi.org/10.11646/zootaxa.4545.1.6
1535			accepted	species	Pablo Picasso: The species is named in honour of the famous Spanish painter, sculptor and designer Pablo Ruiz Picasso because of the wing pattern - somewhat reminiscent of the artist's style	Sonitha picassoi	Zolotuhin & Prozorov 2010	2010		FALSE	Animalia	Arthropoda	Insecta	Lepidoptera	Lasiocampidae	
1536			accepted	species	Mark Twain: named for the character Mark Twain, developed by Samuel Langhorne Clemens, an author, lecturer, philosopher, humanitarian, champion of science, and humorist. Clemens lived in California for awhile, but traveled nowhere near where this species occurs—the author forgives the oversight	Sonoma twaini	Ferro, 2016	2016		FALSE	Animalia	Arthropoda	Insecta	Coleoptera	Staphylinidae	
1537			accepted	species	José Rizal	Spathomeles rizali	Strohecker, 1964	1964		FALSE						
1538			accepted	species	Albert I, Prince of Monaco	Sperosoma grimaldii	Koehler, 1897	1897		FALSE	Animalia	Echinodermata	Echinoidea	Echinothurioida	Echinothuriidae	
1539			accepted	species	Robert Falcon Scott: named in honour of Captain Robert F. Scott, one of the most relevant explorers in polar areas, and leader of the British National Antarctic Expedition of 1901–1904 onboard the RRS Discovery	Sphaeralcyon scotti	López-González & Gili, 2005	2005	L_pez_Gonz_lez_2005	FALSE	Animalia	Cnidaria	Octocorallia			https://doi.org/10.1007/s10750-004-8338-6
1540			accepted	species	Ernest Shackleton: named in honour of Sir Ernest H. Shackleton, one of the most remembered explorers in polar areas, and leader of the Endurance Expedition (1914–1916) among other polar explorations	Sphaeralcyon shackletoni	López-González & Gili, 2005	2005	L_pez_Gonz_lez_2005	FALSE	Animalia	Cnidaria	Octocorallia			https://doi.org/10.1007/s10750-004-8338-6
1541			accepted	species	Theodore Roosevelt Jr.	Sphaerodactylus roosevelti	Grant, 1931	1931	Grant_1931	FALSE	Animalia	Chordata	Reptilia	Squamata	Sphaerodactylidae	https://doi.org/10.46429/jaupr.v15i3.14233
1542			accepted	species	Raymond Chandler: Named after Raymond Thornton Chandler (1888–1959), who was an American crime writer that greatly influenced the modern private eye story and created the famous protagonist, Philip Marlowe	Sphaeropthalma chandleri	Pitts, 2010	2010		FALSE						
1543			accepted	species	Giuseppe Garibaldi: This species was collected at the time when the Italian volunteers, led by Giuseppe Garibaldi, were defeating the Austrian soldiers near Varese, hence decorated by me with the name of Victor	Sphiximorpha garibaldii	Rondani, 1860	1860		FALSE	Animalia	Arthropoda	Insecta	Diptera	Syrphidae	
1544			accepted	species	Saint-John Perse: to honour the local Marie-René-Auguste-Alexis Leger, born in Pointe-à-Pitre, Guadeloupe, on 31 May 1887, winner of the Nobel Prize in Literature in 1960, whose pseudonym was Saint-John Perse	Spiniphiline persei	Caballer & Ortea, 2015	2015	Caballer_2015	FALSE	Animalia	Mollusca	Gastropoda		Philinidae	https://doi.org/10.1093/mollus/eyv041
1545			accepted	species	Man Ray: The species epithet honours the artist Man Ray, a relative of the first author of the species	Spintharus manrayi	Chomitz & Agnarsson, 2018	2018	Agnarsson_2017	FALSE	Animalia	Arthropoda	Arachnida	Araneae	Theridiidae	https://doi.org/10.1093/zoolinnean/zlx056
1546			accepted	species	Albert I, Prince of Monaco	Spirodiscus grimaldii	Fauvel, 1909	1909		FALSE	Animalia	Annelida	Polychaeta	Sabellida	Serpulidae	
1547			accepted	species	Albert Schweitzer: named after Albert Schweitzer, founder of a hospital in Lambaréné, Gabon, and Nobel Peace Prize Laureate in 1952	Staphylococcus schweitzeri	Tong et al., 2015	2015	Tong_2015	FALSE	Bacillati	Bacillota	Bacilli	Caryophanales	Staphylococcaceae	https://doi.org/10.1099/ijs.0.062752-0
1548			accepted	species	Albert I of Belgium	Statira alberti	Pic, 1918	1918		FALSE	Animalia	Arthropoda	Insecta	Coleoptera	Tenebrionidae	
1549			accepted	species	Edmund Allenby	Statira allenbyi	Pic, 1918	1918		FALSE	Animalia	Arthropoda	Insecta	Coleoptera	Tenebrionidae	
1550			accepted	species	Édouard de Castelnau	Statira castelnaui	Pic, 1918	1918		FALSE	Animalia	Arthropoda	Insecta	Coleoptera	Tenebrionidae	
1551			accepted	species	Armando Diaz	Statira diazi	Pic, 1918	1918		FALSE	Animalia	Arthropoda	Insecta	Coleoptera	Tenebrionidae	
1552			accepted	species	Ferdinand Foch	Statira fochi	Pic, 1918	1918		FALSE	Animalia	Arthropoda	Insecta	Coleoptera	Tenebrionidae	
1553			accepted	species	Louis Franchet d'Espèrey	Statira francheti	Pic, 1918	1918		FALSE	Animalia	Arthropoda	Insecta	Coleoptera	Tenebrionidae	
1554			accepted	species	Joseph Joffre	Statira joffrei	Pic, 1918	1918		FALSE	Animalia	Arthropoda	Insecta	Coleoptera	Tenebrionidae	
1555			accepted	species	David Lloyd George	Statira lloydi	Pic, 1918	1918		FALSE	Animalia	Arthropoda	Insecta	Coleoptera	Tenebrionidae	
1556			accepted	species	John J. Pershing	Statira pershingi	Pic, 1918	1918		FALSE	Animalia	Arthropoda	Insecta	Coleoptera	Tenebrionidae	
1557			accepted	species	Philippe Pétain	Statira petaini	Pic, 1918	1918		FALSE	Animalia	Arthropoda	Insecta	Coleoptera	Tenebrionidae	
1558			accepted	species	Eleftherios Venizelos: Under the name of Venizelosi I pay homage to Greece, freed from harmful influences and reconquered to its glorious past	Statira venizelosi	Pic, 1918	1918		FALSE	Animalia	Arthropoda	Insecta	Coleoptera	Tenebrionidae	
1559			accepted	species	Woodrow Wilson	Statira wilsoni	Pic, 1918	1918		FALSE	Animalia	Arthropoda	Insecta	Coleoptera	Tenebrionidae	
1560			accepted	genus	Milan Rastislav Štefánik: To recognize the contribution made by Dr. Milan Rastislav Štefánik (21 July 1880–4 May 1919), a Slovak scientist – astronomer, traveler, aviator, general and politician – one of the founders of the former Czecho-Slovakia. He tragically died in a plane crash at young age	Stefanikia	Čerňanskýa & Smith, 2017	2017	_er_ansk__2017	TRUE						https://doi.org/10.1080/08912963.2017.1327530
1561			accepted	species	Miguel Grau: named for Admiral Miguel Grau, Peruvian patriot and hero of the War of the Pacific with Chile	Steganopus graui	Campbell, 1979	1979	Campbell_1979	TRUE	Animalia	Chordata	Aves	Charadriiformes	Scolopacidae	https://doi.org/10.5962/bhl.title.52133
1562			accepted	species	Theodore Roosevelt: This species is named in honor of the 26th President of the United States, Theodore Roosevelt, for his contributions to conservation	Stenomorpha roosevelti	Smith, Miller & Wheeler, 2011	2011	SMITH_2011	FALSE						https://doi.org/10.11646/zootaxa.2909.1.3
1563			accepted	species	Franz Kafka: Dedicated to the eminent Czech author Franz Kafka, who imagined what it would be like to wake up as an insect	Stenotarsus kafkai	Arriaga-Varela et al., 2013	2013	ARRIAGA_VARELA_2013	FALSE	Animalia	Arthropoda	Insecta	Coleoptera	Endomychidae	https://doi.org/10.11646/zootaxa.3645.1.1
1564			accepted	species	Edwin Abbott Abbott: Named in honour of E.A. Abbott, the author of Flatland: A Romance of Many Dimensions (Abbott 1884). This story is about a two-dimensional world populated by geometric figures, with circles as rulers. The distinctive flat, circular dorsal terminus of the corniculum of S. abbotti resembles one of the leaders of Flatland	Stentorceps abbotti	Nielsen & Buffington, 2011	2011	Nielsen_2011	FALSE						https://doi.org/10.4001/003.019.0305
1565			accepted	species	Leonard Woolf: after Leonard Sidney Woolf (25 November 1880 – 14 August 1969) the author of The Village in the Jungle (1913). The novel was based on his experiences as a civil servant in Sri Lanka	Steriphopus woolfi	Benjamin, 2024	2024		FALSE	Animalia	Arthropoda	Arachnida	Araneae	Palpimanidae	
1566			accepted	species	James Clerk Maxwell	Stethynium maxwelli	Girault, 1915	1915		FALSE	Animalia	Arthropoda	Insecta	Hymenoptera	Mymaridae	
1567			accepted	species	Julius von Mayer: Respectfully dedicated to [Julius] Robert Mayer, who with Hermann Helmholtz discovered the law of the conservation of energy	Stethynium mayeri	Girault, 1912	1912		FALSE	Animalia	Arthropoda	Insecta	Hymenoptera	Mymaridae	
1568			accepted	species	Hector Berlioz	Stictane berliosi	Spitsyn & Bolotov, 2020	2020	Spitsyn_2020	FALSE	Animalia	Arthropoda	Insecta	Lepidoptera	Erebidae	https://doi.org/10.37828/em.2020.33.3
1569			accepted	species	Rabindranath Tagore: named after the Nobel laureate and founder of the University, Rabindranath Tagore	Stigonema tagorum	Sudipta K.Das, Keshari & Adhikary		Keshari_2016	FALSE	Bacillati	Cyanobacteriota	Cyanophyceae	Nostocales	Stigonemataceae	https://doi.org/10.20324/nelumbo/v58/2016/105915
1570			accepted	species	Grand Duke Nicholas Nikolaevich of Russia the Elder: As one of the few plants which, with its tall palm-like growth and splendid large leaves, also combines large, beautiful flowers that continuously develop in rich abundance for two months from the large sheaths, we deemed this plant worthy to bear the name of His Imperial Highness, Grand Duke Nikolai Nikolaevich, the high Protector of the Russian Botanical Garden in St. Petersburg, to whom we dedicate it herewith in deepest reverence	Strelitzia nicolai	Regel & Körn.			FALSE	Plantae	Tracheophyta	Liliopsida	Zingiberales	Strelitziaceae	
1571			accepted	species	Alfred, Lord Tennyson	Streptelasma tennysoni	Pestana, 1960	1960		TRUE						
1572			accepted	species	Camillo Benso, Count of Cavour	Streptomyces cavourensis	Skarbek & Brady, 1978	1978	SKARBEK_1978	FALSE	Bacillati	Actinomycetota	Actinomycetes	Kitasatosporales	Streptomycetaceae	https://doi.org/10.1099/00207713-28-1-45
1573			accepted	species	Ernest Shackleton	Struthiolarella shackletoni	Zinsmeister & Camacho, 1980	1980		TRUE	Animalia	Mollusca	Gastropoda	Littorinimorpha	Struthiolariidae	
1574			accepted	species	Paul Gauguin: named in honor of the great French artist Paul Gauguin who praised Polynesian nature	Sundacossus gauguini	Yakovlev, 2008	2008		FALSE	Animalia	Arthropoda	Insecta	Lepidoptera	Cossidae	
1575			accepted	species	Franz Boas: Dedicated to Franz Boas for his book The Mind of Primitive Man	Sympiesonecremnus boasi	Girault, 1913	1913		FALSE	Animalia	Arthropoda	Insecta	Hymenoptera	Eulophidae	
1576			accepted	species	Bertha von Suttner: Respectfully dedicated to Bertha von Suttner for her Die Waffen nieder!	Sympiesomorphelleus suttneri	Girault, 1913	1913		FALSE	Animalia	Arthropoda	Insecta	Hymenoptera	Eulophidae	
1577			accepted	species	Henry David Thoreau	Sympiesomorphelleus thoreauini	Girault, 1915	1915		FALSE	Animalia	Arthropoda	Insecta	Hymenoptera	Eulophidae	
1578			accepted	species	Albert I, Prince of Monaco	Syndesmya grimaldii	Dautzenberg & H. Fischer, 1906	1906		FALSE	Animalia	Mollusca	Bivalvia	Cardiida	Semelidae	
1579			accepted	species	William Rathbone Greg	Syntomosphyrum gregi	Girault, 1913	1913		FALSE						
1580			accepted	genus	Rabindranath Tagore: named after the Nobel laureate, Rabindranath Tagore (1861−1941), who was a Bengali polymath–poet, writer, playwright, composer, philosopher, social reformer and painter	Tagoria	Yakovlev & Zolotuhin, 2021	2021	BOHDANOWICZ_1979	FALSE	Animalia	Arthropoda	Insecta	Lepidoptera	Metarbelidae	https://doi.org/10.2476/asjaa.28.53
1581			accepted	species	Apolinario Mabini: in honour of Apolinario Mabini, a Philippine national hero, and pertaining to the type location of the specimens from Mabini, Batangas, Philippines	Tamilokus mabinia	Shipway & Distel, 2019	2019	Shipway_2019	FALSE	Animalia	Mollusca	Bivalvia		Teredinidae	https://doi.org/10.7717/peerj.6256
1582			accepted	species	Albert I, Prince of Monaco	Tanais grimaldii	Dollfus, 1897	1897		FALSE	Animalia	Arthropoda	Malacostraca	Tanaidacea	Tanaididae	
1583			accepted	genus	Alfred, Lord Tennyson	Tennysoniana	Girault, 1920	1920		FALSE	Animalia	Arthropoda	Insecta	Hymenoptera	Trichogrammatidae	
1584			accepted	species	Margaret Preston: Named after the influential Australian modernist artist, Margaret Preston (1875–1973), well known for her highly colourful paintings	Teresirogas prestonae	Quicke & van Achterberg, 2014	2014	QUICKE_2014	FALSE						https://doi.org/10.11646/zootaxa.3881.3.3
1585			accepted	species	Rudyard Kipling: Named in honor of Rudyard Kipling, author of Just So Stories and others about Africa	Tessmannella kiplingi	Buffington & van Noort, 2012	2012	Buffington_2012a	FALSE	Animalia	Arthropoda	Insecta	Diptera	Platystomatidae	https://doi.org/10.3897/zookeys.202.2136
1586			accepted	species	Richard Cobden	Tetrastichus cobdeni	Girault, 1913	1913		FALSE	Animalia	Arthropoda	Insecta	Hymenoptera	Eulophidae	
1587			accepted	species	Henri Poincaré	Tetrastichus poincarei	Girault, 1913	1913		FALSE	Animalia	Arthropoda	Insecta	Hymenoptera	Eulophidae	
1588			accepted	species	Mustafa Kemal Atatürk	Thericium ataturki	Landau, Harzhauser, İslamoğlu & Marques da Silva 2013	2013		TRUE	Animalia	Mollusca	Gastropoda		Cerithiidae	
1589			accepted	genus	Henry David Thoreau: It is an honor to name this new genus after Henry David Thoreau (1817–1862), noted essayist and naturalist [...] His loving, and often unrecognized, commitment to botany inspired me to undertake the subject	Thoreauea	J.K. Williams		Williams_2002	FALSE	Plantae	Tracheophyta	Magnoliopsida	Gentianales	Apocynaceae	https://doi.org/10.25224/1097-993X-5.1.47
1590			accepted	genus	Henry David Thoreau	Thoreauella	Girault, 1930	1930		FALSE						
1591			accepted	genus	Henry David Thoreau	Thoreauia	Girault, 1916	1916		FALSE	Animalia	Arthropoda	Insecta	Hymenoptera	Trichogrammatidae	
1592			accepted	species	Pancho Villa	Thorichthys panchovillai	Del Moral-Flores, López-Segovia & Hernández-Arellano, 2017	2017	Del_Moral_Flores_2017	FALSE	Animalia	Chordata	Teleostei	Cichliformes	Cichlidae	https://doi.org/10.15381/rpb.v24i1.13104
1593			accepted	species	Roald Amundsen	Thouarella amundseni	Núñez-Flores, Gomez-Uchida & López-González, 2021	2021	N_ez_Flores_2021	FALSE	Animalia	Cnidaria	Octocorallia	Scleralcyonacea	Primnoidae	https://doi.org/10.1071/IS20078
1594			accepted	genus	J. R. R. Tolkien	Tolkienia	Lieberman & Kloc, 1997	1997		TRUE						
1595			accepted	species	Paul Gauguin	Trachinocephalus gauguini	Polanco, Acero & Betancur, 2016	2016	Polanco_F__2016	FALSE	Animalia	Chordata	Teleostei	Aulopiformes	Synodontidae	https://doi.org/10.1111/jfb.13038
1596			accepted	subspecies	Menelik II	Tragelaphus scriptus meneliki	Neumann, 1902	1902		FALSE	Animalia	Chordata	Mammalia	Artiodactyla	Bovidae	
1597			accepted	species	Guy de Maupassant	Trichaporoidella maupaussanti	Girault, 1915	1915		FALSE	Animalia	Arthropoda	Insecta	Hymenoptera	Eulophidae	
1598			accepted	species	Mikhail Lermontov: Since the species was collected near the place of the duel of M. Yu. Lermontov, it was named in honor of this great Russian poet and writer in connection with his 200th birthday anniversary	Trigoniophthalmus lermontovi	Kaplin, 2015	2015	Kaplin_2015	FALSE	Animalia	Arthropoda	Insecta	Archaeognatha	Machilidae	https://doi.org/10.1134/S0013873815070088
1599			accepted	species	Agatha Christie: The species epithet refers to the name of Agatha Christie, born as Agatha Mary Clarissa Miller, who was a brilliant and famous English author of novels, short stories and plays	Trilacuna clarissa	Eichenberger, 2011	2011	EICHENBERGER_2011	FALSE	Animalia	Arthropoda	Arachnida	Araneae	Oonopidae	https://doi.org/10.11646/zootaxa.2823.1.1
1600			accepted	species	Ellen Browning Scripps: named [...] to honour Ellen Browning Scripps (1836–1932), a founding benefactor of the Scripps Institution of Oceanography [...] in La Jolla, California. No species have been named for her to date, yet Ellen Browning Scripps' impact on science has been very important	Trilobodrilus ellenscrippsae	Kerbl et al., 2018	2018	Kerbl_2018	FALSE	Animalia	Annelida	Polychaeta		Dinophilidae	https://doi.org/10.5852/ejt.2018.421
1601			accepted	species	Frédéric Chopin: In honour of Fryderyk Franciszek Chopin, the most famous Polish composer during the Romantic period of classical music, also called the 'poet of the piano'	Trimerocephalus chopini	Kin & Błażejowski, 2013	2013	KIN_2013	TRUE						https://doi.org/10.11646/zootaxa.3626.3.3
1602			accepted	species	Albert Einstein: This species is dedicated to Albert Einstein, theoretical physicist, Nobel Prize in Physics in 1921, author of the Theory of Relativity	Triplocania einsteini	González-Obando, Carrejo-Gironza & García Aldrete, 2021	2021	GONZ_LEZ_OBANDO_2021	FALSE	Animalia	Arthropoda	Insecta	Psocodea	Ptiloneuridae	https://doi.org/10.11646/zootaxa.5080.1.1
1603			accepted	species	Albert I, Prince of Monaco	Tritropis grimaldii	Chevreux, 1891	1891		FALSE	Animalia	Arthropoda	Malacostraca	Amphipoda	Eusiridae	
1604			accepted	species	Pedro Alcántara Herrán: Dedicated to General Herrán, former president of the Republic of New Granada; a man of rare dedication and a friend of Europeans who can spread useful knowledge and the development of natural sciences in his country	Trochilus herrani	Delattre & Bourcier, 1846	1846		FALSE	Animalia	Chordata	Aves	Apodiformes	Trochilidae	
1605			accepted	species	Marie Curie: Species named after Dr. Marie Skłodowska-Curie for her enormous contribution to science	Trogolaphysa mariecurieae	Ferreira, Oliveira & Zeppelini, 2022	2022	Zeppelini_2022	FALSE	Animalia	Arthropoda	Collembola	Entomobryomorpha	Paronellidae	https://doi.org/10.1038/s41598-022-18798-1
1606			accepted	species	Alexandra of Denmark: On account of the relationship of this new species with Troides victoriae [protonym Papilio (Ornithoptera) victoriae, also in this list], we think the name alexandrae to be very appropriate	Troides alexandrae	Rothschild, 1907	1907		FALSE	Animalia	Arthropoda	Insecta	Lepidoptera	Papilionidae	
1607			accepted	species	Ernest Shackleton: As the handsomest novelty in the collection, it is dedicated to the intrepid leader of the Expedition	Trophon shackletoni	Hedley, 1911	1911		FALSE	Animalia	Mollusca	Gastropoda	Neogastropoda	Muricidae	
1608			accepted	species	Dolores Cacuango: honoring Dolores Cacuango, an Ecuadorian benchmark of feminism and human rights of the early twentieth century. She claimed the identity and rights of the Ecuadorian indigenous people, leading them to defend themselves from abuse and discrimination. Also, she demanded the teaching of Quechua and founded the first bilingual schools in Ecuador and the Ecuadorian Indigenous Federation	Tropidophis cacuangoae	Ortega-Andrade et al., 2022	2022	Ortega_Andrade_2022	FALSE	Animalia	Chordata	Reptilia	Squamata	Tropidophiidae	https://doi.org/10.5852/ejt.2022.854.2021
1609			accepted	species	Mary Moffat Livingstone: The name was given because Trypanosoma livingstonei n. sp. was first discovered in bats captured in Chupanga, Mozambique, a small village in the margin of the Zambezi River, where Mary Livingstone, the wife of David Livingstone, died of "fevers" in 1862; her grave remains in a small cemetery from a Portuguese Mission practically destroyed by the Mozambique wars	Trypanosoma livingstonei	Teixeira & Camargo, 2013	2013	Lima_2013	FALSE	Protozoa	Euglenozoa	Kinetoplastea	Trypanosomatida	Trypanosomatidae	https://doi.org/10.1186/1756-3305-6-221
1610			accepted	species	Charlie Chaplin: dedicated to the English actor, composer, director and producer Sir Charles Spencer Chaplin (1889–1977), a worldwide icon in the era of silent film through his screen persona "The Tramp"	Tschaidicancha chaplini	Benedetti & Pinto-da-Rocha, 2022	2022		FALSE	Animalia	Arthropoda	Arachnida	Opiliones	Metasarcidae	
1611			accepted	species	Muhammad Ali Jinnah: The species name is given in honor of the founder of Pakistan, Quaidi-Azam Mohammad Ali Jinnah	Tylenchorhynchus quaidi	Golden, Maqbool & Handoo, 1987	1987		FALSE	Animalia	Nematoda	Chromadorea	Rhabditida	Dolichodoridae	
1612			accepted	species	Albert Schweitzer: dedicated to the memory of Dr. Albert Schweitzer, a famous German physician, musicologist and theologian, Nobel Peace Prize winner, 1952. In Gabon he founded the famous leprosarium of Lambaréné	Typhloponemys schweitzeri	Pace, 2009	2009		FALSE	Animalia	Arthropoda	Insecta	Coleoptera	Staphylinidae	
1613			accepted	species	Bessie Coleman: in honor of Texas native Bessie Coleman (1892–1926), the first African American and Native American woman to obtain her pilot's license	Ummidia colemanae	Godwin & Bond, 2021	2021	Godwin_2021	FALSE	Animalia	Arthropoda	Arachnida	Araneae	Halonoproctidae	https://doi.org/10.3897/zookeys.1027.54888
1614			accepted	species	Douglas MacArthur: named in honor of Arkansas native General Douglas MacArthur	Ummidia macarthuri	Godwin & Bond, 2021	2021	Godwin_2021	FALSE	Animalia	Arthropoda	Arachnida	Araneae	Halonoproctidae	https://doi.org/10.3897/zookeys.1027.54888
1615			accepted	species	Edgar Allan Poe	Uriolelaps poei	Girault, 1915	1915	DESJARDINS_2007	FALSE	Animalia	Arthropoda	Insecta	Hymenoptera	Diparidae	https://doi.org/10.11646/zootaxa.1647.1.1
1616			accepted	species	Albert I, Prince of Monaco	Urothoe grimaldii	Chevreux, 1895	1895		FALSE	Animalia	Arthropoda	Malacostraca	Amphipoda	Urothoidae	
1617			accepted	species	Bela Lugosi: after Bela Lugosi (1882–1956), who played the role of the vampire in the iconic 1931 film Dracula. [It is an] epibiotic bacterium that preys on anoxygenic photosynthetic gammaproteobacterial species of the genus Halochromatium	Vampirococcus lugosii	Moreira et al., 2021	2021	Moreira_2021	FALSE						https://doi.org/10.1038/s41467-021-22762-4
1618			accepted	species	Mahatma Gandhi	Vetelia gandhii	Esteban & Nasif, 1996	1996		TRUE						
1619			accepted	genus	Queen Victoria	Victoria	Lindl.			FALSE	Plantae	Tracheophyta	Magnoliopsida	Nymphaeales	Nymphaeaceae	
1620			accepted	species	Ernest Hemingway: named in honour of the American writer Ernest Hemingway, Nobel laureate in Literature, a great friend of Cuba, its people and its sea, where his surname is synonymous with all that is great and with the spirit of adventure	Volvarina hemingwayi	Espinosa & Ortea, 2015	2015		FALSE	Animalia	Mollusca	Gastropoda	Neogastropoda	Marginellidae	
1621			accepted	species	Henri de Toulouse-Lautrec	Wendyichthys lautreci	Lund & Poplin, 1997	1997	Lund_1997	TRUE						https://doi.org/10.1080/02724634.1997.10010996
1622			accepted	genus	John Greenleaf Whittier	Whittieria	Girault, 1938	1938		FALSE	Animalia	Arthropoda	Insecta	Hymenoptera	Encyrtidae	
1623			accepted	species	Phan Đình Phùng: named after a Vietnamese revolutionary leader, Mr. Phan Dinh Phung, who was born in 1847 in Ha Tinh Province [where the type locality is] and led rebel armies against French colonial forces	Xymmer phungi	Satria et al., 2016	2016	SATRIA_2016	FALSE	Animalia	Arthropoda	Insecta	Hymenoptera	Formicidae	https://doi.org/10.11646/zootaxa.4168.1.7
1624			accepted	genus	L. L. Zamenhof	Zamenhofella	Girault, 1941	1941		FALSE	Animalia	Arthropoda	Insecta	Hymenoptera	Encyrtidae	
1625			accepted	species	Taras Shevchenko: The new species is dedicated to the Ukrainian poet Taras Hryhorowycz Shevchenko (1814-1861) whose grave is located in Kaniev	Zercon shevtchenkoi	Faleńczyk-Koziróg, Shevchyk, Pylypenko & Kaczmarek, 2018	2018	Fale_czyk_Kozir_g_2018	FALSE						https://doi.org/10.24349/acarologia/20184288
1626			accepted	species	Albert I, Prince of Monaco	Zonophryxus grimaldii	Koehler, 1911	1911		FALSE	Animalia	Arthropoda	Malacostraca	Isopoda	Dajidae	
1627			accepted	species	Jan Smuts	Zonothrips smutsi	Faure, 1957	1957	WANG_2007	FALSE	Animalia	Arthropoda	Insecta	Thysanoptera	Thripidae	https://doi.org/10.11646/zootaxa.1575.1.3
1628			accepted	species	Vincent van Gogh	Zovax vangoghi	Błeszyński, 1965	1965		FALSE	Animalia	Arthropoda	Insecta	Lepidoptera	Crambidae	
1629			accepted	species	Mohammad-Hossein Shahriar: After Mohammad-Hossein Shahriar (1906–1988), the last poet of the lineage of classical legendary Iranian Azerbaijani poets	Abichites shahriari	Korn et al., 2015	2015	Korn_2015	TRUE	Animalia	Mollusca	Cephalopoda	Ammonoidea	Dzhulfitidae	https://doi.org/10.1080/14772019.2015.1119211
1630			accepted	species	Gertrude Ederle	Abrolophus ederleae	Hakimitabar, 2025	2025	Hakimitabar_2025	FALSE	Animalia	Arthropoda	Arachnida	Trombidiformes	Erythraeidae	https://doi.org/10.1080/01647954.2025.2484049
1631			accepted	species	Stan Lee: in honor of the scriptwriter and editor of Marvel Comics, recently deceased	Acanthella stanleei	Nascimento, Cavalcanti & Pinheiro, 2019	2019	NASCIMENTO_2019	FALSE	Animalia	Porifera	Demospongiae	Bubarida	Dictyonellidae	https://doi.org/10.11646/zootaxa.4555.2.12
1632			accepted	species	Earl Scruggs: Named after Earl Scruggs, a prominent American banjo player known for popularizing a three-finger banjo picking style, also known as "Scruggs style", which is characteristic of bluegrass music. The name of the species also makes an allusion to the common name given to aspredinid species in general (banjo catfishes), and the remarkable resemblance of the new species with this musical instrument	Acanthobunocephalus scruggsi	Carvalho & Reis, 2020	2020	Carvalho_2020	FALSE	Animalia	Chordata	Teleostei	Siluriformes	Aspredinidae	https://doi.org/10.1643/ci-19-309
1633			accepted	species	David Rockefeller	Acmaeodera rockefelleri	Cazier, 1951	1951		FALSE	Animalia	Arthropoda	Insecta	Coleoptera	Buprestidae	
1634			accepted	species	Nelson Mandela	Acritus mandelai	Gomy, 2001	2001		FALSE	Animalia	Arthropoda	Insecta	Coleoptera	Histeridae	
1635			accepted	species	Terry-Thomas: Dedicated to the late British actor Terry-Thomas (1911–1990) for the similarity between the shape of the big moustache of his character of Sir Reginald in the 1966 French-British comedy film La Grande Vadrouille and the long setae on the apex of the parameres of the new species	Adoretus thomasi	Limbourg, Dekoninck & Seidel, 2024	2024		FALSE	Animalia	Arthropoda	Insecta	Coleoptera	Scarabaeidae	
1636			accepted	species	Pope John Paul II	Aegomorphus wojtylai	Hilszczanski & Bystrowski, 2005	2005		FALSE	Animalia	Arthropoda	Insecta	Coleoptera	Cerambycidae	
1637			accepted	species	Vicente Manansala: Named for the Filipino painter and illustrator Vicente Silva Manansala (1910–1981), most famous for his 'Madonna of the Slums'	Aetana manansalai	Huber, 2015	2015	Huber_2015a	FALSE	Animalia	Arthropoda	Arachnida	Araneae	Pholcidae	https://doi.org/10.5852/ejt.2015.162
1638			accepted	species	Hernando R. Ocampo: Named for the Filipino artist Hernando Ruiz Ocampo (1911–1978), famous for his work reflecting the harsh realities of his country after the Second World War, but also for his interest in depicting Philippine flora and fauna	Aetana ocampoi	Huber, 2015	2015	Huber_2015a	FALSE	Animalia	Arthropoda	Arachnida	Araneae	Pholcidae	https://doi.org/10.5852/ejt.2015.162
1639			accepted	species	Srinagarindra: dedicated, with permission, to Her Royal Highness, the King's Mother, whose interest in the Thai flora is well known	Afgekia mahidoliae	B.L.Burtt & Chermsir.			FALSE	Plantae	Tracheophyta	Magnoliopsida	Fabales	Fabaceae	
1640			accepted	species	Aimé Césaire	Agraecia cesairei	Hugel, 2009	2009	CHAMORRO_RENGIFO_2015	FALSE	Animalia	Arthropoda	Insecta	Orthoptera	Tettigoniidae	https://doi.org/10.11646/zootaxa.3993.1.1
1641			accepted	species	David Rockefeller	Agrilus rockefelleri	Cazier, 1951	1951		FALSE	Animalia	Arthropoda	Insecta	Coleoptera	Buprestidae	
1642			accepted	species	Frida Kahlo: honoring Frida Kahlo (1907–1954), the iconic Mexican painter known for her vivid deeply personal and symbolic artwork. Her enduring connection to Mexican culture makes her an apt figure to be commemorated through this species, which is endemic to Mexico. In naming a species in her honor I celebrate her artistic legacy and underscore the importance of preserving the biodiversity of her homeland	Agroecotettix kahloae	Hill, 2024	2024	Hill_2024	FALSE	Animalia	Arthropoda	Insecta	Orthoptera	Acrididae	https://doi.org/10.3897/zookeys.1218.133703
1643			accepted	species	Clayton Moore: honoring Clayton Moore, the American actor who most famously starred as a fictional Texas Ranger in The Lone Ranger television series from 1949–1957. Moore's portrayal of the character embodied qualities of justice, bravery, and a deep connection to the American West. This naming honors Moore’s cultural impact and the desert landscapes that inspired Moore's legendary character	Agroecotettix moorei	Hill, 2024	2024	Hill_2024	FALSE	Animalia	Arthropoda	Insecta	Orthoptera	Acrididae	https://doi.org/10.3897/zookeys.1218.133703
1644			accepted	species	Jay Silverheels: honoring Jay Silverheels, a Native American athlete and actor who most famously portrayed the fictional character Tonto in The Lone Ranger television series from 1949–1957. Silverheels was one of the first Native American actors to portray a major Indigenous character on a television series. Throughout his career, Silverheels advocated for more inclusion of Indigenous people in media and founded the Indian Actors Workshop in Los Angeles during the 1960's. This naming honors Silverheels' cultural impact and the Texas landscapes where the series was set	Agroecotettix silverheelsi	Hill, 2024	2024	Hill_2024	FALSE	Animalia	Arthropoda	Insecta	Orthoptera	Acrididae	https://doi.org/10.3897/zookeys.1218.133703
1645			accepted	species	Eduardo Kingman: named after Eduardo Kingman (Loja, February 23, 1913 – Quito, November 27, 1997), one of the greatest Ecuadorian artists, who dedicated his art to portray the indigenous people of Ecuador	Aleiodes kingmani	Shimbori & Shaw, 2014	2014	Shimbori_2014	FALSE	Animalia	Arthropoda	Insecta	Hymenoptera	Braconidae	https://doi.org/10.3897/zookeys.405.7402
1646			accepted	genus	Salvador Allende	Allende	Álvarez-Padilla, 2007	2007	_LVAREZ_PADILLA_2007	FALSE	Animalia	Arthropoda	Arachnida	Araneae	Tetragnathidae	https://doi.org/10.1111/j.1096-3642.2007.00304.x
1647			accepted	genus	Salvador Allende: The genus is named for Salvador Allende, the late president of Chile, and is dedicated to his memory	Allendia	Noonan, 1974	1974	Noonan_1974	FALSE	Animalia	Arthropoda	Insecta	Coleoptera	Carabidae	https://doi.org/10.5962/p.372716
1648			accepted	species	Jorge Amado: dedicated to the deceased Brazilian writer Jorge Amado, who was born in Bahia state in 1912 and died in 2001. Amado is one of the most acclaimed contemporary Brazilian novelists, whose 32 novels have sold millions of copies. Among his best-known works are Capitães de Areia, Gabriela, Cravo e Canela, and Tieta do Agreste. In 2012, Brazil celebrated the centenary of his birth	Alterosa amadoi	Dumas, Calor & Nessimian, 2013	2013	Dumas_2013	FALSE						https://doi.org/10.3897/zookeys.317.5437
1649			accepted	species	Dorival Caymmi: named in memory of Dorival Caymmi, considered one of the most important Brazilian songwriters. Caymmi was born in Bahia state in 1914 and died [in] 2008. He became a national icon with his lyrics that evoked the charm of Bahia's fishing villages, beaches and beautiful women, like "O Que é Que a Baiana Tem?", "Marina", "Rainha do Mar", "Samba da Minha Terra", among others	Alterosa caymmii	Dumas, Calor & Nessimian, 2013	2013	Dumas_2013	FALSE						https://doi.org/10.3897/zookeys.317.5437
1650			accepted	species	Alexander Zinoviev: named after the prominent philosopher, writer and sociologist of our time, Alexandr Zinoviev, on the eve of its 95th anniversary	Alucita zinovievi	Kovtunovich & Ustjuzhanin, 2016	2016	Kovtunovich_2016	FALSE	Animalia	Arthropoda	Insecta	Lepidoptera	Alucitidae	https://doi.org/10.33910/1999-4079-2016-8-4-299-300
1651			accepted	species	Jorge Amado: In honor of the Brazilian writer Jorge Amado (1912–2001), born in Bahia State, on whose coast lies the Camamu Basin	Ambocythere amadoi	Bergue & Coimbra, 20218		Bergue_2021	TRUE	Animalia	Arthropoda	Ostracoda	Podocopida	Trachyleberididae	https://doi.org/10.1590/2317-4889202120210039
1652			accepted	species	Ansel Adams: After the late Ansel Adams, an extraordinary photographer whose finest pictures depict the Sierra Nevada	Amplaria adamsi	Shear & Krejca, 2007	2007	SHEAR_2007	FALSE	Animalia	Arthropoda	Diplopoda		Striariidae	https://doi.org/10.11646/zootaxa.1532.1.2
1653			accepted	species	Nelson Mandela	Anelosimus nelsoni	Agnarsson, 2006	2006	AGNARSSON_2006	FALSE	Animalia	Arthropoda	Arachnida	Araneae	Theridiidae	https://doi.org/10.11646/zootaxa.1147.1.1
1654			accepted	species	Doc Watson: after Arthel "Doc" Watson, legendary bluegrass musician from North Carolina	Anillinus docwatsoni	Sokolov & Carlton, 2004	2004	Sokolov_2004	FALSE	Animalia	Arthropoda	Insecta	Coleoptera	Carabidae	https://doi.org/10.1649/611
1655			accepted	species	Seretse Khama	Anopheles seretsei	Abdulla-Khan, Coetzee & Hunt, 1998	1998		FALSE	Animalia	Arthropoda	Insecta	Diptera	Culicidae	
1656			accepted	species	Juan Rulfo	Anthonomus rulfoi	Clark, 1987	1987		FALSE	Animalia	Arthropoda	Insecta	Coleoptera	Curculionidae	
1657			accepted	species	Joaquín Rodrigo: The name is derived from the surname of the name Joaquín Rodrigo Vidre, a Spanish composer whose most famous work, Concierto de Aranjuez, refers to the geographical area from which the species hails	Aphodius rodrigoi	Angus, Maté, Angus & Král, 2024	2024	Angus_2024	FALSE	Animalia	Arthropoda	Insecta	Coleoptera	Scarabaeidae	https://doi.org/10.3897/zookeys.1207.117225
1658			accepted	species	Ray Bradbury	Apsilocera bradburyi	Tselikh, Lee & Ku, 2024	2024	Tselikh_2024	FALSE	Animalia	Arthropoda	Insecta	Hymenoptera	Pteromalidae	https://doi.org/10.3897/zookeys.1215.128603
1659			accepted	species	Jimmy Carter	Arianops carteri	Carlton, 2008	2008	Carlton_2008	FALSE	Animalia	Arthropoda	Insecta	Coleoptera	Staphylinidae	https://doi.org/10.1649/1082.1
1660			accepted	species	Charles Aznavour: In memory of Charles Aznavour (1924-2018), full name Charles Aznavourian, a famous French-Armenian singer and songwriter	Armenohyrax aznavouriani	Becker, Lefebvre, Saulnier Masson & Vasilyan, 2026	2026	Becker_2026	TRUE						https://doi.org/10.3897/sjp.145.181371
1661			accepted	species	Margaret Vinci Heldt: named after Margaret Vinci Heldt, the creator of the beehive hairstyle that was popular during the 1960s and famously Marge Simpson's choice of hairstyle. This species resembles the beehive when observed through a dissection microscope	Aspergillus heldtiae	Visagie		Visagie_2020	FALSE	Fungi	Ascomycota	Eurotiomycetes	Eurotiales	Aspergillaceae	https://doi.org/10.1016/j.simyco.2020.02.003
1662			accepted	species	John F. Kennedy	Astyanax kennedyi	Géry, 1964	1964		FALSE	Animalia	Chordata	Teleostei	Characiformes	Acestrorhamphidae	
1663			accepted	species	Nelson Mandela	Aulospongus mandela	Cavalcanti, Santos & Pinheiro, 2014	2014	CAVALCANTI_2014	FALSE	Animalia	Porifera	Demospongiae	Axinellida	Raspailiidae	https://doi.org/10.11646/zootaxa.3827.2.9
1664			accepted	species	Nelson Mandela: dedicated to Nelson Rolihlahla Mandela on the occasion of his 94th birthday on 18 July 2012	Australopicus nelsonmandelai	Manegold & Louchart, 2012	2012	Manegold_2012	TRUE						https://doi.org/10.1080/02724634.2012.664597
1665			accepted	species	Pablo Neruda: The species is dedicated to Pablo Neruda (1904–1973), the renowned Chilean poet, awarded with the Nobel Prize of literature in 1971, who was also a keen collector of shells. The poet's grave and one of his houses, 'Isla Negra', now a museum, are located at the seashore of El Quisco nearby the collection site of the new species	Austrogena nerudai	Krylova, Sellanes, Valdés & D'Elía, 2014	2014	Krylova_2014	FALSE	Animalia	Mollusca	Bivalvia	Venerida	Vesicomyidae	https://doi.org/10.1080/14772000.2014.900133
1666			accepted	species	César Lattes: Dedicated to the Brazilian physicist Cesare Mansueto Giulio Lattes, who was born in Curitiba, Paraná state in 1924 and died in 2005. César Lattes was one of the most distinguished and honored Brazilian physicists, and his work was fundamental for the development of atomic physics. He was one of the discoverers of the Pion (pi meson), a subatomic particle, and one of the main personalities behind the creation of Conselho Nacional de Desenvolvimento Científico e Tecnológico (CNPq) and Centro Brasileiro de Pesquisas Físicas (CBPF)	Austrotinodes lattesi	Dumas, de Souza & Rocha, 2017	2017	Dumas_2017	FALSE	Animalia	Arthropoda	Insecta	Trichoptera	Ecnomidae	https://doi.org/10.5852/ejt.2017.297
1667			accepted	species	Pier Paolo Pasolini	Ayacucho pasolinii	Benedetti & Pinto-da-Rocha, 2022	2022	Benedetti_2022	FALSE	Animalia	Arthropoda	Arachnida	Opiliones	Metasarcidae	https://doi.org/10.3897/asp.80.e73829
1668			accepted	species	Joy Adamson	Azygophleps adamsonae	Yakovlev & László, 2020	2020	Yakovlev_2020	FALSE	Animalia	Arthropoda	Insecta	Lepidoptera	Cossidae	https://doi.org/10.15298/rusentj.29.3.08
1669			accepted	species	John Glenn: named after John Glenn, a NASA astronaut who was the first American to orbit the Earth	Bacillus glennii	Seuylemezian et al., 2020	2020	Seuylemezian_2020	FALSE	Bacillati	Bacillota	Bacilli	Caryophanales	Bacillaceae	https://doi.org/10.1099/ijsem.0.003714
1670			accepted	genus	Mohammad Ebrahim Bastani Parizi: honouring the late emeritus professor of the University of Tehran Dr Mohammad Ebrahim Bastani Parizi (1924–2014), who was an Iranian historian, translator, poet, essayist and author of non-fiction books. His numerous publications are mostly popular reads on the history of Iran and the history of his hometown, Kerman	Bastanius	Mirshamsi, Zamani & Marusik, 2016	2016	Mirshamsi_2015	FALSE	Animalia	Arthropoda	Arachnida	Araneae	Hersiliidae	https://doi.org/10.1080/00222933.2015.1113318
1671			accepted	species	Nelson Mandela: We respectfully dedicate this rare gem to "Madiba" Nelson Mandela, for the enlightenment he brought to South Africa and the remainder of the World. Enkosi uhambe kakuhle Tata Madiba [Thank you and go well Tata Madiba]	Belesica madiba	Rousse & Van Noort, 2014	2014	ROUSSE_2014a	FALSE	Animalia	Arthropoda	Insecta	Hymenoptera	Ichneumonidae	https://doi.org/10.11646/zootaxa.3795.2.5
1672			accepted	species	George Keyt: Named for George Keyt (1901–1993), one of the most outstanding Sri Lankan painters. The eternal theme of devine [sic] and human love is the thread that runs unbroken throughout his prolific artistic career	Belisana keyti	Huber, 2005	2005		FALSE	Animalia	Arthropoda	Arachnida	Araneae	Pholcidae	
1673			accepted	species	Jacques Cousteau	Bohadschia cousteaui	Cherbonnier, 1954	1954		FALSE	Animalia	Echinodermata	Holothuroidea	Holothuriida	Holothuriidae	
1674			accepted	species	Bent Fabric: named in honour of the Danish musician Bent Fabricius-Bjerre, internationally known as Bent Fabric, in recognition of his career as a pianist and composer	Cacomorphocerus bentifabrici	Fanti & Damgaard, 2018	2018		TRUE	Animalia	Arthropoda	Insecta	Coleoptera	Cantharidae	
1675			accepted	species	César Manrique: dedicated to César Manrique (1919–1992), the famous artist, sculptor, architect, but above all nature conservationist on the Canary Island of Lanzarote. He has characterised the present appearance of this volcanic island with its unique fauna and flora	Calacalles manriquei	Stüben, 2018	2018		FALSE	Animalia	Arthropoda	Insecta	Coleoptera	Curculionidae	
1676			accepted	species	Juan Manuel Fangio	Calathotarsus fangioi	Ferretti, Soresi, González & Arnedo, 2019	2019	Ferretti_2019a	FALSE	Animalia	Arthropoda	Arachnida	Araneae	Migidae	https://doi.org/10.1080/14772000.2019.1643423
1677			accepted	species	Prince Bernhard of Lippe-Biesterfeld	Callicebus bernhardi	van Roosmalen et al., 2002	2002	Van_Roosmalen_2002	FALSE	Animalia	Chordata	Mammalia	Primates	Pitheciidae	https://doi.org/10.62015/np.2002.v10.503
1678			accepted	species	Jacques Cousteau: The species is dedicated to the famous explorer and oceanographer, the Commander Academician Jacques Yves Cousteau as a hommage paid to his 80-th anniversary	Campylaspis cousteaui	Petrescu, 1990	1990		FALSE	Animalia	Arthropoda	Malacostraca	Cumacea	Nannastacidae	
1679			accepted	species	Mohammad-Hossein Shahriar	Candelabrella shahriari	Mekht.		Mekhtieva_1997	FALSE	Fungi	Ascomycota	Orbiliomycetes	Orbiliales	Orbiliaceae	https://doi.org/10.1017/S0953756296002420
1680			accepted	species	Nelson Mandela: dedicated to Nelson Mandela, also known by his clan name Madiba, a South African hero and Nobel Peace Prize holder, who passed away on 5 December 2013 at the age of 95	Capederces madibai	Maquart & Van Noort, 2017	2017	MAQUART_2017	FALSE	Animalia	Arthropoda	Insecta	Coleoptera	Cerambycidae	https://doi.org/10.11646/zootaxa.4244.4.8
1681			accepted	species	Carybé	Carapoia carybei	Huber, 2016	2016	HUBER_2016	FALSE	Animalia	Arthropoda	Arachnida	Araneae	Pholcidae	https://doi.org/10.11646/zootaxa.4177.1.1
1682			accepted	species	Nelson Mandela: Named in memory Nelson Rolihlahla Mandela (18 July 1918–5 December 2013), who was nicknamed Madiba by his people, former South African president and anti-apartheid revolutionary, often also described as "father of the nation"	Carebara madibai	Fischer & Azorsa, 2014	2014	Fischer_2014	FALSE	Animalia	Arthropoda	Insecta	Hymenoptera	Formicidae	https://doi.org/10.3897/zookeys.438.7922
1683			accepted	species	Dedan Kimathi: is named in honour of Dedan Kimathi (1920–1957), the leader of the Kenyan independence movement KLFA. He fought against British colonialists and was executed in 1957	Ceraphron kimathii	Salden & Peters, 2023	2023	Salden_2023	FALSE	Animalia	Arthropoda	Insecta	Hymenoptera	Ceraphronidae	https://doi.org/10.5852/ejt.2023.884.2181
1684			accepted	species	Mohammad-Hossein Shahriar: named in memory of Mohammad Hossein Shahriar, one of the most famous poets of Iran from Tabriz (1906–1988)	Charletonia shahriari	Saboori, Azimi & Shirdel, 2012	2012	saboori_azimi_shirdel_2026	FALSE	Animalia	Arthropoda	Arachnida	Trombidiformes	Erythraeidae	https://doi.org/10.22073/pja.v1i1.9929
1685			accepted	species	Alenush Terian: named in memory of Prof. Alenoush Terian (1920–2011), the mother of Iranian astronomy and first Iranian lady astronomer and physics professor. She was one of the founders of the solar observatory of the Institute of Geophysics at University of Tehran, where she also worked until her retirement in 1979	Charletonia terianae	Hakimitabar, Saboori & Seiedy, 2013	2013	HAKIMITABAR_2013	FALSE	Animalia	Arthropoda	Arachnida	Trombidiformes	Erythraeidae	https://doi.org/10.11158/saa.18.2.9
1686			accepted	species	David Rockefeller: This species is named in honor of Dr. David Rockefeller whose continued interest and support have enabled us to make large Mexican collections	Cicindela rockefelleri	Cazier, 1954	1954	ZARAGOZA_CABALLERO_2017	FALSE	Animalia	Arthropoda	Insecta	Coleoptera	Carabidae	https://doi.org/10.11646/zootaxa.4288.1.1
1687			accepted	species	Nelson Mandela: named in honor of Nelson Rolihlahla Mandela (1918–2013), the most powerful symbol of the fight against the segregationist regime of Apartheid	Cis mandelai	Souza-Gonçalves & Lopes-Andrade, 2017	2017	Souza_Gon_alves_2017	FALSE	Animalia	Arthropoda	Insecta	Coleoptera	Ciidae	https://doi.org/10.1111/ens.12265
1688			accepted	species	Sukarno	Clitenella sukarnoi	Mohamedsaid, 2001	2001		FALSE						
1689			accepted	species	Ramón Valdés	Clusia donramonii	J. E. Nascim & Bittrich		DO_NASCIMENTO_JR_2019	FALSE	Plantae	Tracheophyta	Magnoliopsida	Malpighiales	Clusiaceae	https://doi.org/10.11646/phytotaxa.400.3.6
1690			accepted	species	Afife Jale	Cobitis afifeae	Freyhof, Bayçelebi & Geiger, 2018	2018	FREYHOF_2018	FALSE	Animalia	Chordata	Teleostei	Cypriniformes	Cobitidae	https://doi.org/10.11646/zootaxa.4535.1.1
1691			accepted	species	Angelo Herndon	Coccophagus herndoni	Girault, 1935	1935		FALSE	Animalia	Arthropoda	Insecta	Hymenoptera	Aphelinidae	
1692			accepted	species	Eduardo Falú: In honor of Eduardo Falú (1923–2013), an Argentinian folk music composer and guitarist, strongly influenced by the folk traditions of Salta Province	Colbertia falui	Fernández et al., 2021	2021	Fern_ndez_2021	TRUE	Plantae	Tracheophyta	Magnoliopsida	Dilleniales	Dilleniaceae	https://doi.org/10.4202/app.00784.2020
1693			accepted	species	Oscar Niemeyer: Considering the characteristically curved wing veins of this species, we name it in honor of the Brazilian architect Oscar Niemeyer whose revolutionary work frequently has characteristic curved shapes	Coniceromyia niemeyeri	Ament, Kung & Brown, 2020	2020	AMENT_2020	FALSE	Animalia	Arthropoda	Insecta	Diptera	Phoridae	https://doi.org/10.11646/zootaxa.4830.1.1
1694			accepted	species	Vince Lombardi: Named in honor of Vincent Lombardi (1913–1970), former coach of the Green Bay Packers who led the team to victory in Super Bowl I and II	Conus lombardii	Hendricks, 2015	2015	Hendricks_2015	TRUE	Animalia	Mollusca	Gastropoda	Neogastropoda	Conidae	https://doi.org/10.1371/journal.pone.0120924
1695			accepted	species	Edmund Hillary: We name this new species in memory of Sir Edmund Hillary, the Patron of the New Zealand Native Forests Restoration Trust until his death in January 2008, and to honour the Trust's dedicated work from which forest-dwelling arthropods, such as fungus gnats, should benefit greatly	Cowanomyia hillaryi	Jaschhof & Jaschhof, 2009	2009	JASCHHOF_2009	FALSE	Animalia	Arthropoda	Insecta	Diptera	Mycetophilidae	https://doi.org/10.11646/zootaxa.2117.1.4
1696			accepted	species	Bear Bryant and his family: in honor of the Bryant family, whose commitment to education and ongoing support of the University of Alabama, the ALMNH [Alabama Museum of Natural History], and MSC [McWane Science Center, where the holotype is stored] have enhanced the reputations and missions of all three institutions	Cretalamna bryanti	Ebersole & Ehret, 2018	2018	Ebersole_2018	TRUE						https://doi.org/10.7717/peerj.4229
1697			accepted	species	Juan Rulfo: We are pleased to name this species after the Mexican writer Juan Rulfo, in recognition of his very important literary work	Culicoides rulfoi	Spinelli & Huerta, 2015	2015		FALSE	Animalia	Arthropoda	Insecta	Diptera	Ceratopogonidae	
1698			accepted	species	Mohammad-Hossein Shahriar: named in memory of "Mohammad Hossein Behjat Tabrizi, Shahriar" (1906–1988) who was a notable Iranian poet of Iranian Azerbaijani origin, who wrote in Azeri, Turkish and Persian	Cunaxoides shahriari	Bagheri, Paktinat-Saeij & Castro, 2016	2016	Bagheri_2026	FALSE	Animalia	Arthropoda	Arachnida	Trombidiformes	Cunaxidae	https://doi.org/10.22073/pja.v5i1.16976
1699			accepted	species	Willie Dixon	Cybaeina dixoni	Bennett, 2023	2023	BENNETT_2023	FALSE	Animalia	Arthropoda	Arachnida	Araneae	Cybaeidae	https://doi.org/10.11646/zootaxa.5318.1.5
1700			accepted	species	Johnny Wayne: The specific epithet is a patronym honouring the late Johnny Wayne. He provided an excellent solution to the minor problem of a name for this species when he died the day the original draft of this description was prepared (18 July 1990). A Canadian comedian, Johnny Wayne was a master of the double entendre. His often twisted sense of humour appealed to several generations of Canadians of all ages	Cybaeus waynei	Bennett, 2009	2009	Copley_2009	FALSE	Animalia	Arthropoda	Arachnida	Araneae	Cybaeidae	https://doi.org/10.1071/IS09001
1701			accepted	subspecies	Ai Siqi: The noun in apposition refers to Ai Siqi the pen name of Li Shengxuan (1910–1966), a Yunnan Mongol Chinese philosopher author of important works on Materialism and Philosophy for the Masses, born in Tengchong in Yunnan, where the Holotype specimen of the new subspecies was collected	Cyphochilus latus aisiqi	Sabatinelli, 2020	2020		FALSE	Animalia	Arthropoda	Insecta	Coleoptera	Scarabaeidae	
1702			accepted	species	Lê Đức Thọ: Lê Đức Thọ was a Vietnamese general, diplomat, politician, and awardee (but refused to accept) of the 1973 Nobel Peace Prize, for his efforts in negotiating between the U.S.A. and Vietnam, the country from where the new species of Cyphochilus is described	Cyphochilus leducthoi	Sabatinelli, 2020	2020	Sabatinelli_2020	FALSE	Animalia	Arthropoda	Insecta	Coleoptera	Scarabaeidae	https://doi.org/10.35929/RSZ.0014
1703			accepted	species	Wisława Szymborska: The species is named in honor of the late poet and Nobel Prize winner, Wislawa Szymborska, who also wrote about natural history, including that of Foraminifera, in her poems	Cyrea szymborska	Holzmann & Pawlowski, 2018	2018	Holzmann_2018	FALSE	Chromista	Foraminifera	Globothalamea	Textulariida		https://doi.org/10.2113/gsjfr.48.2.156
1704			accepted	species	Nadine Gordimer: dedicated to the late Nadine Gordimer, South African writer, civil right activist and recipient of the 1991 Nobel Prize in Literature	Dactylopodola nadine	Todaro, Perissinotto & Bownes, 2015	2015		FALSE	Animalia	Gastrotricha		Macrodasyida	Dactylopodolidae	
1705			accepted	species	Patrick O'Brian: This species is named after Patrick O'Brian (1914–2000), an author of a series of historical novels set in the early 19th century British Royal Navy. The dedication was arranged through a donation to Nature Discovery Fund of the Canadian Museum of Nature by The Gunroom of HMSSurprise.org, an internet group devoted to the publications of Mr. O'Brian. Many of his books tell of long sea voyages and there are often references to the weevils found in the ship's biscuit	Daisya obriani	Anderson, 2003	2003	Anderson_2003	FALSE						https://doi.org/10.1649/579
1706			accepted	genus	| Salvador Dalí: in recognition of the Spanish surrealist painter, Salvador Dalí, with reference to the irregular plating of the interradial areas	Dalicrinus	Cole et al., 2017	2017	Cole_2017	TRUE						https://doi.org/10.1017/jpa.2016.135
1707			accepted	species	Stan Lee: Stan Lee's fly [...] shares his characteristic sunglasses and white moustache". In the same paper, other species were named after Marvel Comics characters, such as "Thor's fly" Daptolestes bronteflavus (meaning "blond thunder"), "Loki's fly" Daptolestes illusiolautus (meaning "elegant deception"), "Black Widow's fly" Daptolestes feminategus (meaning "woman wearing leather"), and "Deadpool's fly" Humorolethalis sergius ("[The generic name] sounds like lethal humour and is derived from the Latin words humorosus, meaning wet or moist, and lethalis meaning dead	Daptolestes leei	Robinson, Li & Yeates, 2020	2020	Robinson_2020	FALSE	Animalia	Arthropoda	Insecta	Diptera	Asilidae	https://doi.org/10.1111/aen.12465
1708			accepted	species	Haywood Patterson: to Haywood Patterson, a persecuted negro of Alabama	Delisleia pattersoni	Girault, 1936	1936		FALSE	Animalia	Arthropoda	Insecta	Hymenoptera	Pteromalidae	
1709			accepted	species	Michael Manley	Dichogaster manleyi	James, 2004	2004	JAMES_2004	FALSE	Animalia	Annelida	Clitellata	Crassiclitellata	Benhamiidae	https://doi.org/10.1016/j.ode.2004.04.003
1710			accepted	species	Richard Feynman: The species name honors Richard P. Feynman, physicist, teacher, artist, musician, raconteur, and personal hero of the author, whose untimely death prevented him from realizing his ambition to visit Tannu Tuva, now the Tuva ASSR	Diplomaragna feynmani	Shear, 1990	1990		FALSE	Animalia	Arthropoda	Diplopoda		Diplomaragnidae	
1711			accepted	species	David Rockefeller	Diplotaxis rockefelleri	Vaurie & Cazier, 1955	1955		FALSE	Animalia	Arthropoda	Insecta	Coleoptera	Scarabaeidae	
1712			accepted	species	Jack Venman: in honour of Jack Venman (13 August 1911–29 December 1994), a farmer who, wanting to preserve the great biodiversity in the area, sold his 255 acres to the Queensland Government [sic; actually the Shire of Albert] in 1971 for $1	Dolomedes venmani	Raven & Hebron, 2018	2018	Raven_2018	FALSE	Animalia	Arthropoda	Arachnida	Araneae	Dolomedidae	https://doi.org/10.17082/j.2204-1478.60.2018.2017-06
1713			accepted	species	Violeta Parra: named in honour of Victoria [sic] Parra (4 October 1917, San Carlos – 5 February 1967, Santiago de Chile), Chilean composer and singer, on the 100th anniversary of her birth, author of the song "Gracias a la vida" ["Thanks to life"] that has so often been sung by those who saw their childhood dreams come true	Doris parrae	Ortea, 2017	2017		FALSE	Animalia	Mollusca	Gastropoda		Dorididae	
1714			accepted	species	Eduardo Kingman: The species name honors Eduardo Kingman (1913–1997). Kingman was a famous painter and muralist and was born in Loja [very close to the type locality]. Kingman was a founder of the Ecuadorian impressionism movement	Drosophila kingmani	Peñafiel-Vinueza & Rafael, 2018	2018	Pe_afiel_Vinueza_2018	FALSE	Animalia	Arthropoda	Insecta	Diptera	Drosophilidae	https://doi.org/10.26807/remcb.v39i2.649
1715			accepted	species	Mother Teresa: in honour of Saint Mother Teresa (Nobel Peace Prize winner 1979), who was the founder of the order of the Missionaries of Charity, a Roman Catholic congregation of women dedicated to helping the poor	Drosophila teresae	Pradhan & Sati, 2015	2015	Pradhan_2014	FALSE	Animalia	Arthropoda	Insecta	Diptera	Drosophilidae	https://doi.org/10.1007/s12595-014-0121-8
1716			accepted	species	Rosalind Franklin	Dusona franklinae	Kittel, 2016	2016		FALSE	Animalia	Arthropoda	Insecta	Hymenoptera	Ichneumonidae	
1717			accepted	species	Andrew Irvine	Dysanema irvinei	Uvarov, 1925	1925	Uvarov_1925	FALSE	Animalia	Arthropoda	Insecta	Orthoptera	Acrididae	https://doi.org/10.1080/00222932508633283
1718			accepted	species	Chavela Vargas: In honour of the unique ranchera singer Chavela Vargas, a native of Heredia, Costa Rica, and naturalized Mexican, like our colleague and friend Julio Magaña, organiser of the collection in Guanacaste, as a technician of INBio, an institution also based in Heredia. A name for the memory of a woman who lived to die and who, like Julio, travelled to a particular hell, from which Julio returned to see the end of INBio's Malacology Unit (2003) and the beginning of the Institution's decline	Elysia chavelavargas	Ortea, 2017	2017		FALSE	Animalia	Mollusca	Gastropoda		Plakobranchidae	
1719			accepted	species	César Manrique: in honour of César Manrique, illustrious son of Lanzarote, a pioneer in defending what is now known as sustainable development and an example of the struggle to preserve the harmony of the landscape as one of its elements	Elysia manriquei	Ortea & Moro, 2009	2009	Ortega_2009	FALSE	Animalia	Mollusca	Gastropoda		Plakobranchidae	https://doi.org/10.31939/vieraea.2009.37.08
1720			accepted	species	Nelson Mandela: named after South Africa's first democratically elected head of state, President Nelson Rolihlahla Mandela, who was from the Eastern Cape Province, where this species is endemic. The species is named in honour and recognition of his legacy and selfless contribution towards promotion of peace, democracy, human rights, equality, social justice and sustainable development	Enteromius mandelai	Kambikambi, Kadye & Chakona, 2021	2021	Kambikambi_2021	FALSE	Animalia	Chordata	Teleostei	Cypriniformes	Cyprinidae	https://doi.org/10.1111/jfb.14780
1721			accepted	species	Jimmy Carter: his environmental leadership and accomplishments in the areas of national energy policy and wilderness protection, and his lifelong commitment to social justice and basic human rights	Etheostoma jimmycarter	Layman & Mayden, 2012	2012		FALSE	Animalia	Chordata	Teleostei	Perciformes	Percidae	
1722			accepted	species	John Steinbeck: to give recognition to the author and philosopher John Steinbeck [...], the man who not only influenced the works of Edward "Doc" Ricketts, but was himself so greatly influenced by Doc that some have speculated that Steinbeck may have joined the ranks of our colleagues had it not been for Ricketts['s] untimely death. Together they wrote The Sea of Cortez and were near completion of The Outer Shores	Eubranchus steinbecki	Behrens, 1987	1987		FALSE	Animalia	Mollusca	Gastropoda	Nudibranchia	Eubranchidae	
1723			accepted	species	Luiz Gonzaga: This species honors Luiz Gonzaga (1912–1989), a Brazilian composer and musician popularly known as the "king of baião" (a folk rhythm from northeastern Brazil) born in the state of Pernambuco, region of all known specimens	Eurybia gonzaga	Dolibaina, Dias, Mielke & Casagrande, 2014	2014	Dolibaina_2014	FALSE						https://doi.org/10.1653/024.097.0328
1724			accepted	species	Mahlagha Mallah: named in honour of Mahlagha Mallah (1917–2021), an environmental activist who was referred to as the "Mother of Iran's Environment". She was the founder of the Women's Society Against Environmental Pollution based in Iran	Euryopis mallah	Zakerzade, Moradmand & Jäger, 2022	2022	Zakerzade_2022	FALSE	Animalia	Arthropoda	Arachnida	Araneae	Theridiidae	https://doi.org/10.13156/arac.2022.19.3.632
1725			accepted	species	José Saramago: Named in honor of José Saramago, for his contribution to literature. This late Portuguese writer, who had received the Nobel Prize in Literature 1998, was responsible for the spread of prose in Portuguese around the [world]	Euschistus saramagoi	Bianchi, Cioato & Grazia, 2015	2015	CIOATO_2015	FALSE						https://doi.org/10.11646/zootaxa.4048.4.7
1726			accepted	genus	Eva Perón	Evita	Capps, 1943	1943		FALSE	Animalia	Arthropoda	Insecta	Lepidoptera	Geometridae	
1727			accepted	genus	John Fante: fish	Fanteichthys	Carnevale, 2007	2007		TRUE						
1728			accepted	species	Frida Kahlo	Filistatinella kahloae	Magalhaes & Ramírez, 2017	2017	Magalhaes_2017	FALSE	Animalia	Arthropoda	Arachnida	Araneae	Filistatidae	https://doi.org/10.1071/IS16083
1729			accepted	species	Salvador Dalí: The name is dedicated to the prominent Spanish surrealist Salvador Dalí (1904–1989), whose peculiar moustache resembles the shape of the lateral terminal spines of the species	Fujuriphyes dalii	Cepeda, Sánchez & Pardos, 2019	2019	Cepeda_2019	FALSE	Animalia	Kinorhyncha	Allomalorhagida		Pycnophyidae	https://doi.org/10.1007/s12526-019-00963-x
1730			accepted	species	Ian Fleming: long time resident	Ganaspidium flemingi	Buffington, 2010	2010	Buffington_2010	FALSE						https://doi.org/10.3897/zookeys.37.311
1731			accepted	species	Nelson Mandela: named in honour of Nelson Mandela (1918–2013), the first fully representatively democratically elected president of South Africa (1994–1999). Mr Mandela was known affectionately as "Madiba"	Garjainia madiba	Gower et al., 2014	2014	Gower_2014	TRUE						https://doi.org/10.1371/journal.pone.0111154
1732			accepted	species	Leopold III of Belgium	Gehyra leopoldi	Brongersma, 1930	1930		FALSE	Animalia	Chordata	Reptilia	Squamata	Gekkonidae	
1733			accepted	species	Heinrich Harrer: This new species is cordially dedicated to Professor H. Harrer from Kitzbühel, in gratitude for his help during ichthyological missions, among others in Surinam and French Guiana where this species was collected	Geophagus harreri	Gosse, 1976	1976		FALSE	Animalia	Chordata	Teleostei	Cichliformes	Cichlidae	
1734			accepted	species	Jacques Cousteau: Named in honour of Commander Jacques-Yves Cousteau, pioneer explorer of the marine environment, to whom we owe the perpetual opening of the frontier between sea and land. [...] [W]e baptise this species in homage to the man who [...] almost 50 years ago, started the Precontinente III experiment, where six oceananauts lived together for 30 days at a depth of 100 m	Gibbacousteau jacquesi	Espinosa & Ortea, 2013	2013		FALSE	Animalia	Mollusca	Gastropoda	Neogastropoda	Marginellidae	
1735			accepted	species	Alicia de Larrocha: Named in honour of pianist Alicia de Larrocha (Barcelona, Spain, 1923–2009), winner of the 1994 Prince of Asturias Award for the Arts, renowned for her masterly interpretations of works by Spanish composers such as Manuel de Falla, Isaac Albéniz and Enrique Granados	Gibberula delarrochae	Ortea, 2015	2015		FALSE	Animalia	Mollusca	Gastropoda	Neogastropoda	Cystiscidae	
1736			accepted	species	Doris Lessing: Named in honour of British writer Doris Lessing (Kermanshah, Iran 1919 – London, 2013), winner of the 2001 Prince of Asturias Award for Literature; author of works such as the Children of Violence series and The Golden Notebook, considered the Bible of feminism, she was awarded the Nobel Prize for Literature in 2007	Gibberula lessingae	Ortea, 2015	2015		FALSE	Animalia	Mollusca	Gastropoda	Neogastropoda	Cystiscidae	
1737			accepted	species	María Zambrano: Named in honour of philosopher María Zambrano (Vélez-Málaga, Spain, 1904–1991), exile and neighbour of Calzada, Havana, between 1948 and 1953 [where the zoologist who named this species had established his base of operations], winner of the 1981 Prince of Asturias Award for Communication and Humanities, author of works such as Claros del bosque or De la aurora, where her philosophical proposal takes on a mystical air	Gibberula zambranoae	Ortea, 2015	2015		FALSE	Animalia	Mollusca	Gastropoda	Neogastropoda	Cystiscidae	
1738			accepted	subspecies	Errol Flynn	Gibbonsia elegans erroli	Hubbs, 1952	1952	Wright_2024	FALSE	Animalia	Chordata	Teleostei	Blenniiformes	Clinidae	https://doi.org/10.1643/i2023043
1739			accepted	species	Nora Eddington	Gibbonsia norae	Hubbs, 1952	1952	Stepien_1991	FALSE	Animalia	Chordata	Teleostei	Blenniiformes	Clinidae	https://doi.org/10.2307/1446084
1740			accepted	species	Sheikh Mujibur Rahman	Glycera sheikhmujibi	Hossain & Hutchings, 2020	2020	Hossain_2020	FALSE	Animalia	Annelida	Polychaeta	Phyllodocida	Glyceridae	https://doi.org/10.3390/d12060213
1741			accepted	species	Ramon Magsaysay	Glyptotermes magsaysayi	Snyder, 1958	1958		FALSE	Animalia	Arthropoda	Insecta		Kalotermitidae	
1742			accepted	species	Jorge Amado: in honour of the famous Brazilian writer, Jorge Leal Amado de Faria, known as Jorge Amado [...]. Jorge Amado was born in Itabuna, Bahia, Brazil, and occupied a chair of the Brazilian Academy of Letters from 1961 to 2001. He wrote more than 30 books, being best known worldwide by his notable books, Gabriela, cravo e canela [English title: Gabriela, Clove and Cinnamon], Capitães de Areia [Captains of the Sands] and Tieta. Furthermore, Jorge Amado also made a great contribution to cultural and social development through the establishment of the 'House of Jorge Amado Foundation' in Salvador, Bahia	Godartiana amadoi	Paluch, Zacca & Freitas, 2016	2016	Zacca_2016	FALSE	Animalia	Arthropoda	Insecta	Lepidoptera	Nymphalidae	https://doi.org/10.1111/aen.12223
1743			accepted	species	Julius Nyerere	Haplochromis nyererei	Witte-Maas & Witte, 1985	1985		FALSE	Animalia	Chordata	Teleostei	Cichliformes	Cichlidae	
1744			accepted	genus	Ray Harryhausen: Named for the great dynamator of fantasy film, Ray Harryhausen, in recognition of his long career during which he brought the imaginary to life on the screen	Harryhausenia	Boyko, 2004	2004	Boyko_2004	TRUE						https://doi.org/10.1111/j.0031-0239.2004.00391.x
1745			accepted	species	Dmitri Shostakovich: Dmitri Shostakovich (1906–1975) is one of the favourite composers of the first author	Hemistomia shostakovichi	Haase & Bouchet, 1998	1998	Haase_1998	FALSE	Animalia	Mollusca	Gastropoda	Littorinimorpha	Tateidae	https://doi.org/10.1023/A:1003219931171
1746			accepted	species	Moshe Dayan	Heteronychia dayani	Lehrer, 1996	1996	WHITMORE_2011	FALSE	Animalia	Arthropoda	Insecta	Diptera	Sarcophagidae	https://doi.org/10.11646/zootaxa.2778.1.1
1747			accepted	species	Ronald Reagan	Heterospilus reagani	Marsh, 2013	2013	Marsh_2013	FALSE	Animalia	Arthropoda	Insecta	Hymenoptera	Braconidae	https://doi.org/10.3897/zookeys.347.6002
1748			accepted	species	Paul Erdős: The specific epithet is an eponym in honour of the legendary Hungarian mathematician Paul Erdős (1913–1996) who published over 1500 papers, making him the most prolific mathematical researcher who ever lived. Erdős was famous for his love of collaboration and worked with quite literally hundreds of coauthors, spurning the invention of the Erdős number, which charts mathematical collaboration. Equally famous was his lifelong nomadic travel between institutions, the high quality of his research, his affection for colleagues, and his endearing eccentricities. The dedication Erdős gave to his field of mathematics is a constant inspiration and example to the author DS in her field of arachnology	Heterothele erdosi	Sherwood & Gallon, 2025	2025	Sherwood_2025	FALSE	Animalia	Arthropoda	Arachnida	Araneae	Theraphosidae	https://doi.org/10.24394/NatSom.2025.45.51
1749			accepted	species	Edmund Hillary: Named for Sir Edmund P. Hillary [...], who died in early 2008, exactly when the description of this species was compiled. In 1953, Sir Edmund Hillary and Tenzing Norgay became the first climbers to reach the summit of Mount Everest. Hillary devoted much of his life to helping the Sherpa people of Nepal by founding the "Himalayan Trust". Through his efforts, schools and small hospitals were built in remote regions of Nepal. Furthermore, Hillary was Honorary President of "Mountain Wilderness", a world-wide organization for preservation of mountain environment. Hydraena hillaryi lives near the foot of Mount Everest	Hydraena hillaryi	Skale & Jäch, 2009	2009		FALSE	Animalia	Arthropoda	Insecta	Coleoptera	Hydraenidae	
1750			accepted	species	Nelson Mandela	Hydraena nelsonmandelai	Makhan, 2008	2008	DrDewanandMakhan_2008	FALSE	Animalia	Arthropoda	Insecta	Coleoptera	Hydraenidae	https://doi.org/10.13140/RG.2.2.20079.64161
1751			accepted	species	Florestan Fernandes: named in honor of the sociologist Florestan Fernandes, who published many texts opposing the Brazilian Military Government and coordinated the "Escola Paulista de Sociologia" from 1964 to 1969	Hydroptila florestani	Souza, Santos & Takiya, 2014	2014	Souza_2014	FALSE	Animalia	Arthropoda	Insecta	Trichoptera	Hydroptilidae	https://doi.org/10.1590/S1984-46702014000600010
1752			accepted	species	Carlos Marighella: named in honor of Carlos Marighella, founder of the "Ação Libertadora Nacional", an movement of opposition to the Brazilian Military Government (1964–1985)	Hydroptila marighellai	Souza, Santos & Takiya, 2014	2014	Souza_2014	FALSE	Animalia	Arthropoda	Insecta	Trichoptera	Hydroptilidae	https://doi.org/10.1590/S1984-46702014000600010
1753			accepted	species	Clarice Lispector: named after Clarice Lispector (1920–1977), born Chaya Pinkhasovna Lispector, a Ukrainian-Brazilian novelist, poetess, and short story writer— "Liberdade é pouco. O que eu desejo ainda não tem nome"	Hylomyrma lispectorae	Ulysséa, 2021	2021	ULYSS_A_2021	FALSE	Animalia	Arthropoda	Insecta	Hymenoptera	Formicidae	https://doi.org/10.11646/zootaxa.5055.1.1
1754			accepted	species	Maria Goeppert Mayer	Ichneumon goeppertae	Kittel, 2016	2016		FALSE	Animalia	Arthropoda	Insecta	Hymenoptera	Ichneumonidae	
1755			accepted	species	Dorothy Hodgkin	Ichneumon hodgkinae	Kittel, 2016	2016		FALSE	Animalia	Arthropoda	Insecta	Hymenoptera	Ichneumonidae	
1756			accepted	species	Dorothy Vaughan	Ichneumon vaughanae	Kittel, 2016	2016		FALSE	Animalia	Arthropoda	Insecta	Hymenoptera	Ichneumonidae	
1757			accepted	species	Rosalyn Yalow	Ichneumon yalowae	Kittel, 2016	2016		FALSE	Animalia	Arthropoda	Insecta	Hymenoptera	Ichneumonidae	
1758			accepted	species	V. S. Achuthanandan: named in honor of Mr. V.S. Achudanandan, former Chief Minister of the state of Kerala for his ardent efforts in conservation of the pristine environment of Western Ghats, especially Mathikettan Shola	Impatiens achudanandanii	V.S.A. Kumar, M.G. Govind & Sindhu Arya		Arya_2021	FALSE	Plantae	Tracheophyta	Magnoliopsida	Ericales	Balsaminaceae	https://doi.org/10.3897/phytokeys.180.66748
1759			accepted	species	Sebastião da Gama: Named after Sebastião da Gama, poet and ecologist who dedicated his life to promote and preserve the mountain range harbouring this species	Inocybe dagamae	Fachada, Beja-Pereira & Vila-Viçosa, 2023	2023	Crous_2023	FALSE	Fungi	Basidiomycota	Agaricomycetes	Agaricales	Inocybaceae	https://doi.org/10.3767/persoonia.2023.51.08
1760			accepted	species	Frida Kahlo: honors the Mexican artist Frida Kahlo (1907–1954), one of the most influential Latin American artists of the 20th century. Frida Kahlo, besides being a painter, participated in many cultural, academic and political activities and was a social activist. Kahlo revived the roots of Mexican popular art and became a cultural reference point for the people of Mexico and its national identity	Ipomoea kahloae	Gonz.-Martínez, Lozada-Pérez & Rios-Carr.		GONZ_LEZ_MART_NEZ_2018	FALSE	Plantae	Tracheophyta	Magnoliopsida	Solanales	Convolvulaceae	https://doi.org/10.11646/phytotaxa.356.1.4
1761			accepted	species	Fred Hoyle: named after Sir Fred Hoyle, the famous English astronomer	Janibacter hoylei	Shivaji et al., 2009	2009	Shivaji_2009	FALSE	Bacillati	Actinomycetota	Actinomycetes	Micrococcales	Intrasporangiaceae	https://doi.org/10.1099/ijs.0.002527-0
1762			accepted	species	Erik Balling	Juratelacrima ballingi	Fanti & Damgaard, 2018	2018		TRUE						
1763			accepted	species	György Faludy	Kahlerosphaera faludyi	Kozur, Moix & Ozsvárt, 2007	2007		TRUE						
1764			accepted	species	Ferenc Karinthy	Kahlerosphaera karinthyi	Kozur, Moix & Ozsvárt, 2007	2007		TRUE						
1765			accepted	species	Arthur Koestler	Kahlerosphaera koestleri	Kozur, Moix & Ozsvárt, 2007	2007		TRUE						
1766			accepted	species	Jenő Rejtő	Kahlerosphaera rejtoei	Kozur, Moix & Ozsvárt, 2007	2007		TRUE						
1767			accepted	species	Antal Szerb	Kahlerosphaera szerbi	Kozur, Moix & Ozsvárt, 2007	2007		TRUE						
1768			accepted	species	Kurt Vonnegut	Kahlerosphaera vonneguti	Kozur, Moix & Ozsvárt, 2007	2007		TRUE						
1769			accepted	species	Nelson Mandela: named in honor of the late Mr Nelson Mandela, former president of South Africa. He wrote about the Free State (in which Golden Gate is situated) in his autobiography, Long Walk to Freedom, the following: "The province of the Orange Free State has always had a magical effect on me....the Free State's landscape gladdens my heart no matter what my mood. When I am there, I feel that nothing can shut me in, that my thoughts can roam as far and wide as the horizons" (Mandela 1994)	Kokoppia mandelai	Hugo-Coetzee, 2014	2014	HUGO_COETZEE_2014	FALSE	Animalia	Arthropoda	Arachnida	Sarcoptiformes	Oppiidae	https://doi.org/10.11646/zootaxa.3884.6.2
1770			accepted	species	Robert Mondavi and Margrit Mondavi: named in honor of the late Robert and Margrit Mondavi, honoring their tremendous impact on the CA wine industry and their generous and forward-thinking support of facilities and programs at the University of California Davis [where the strain was identified]	Komagataella mondaviorum	Naumov, Naumova & Boundy-Mills, 2018	2018	Naumov_2018	FALSE	Fungi	Ascomycota	Saccharomycetes	Saccharomycetales	Saccharomycetaceae	https://doi.org/10.1007/s10482-018-1028-6
1771			accepted	species	Hugo Pesce: honors the memory and heritage of Hugo Pesce Pescetto (1900–1969), Peruvian physician, politician, writer, and "hero of public health in Peru" [...], who occupied a position of professor at the Universidad Nacional Mayor de San Marcos, Lima	Koristocetus pescei	Collareta et al., 2017	2017	Collareta_2017	TRUE						https://doi.org/10.5194/fr-20-259-2017
1772			accepted	species	Pablo Neruda: In honor of Pablo Neruda (1904–1973), an eminent Chilean poet, diplomat, and politician whose poetry often ex-pressed his love of the sea	Krithe nerudai	Bergue, Coimbra & Finger, 2019	2019		TRUE	Animalia	Arthropoda	Ostracoda	Podocopida	Krithidae	
1773			accepted	species	Nelson Mandela: in honour of Nelson Mandela (1918–2013), famous anti-apartheid activist, Nobel Peace Prize laureate (1993, together with Frederik Willem de Klerk) and former president of South Africa (1994–1999)	Lagenopolycystis mandelai	Willems & Artois, 2017	2017	WILLEMS_2017	FALSE	Animalia	Platyhelminthes		Rhabdocoela	Polycystididae	https://doi.org/10.11646/zootaxa.4242.3.2
1774			accepted	species	John Steinbeck	Lampanyctus steinbecki	Bolin, 1939	1939		FALSE	Animalia	Chordata	Teleostei	Myctophiformes	Myctophidae	
1775			accepted	species	Jorge Amado: This species is named in memory of Jorge Amado, one of the most famous Brazilian writers, born near the type locality of this species	Lasioseius jorgeamadoi	Santos & Argolo, 2018	2018	Argolo_2018	FALSE	Animalia	Arthropoda	Arachnida	Mesostigmata	Blattisociidae	https://doi.org/10.11158/saa.23.8.7
1776			accepted	species	Lester Young: I dedicate this species to the jazz tenor saxophonist Lester Young, master of musical poetry	Leistus lesteri	Allegro, 2007	2007		FALSE	Animalia	Arthropoda	Insecta	Coleoptera	Carabidae	
1777			accepted	species	Villas-Bôas brothers: Named in honor of Orlando, Cláudio and Leonardo Villas-Bôas, in recognition of their pioneering efforts to conserve and protect the rio Xingu's marvelous biodiversity, of which Leporinus villasboasorum forms part	Leporinus villasboasorum	Burns et al., 2017	2017	Burns_2017	FALSE	Animalia	Chordata	Teleostei	Characiformes	Anostomidae	https://doi.org/10.1590/1982-0224-20160166
1778			accepted	species	Nelson Mandela: in honor of Nelson Rolihlahla Mandela, first president of the democratic, post-apartheid South Africa	Lepthercus mandelai	Ríos-Tamayo & Lyle, 2020	2020	R_OS_TAMAYO_2020	FALSE	Animalia	Arthropoda	Arachnida	Araneae	Entypesidae	https://doi.org/10.11646/zootaxa.4766.2.2
1779			accepted	species	Nelson Mandela: named in honour of former South African President Nelson R. Mandela, in recognition of his role in ending apartheid in South Africa and for his advocacy of peace, reconciliation and social justice	Leptomorphus mandelai	Borkent & Wheeler, 2012	2012	BORKENT_2012	FALSE	Animalia	Arthropoda	Insecta	Diptera	Mycetophilidae	https://doi.org/10.11646/zootaxa.3549.1.1
1780			accepted	species	Parvin E'tesami: named in memory of Parvin Etesami, also known as Rakhshandeh Etesami, an Iranian 20th-century Persian poet who is famous mainly for her debate (monazara) in her Diwan (book of poetry)	Leptus etesamiae	Kiany, Seiedy & Hakimitabar, 2024	2024	Kiany_2024	FALSE	Animalia	Arthropoda	Arachnida	Trombidiformes	Erythraeidae	https://doi.org/10.1080/01647954.2024.2316938
1781			accepted	species	Jorge Basadre: We dedicate this species to Jorge Basadre Grohmann (1903–1980), a distinguished Peruvian historian and native of Tacna who wrote important works on the culture and history of Peru. Currently the National University of Tacna bears his name, as does one of the regional provinces of southern Peru	Liolaemus basadrei	Valladares-Faúndez et al., 2021	2021		FALSE	Animalia	Chordata	Reptilia	Squamata	Liolaemidae	
1782			accepted	species	Aung San: named in honour of the late great patriot U Aung San, father of Myanmar independence	Lucanus aungsani	Zilioli, 2000	2000		FALSE	Animalia	Arthropoda	Insecta	Coleoptera	Lucanidae	
1783			accepted	genus	Paddy Roe: name honors the late Paddy Roe , who also went by the name Lulu. Roe was a Nyikina and Goolarabooloo Elder, and former Traditional Custodian and Maja (Law Boss) for Jabirrjabirr, Ngumbarl, and Djugun countries, the Northern and the Southern tradition of the Song Cycle, and the dinosaurian tracks of the Broome Sandstone	Luluichnus	Salisbury et al., 2017	2017	Salisbury_2016	TRUE						https://doi.org/10.1080/02724634.2016.1269539
1784			accepted	species	Michelangelo Antonioni	Lumieria antonionii	Benedetti & Pinto-da-Rocha, 2022	2022		FALSE	Animalia	Arthropoda	Arachnida	Opiliones	Metasarcidae	
1785			accepted	species	Mark Rothko: Named in honour of the painter Mark Rothko (1903–1970), whose painting Saffron (1957) is somewhat reminiscent of the colouration and distribution of dark and light areas in the head of the holotype. He is also one of the first author's favourite painters	Lunaceps rothkoi	Gustafsson & Olsson, 2012	2012	GUSTAFSSON_2012	FALSE	Animalia	Arthropoda	Insecta	Psocodea	Philopteridae	https://doi.org/10.11646/zootaxa.3377.1.1
1786			accepted	species	Frida Kahlo: This species is named after the Mexican artist Frida Kahlo de Rivera († 1954) whose unmistakable character were her striking eyebrows, which she included in many of her self-portraits. The species is reminiscent of her because of the strongly granulated cuticle above the second pair of eyes, which resemble 'eyebrows'	Mahajanganella fridakahloae	Lorenz, Loria, Harvey & Harms, 2022	2022	Lorenz_2022	FALSE						https://doi.org/10.3897/asp.80.e90570
1787			accepted	species	William Saroyan: dedicated to William Saroyan, a North American writer of Armenian origin, whose stories of great humanity captivated the author and continue to do so today	Maisorthina saroyani	García-Alcalde, 2015	2015	Garc_a_Alcalde_2017	TRUE						https://doi.org/10.17811/tdg.35.2015.41-99
1788			accepted	genus	Nelson Mandela	Mandelara	Malzacher & Staniczek, 2016	2016	Malzacher_2016	FALSE						https://doi.org/10.18476/sbna.v9.a4
1789			accepted	genus	Nelson Mandela: This South African genus is named Mandelia to honor Nelson Mandela, who led the struggle for a multiracial government in South Africa	Mandelia	Valdés & Gosliner, 1999	1999	Vald_s_1999	FALSE	Animalia	Mollusca	Gastropoda		Mandeliidae	https://doi.org/10.1046/j.1463-6409.1999.00014.x
1790			accepted	species	Dizzy Dean: Since this spider's livelihood depends on throwing a ball fast and accurately, it seems appropriate to name it in honor of one of the greatest baseball pitchers of all time, Jerome "Dizzy" Dean	Mastophora dizzydeani	Eberhard, 1981	1981	Eberhard_1980	FALSE	Animalia	Arthropoda	Arachnida	Araneae	Araneidae	https://doi.org/10.1155/1980/81062
1791			accepted	species	Gene Roddenberry: in honour of Gene Roddenberry (1921–1991), creator and producer of the famous U.S. science fiction tv-series Star Trek. The mission of its starship Enterprise "... to explore strange new worlds, to seek out new life ..., to boldly go where no one has gone before" applies – as much as to space – to biospeleology. Gene Roddenberry was fascinated by the exploration of the unknown, and we are sure he would be delighted about the discovery of the new life form described here	Meenoplus roddenberryi	Hoch & Naranjo, 2012	2012		FALSE	Animalia	Arthropoda	Insecta	Hemiptera	Meenoplidae	
1792			accepted	species	Angelo Herndon	Megastigmus herndoni	Girault, 1935	1935		FALSE	Animalia	Arthropoda	Insecta	Hymenoptera	Megastigmidae	
1793			accepted	species	Atahualpa Yupanqui	Melloleitaoina yupanqui	Perafán & Pérez-Miles, 2014	2014	Peraf_n_2014	FALSE						https://doi.org/10.3897/zookeys.404.6243
1794			accepted	species	Philibert Tsiranana: dedicated to Mr. Tsiranana, President of the Malagasy Republic, to thank him for all that Malagasy Geology owes him, in which he continues to take an interest in its research and its multiple applications	Menabites tsirananai	Collignon, 1969	1969		TRUE	Animalia	Mollusca	Cephalopoda	Ammonoidea	Collignoniceratidae	
1795			accepted	species	Jorge Amado: Named for Jorge Amado (1912–2001), Brazilian writer, author of Gabriela, Cravo e Canela	Mesabolivar amadoi	Huber, 2018	2018	HUBER_2018a	FALSE	Animalia	Arthropoda	Arachnida	Araneae	Pholcidae	https://doi.org/10.11646/zootaxa.4395.1.1
1796			accepted	species	Clarice Lispector: Named for Clarice Lispector (1920–1977), Brazilian writer, daughter of Russian-Jewish immigrants, author of Perto do coração selvagem	Mesabolivar claricae	Huber, 2018	2018	HUBER_2018a	FALSE	Animalia	Arthropoda	Arachnida	Araneae	Pholcidae	https://doi.org/10.11646/zootaxa.4395.1.1
1797			accepted	species	Gertrude B. Elion	Mesochorus elionae	Kittel, 2016	2016		FALSE	Animalia	Arthropoda	Insecta	Hymenoptera	Ichneumonidae	
1798			accepted	species	Rita Levi-Montalcini	Mesochorus leviae	Kittel, 2016	2016		FALSE	Animalia	Arthropoda	Insecta	Hymenoptera	Ichneumonidae	
1799			accepted	species	Ingmar Bergman	Metasarcus bergmani	Benedetti & Pinto-da-Rocha, 2022	2022		FALSE	Animalia	Arthropoda	Arachnida	Opiliones	Metasarcidae	
1800			accepted	species	Federico Fellini	Metasarcus fellinii	Benedetti & Pinto-da-Rocha, 2022	2022		FALSE	Animalia	Arthropoda	Arachnida	Opiliones	Metasarcidae	
1801			accepted	species	Akira Kurosawa	Metasarcus kurosawai	Benedetti & Pinto-da-Rocha, 2022	2022		FALSE	Animalia	Arthropoda	Arachnida	Opiliones	Metasarcidae	
1802			accepted	species	Yang Kaihui: Named after Kaihui Yang, a Chinese heroine; Kaihui is also the name of the town where holotype was collected	Micromelanconis kaihuiae	C.M. Tian & N. Jiang (2021)	2021	Jiang_2021	FALSE	Fungi	Ascomycota	Sordariomycetes	Diaporthales	Pseudomelanconidaceae	https://doi.org/10.3897/mycokeys.79.65221
1803			accepted	species	Nelson Mandela: Xhoza clan name (sometimes used to refer to elder men of the clan). Named after the great South African president Nelson Rholihlala Mandela who spent 28 years on the type locality, Robben Island, owing to the injustices of Apartheid	Microporella madiba	Florence, Hayward & Gibbons, 2007	2007		FALSE	Animalia	Bryozoa	Gymnolaemata	Cheilostomatida	Microporellidae	
1804			accepted	species	Carilda Oliver Labra: Named in honour of the Matanzas poet Carilda Oliver Labra, for her 96 years of fruitful life, whose work, full of the purest and most delicate feminine sensuality, is a true hymn to love and life	Mitromica carildae	Espinosa & Ortea, 2018	2018		FALSE	Animalia	Mollusca	Gastropoda	Neogastropoda	Costellariidae	
1805			accepted	species	Edith Piaf: based on the full name of Edith Piaf, the famous French singer [...], whose voice had an incredible range of diversity, as is that found in the carabid species richness of Guyane, and who sang a variety of "torch songs", and here I play on the word "torch", the same word that applies to what is used to ignite the trees of the unique tropical rainforests of South America, an Armageddon in our own times	Mizotrechus edithpiafae	Erwin, 2011	2011	Erwin_2011	FALSE	Animalia	Arthropoda	Insecta	Coleoptera	Carabidae	https://doi.org/10.3897/zookeys.145.2274
1806			accepted	species	Mirabal sisters: honours the Mirabal sisters, who fervently opposed the dictatorship of Trujillo, and formed a group of opponents known as Las Mariposas (The Butterflies). Three of them were assassinated in 1960	Modisimus mariposas	Huber & Fischer, 2010	2010	HUBER_2010	FALSE	Animalia	Arthropoda	Arachnida	Araneae	Pholcidae	https://doi.org/10.1111/j.1096-3642.2009.00559.x
1807			accepted	species	Pedro Mir	Modisimus miri	Huber & Fischer, 2010	2010	HUBER_2010	FALSE	Animalia	Arthropoda	Arachnida	Araneae	Pholcidae	https://doi.org/10.1111/j.1096-3642.2009.00559.x
1808			accepted	species	Jacques Roumain: honours Jacques Roumain (1907–1944), author of Masters of the Dew, about a young Haitian man's effort to save a once-thriving community from drought and family feuds	Modisimus roumaini	Huber, 2010	2010	HUBER_2010	FALSE	Animalia	Arthropoda	Arachnida	Araneae	Pholcidae	https://doi.org/10.1111/j.1096-3642.2009.00559.x
1809			accepted	species	Mohammed al-Ghazali	Monomorium elghazalyi	Sharaf & Aldawood, 2017	2017	Sharaf_2017	FALSE	Animalia	Arthropoda	Insecta	Hymenoptera	Formicidae	https://doi.org/10.1080/00222933.2016.1271157
1810			accepted	species	Nelson Mandela: named for Nelson Rolihlahla Mandela, South African anti-apartheid revolutionary, President of South Africa from 1994 to 1999, Father of a Nation, Elder Statesman, and a remarkable man	Munidopsis mandelai	Macpherson, Amon & Clark, 2014	2014	MACPHERSON_2014	FALSE	Animalia	Arthropoda	Malacostraca	Decapoda	Munidopsidae	https://doi.org/10.11646/zootaxa.3753.3.8
1811			accepted	species	Yma Sumac: in honour of Yma Sumac (1922–2008), the famous Peruvian opera singer whose voice spanned an incredible five octaves	Murphyarachne ymasumacae	Sherwood & Gabriel, 2022	2022	Sherwood_2022a	FALSE	Animalia	Arthropoda	Arachnida	Araneae	Theraphosidae	https://doi.org/10.13156/arac.2022.19.sp1.247
1812			accepted	species	Prince Aimone, Duke of Aosta: from the first name Aimone combined with Sabaudi (meaning Savoyan). It is dedicated to the leader of the Italian Expedition to the Karakorum [sic, actually Karakoram], 1929, which collected the type material. He was an Italian Prince, HRH Aimone Roberto Margarita Guiseppe Torino Prince of Savoy-Aosta, Duke di Spoleto, 4th Duke d'Aosta. He was later proclaimed HM Tomislav II of Croatia but abandoned claims to the throne in 1943 and died in Buenos Aires in 1948	Myrmica aimonissabaudiae	Menozzi, 1939	1939		FALSE	Animalia	Arthropoda	Insecta	Hymenoptera	Formicidae	
1813			accepted	species	U Thant	Naarda uthanti	Tóth & Ronkay, 2015	2015	T_TH_2015	FALSE	Animalia	Arthropoda	Insecta	Lepidoptera	Erebidae	https://doi.org/10.11646/zootaxa.3925.2.2
1814			accepted	species	Gino Bartali: Gino Bartali (1914–2000) was a champion road cyclist. Bartali earned respect for his work helping Jews who were being persecuted by the Nazis during the time of the Italian Social Republic and used his fame to carry messages and documents to the Italian Resistance. In 2013 he was awarded the honorific Righteous Among the Nations	Nama ginobartalii	Meregalli & Borovec, 2023	2023	Meregalli_2023	FALSE	Animalia	Arthropoda	Insecta	Coleoptera	Curculionidae	https://doi.org/10.3390/d15080944
1815			accepted	species	FC Start: In 1942 in Kiev, under Nazi occupation, former footballers linked to the resistance organised a football team, named START F.C. The Nazis organised a tournament with five other teams, all linked to the Nazi regime. The START team won all the competitions, thus providing strong psychological support for the civil resistance against the invaders. The species is dedicated to these sportsmen and, by extension, to people fighting for their freedom	Nama startorum	Meregalli & Borovec, 2023	2023	Meregalli_2023	FALSE	Animalia	Arthropoda	Insecta	Coleoptera	Curculionidae	https://doi.org/10.3390/d15080944
1816			accepted	species	Yaşar Kemal: dedicated to the world-renowned Turkish author Yaşar Kemal (1923–2015), whose epic novels, particularly Memed, My Hawk, immortalized the landscapes and people of Anatolia. This name honors his profound connection to the Turkish soil and its hidden life	Nannospalax kemali	Matur et al., 2026	2026	Matur_2026	FALSE	Animalia	Chordata	Mammalia	Rodentia	Spalacidae	https://doi.org/10.1556/1777.2026.00131
1817			accepted	species	Bahtiye Musluoğlu: commemorate her lifelong dedication to zoology, her courage in field conservation, and her role as a mentor and inspiration to generations of scientists and naturalists	Nannospalax mursalogluae	Matur et al., 2026	2026		FALSE	Animalia	Chordata	Mammalia	Rodentia	Spalacidae	
1818			accepted	species	Howlin' Wolf	Neocybaeina burnetti	Bennett, 2023	2023		FALSE	Animalia	Arthropoda	Arachnida	Araneae	Cybaeidae	
1819			accepted	species	Vicente Feola: This species is named in honor of Vicente Ítalo Feola, coach of the Brazilian team of 1958	Neotrichia feolai	Santos & Nessimian, 2009	2009	Santos_2009	FALSE	Animalia	Arthropoda	Insecta	Trichoptera	Hydroptilidae	https://doi.org/10.1590/S1984-46702009000400022
1820			accepted	species	Eero Saarinen: The specific name is a patronym honoring the architect Eero Saarinen, who projected the Gateway Arch, in St. Louis, USA, and refers to the resemblance of the shape of the sternal transversal ridge in this species with the outline of that monument	Neoxyphinus saarineni	Moss & Bonaldo, 2016	2016	MOSS_2016	FALSE	Animalia	Arthropoda	Arachnida	Araneae	Oonopidae	https://doi.org/10.11646/zootaxa.4098.1.4
1821			accepted	species	José Saramago: The species name is a tribute to the Portuguese writer José Saramago, who wrote the novel 'Ensaio sobre a cegueira' ('Blindness' in English). The absence of eyes and consequent blindness of the members of the species is likened to the blindness of the characters in the novel	Nereis saramagoi	Bergamo et al., 2023	2023	Bergamo_2023	FALSE	Animalia	Annelida	Polychaeta	Phyllodocida	Nereididae	https://doi.org/10.1093/zoolinnean/zlad122
1822			accepted	genus	Pablo Neruda: In continuance of [the] tradition [of using names associated with poetry and the arts for the genus Heliconius], and recalling that the butterflies are South American, the new subgenus is named after the author of Alturas de Macchu Picchu, Veinte Poemas de Amor, Residencia en la Tierra etc. Señor Pablo Neruda graciously consented to the use of his name, although sadly he did not live to see this paper written	Neruda	Turner, 1976	1976	TURNER_1976	FALSE	Animalia	Arthropoda	Insecta	Lepidoptera	Nymphalidae	https://doi.org/10.1111/j.1096-3642.1976.tb01000.x
1823			accepted	genus	Pablo Neruda	Nerudia	Huber, 2000	2000	HUBER_2000	FALSE	Animalia	Arthropoda	Arachnida	Araneae	Pholcidae	https://doi.org/10.1206/0003-0090(2000)254<0001:NWPSAP>2.0.CO;2
1824			accepted	genus	Pablo Neruda	Nerudiella	Porto, Derkarabetian, Giribet & Pérez-González, 2024	2024	Porto_2024	FALSE	Animalia	Arthropoda	Arachnida	Opiliones	Triaenonychidae	https://doi.org/10.3897/zookeys.1207.120068
1825			accepted	species	Wilma Dykeman: Named to honor Wilma Dykeman (1920–2006), a writer, speaker, teacher, historian, and environmentalist who spent most of her life in western North Carolina and eastern Tennessee. Mrs. Dykeman was devoted to social justice and environmental integrity, discussing Appalachian water pollution in her classic 1955 book The French Broad, and sharing a social justice award in 1957 for her co-authored book Neither Black Nor White	Nesticus dykemanae	Hedin & Milne, 2023	2023	Hedin_2023	FALSE	Animalia	Arthropoda	Arachnida	Araneae	Nesticidae	https://doi.org/10.3897/zookeys.1145.96724
1826			accepted	genus	Ne Win	Newinia	Thaung (1973)	1973	Thaung_1973	FALSE	Fungi	Basidiomycota	Pucciniomycetes	Pucciniales	Phakopsoraceae	https://doi.org/10.2307/3758271
1827			accepted	genus	Lise Nørgaard: named in honour of the Danish author, journalist, debater and scriptwriter Lise Nørgaard [...] as congratulation for her 100th birthday (1917–2017) and in honour of her decades of contributions to the Danish cultural treasure chest. She is a pioneer in consumer journalism, has fought for women's rights and equality and, with her strong personality, has influenced and impacted Danish culture	Noergaardia	Fanti & Damgaard, 2018	2018		TRUE						
1828			accepted	species	Odysseas Elytis	Nordus elytisi	Chatzimanolis, 2004	2004		FALSE	Animalia	Arthropoda	Insecta	Coleoptera	Staphylinidae	
1829			accepted	species	Giorgos Seferis	Nordus seferisi	Chatzimanolis, 2004	2004		FALSE	Animalia	Arthropoda	Insecta	Coleoptera	Staphylinidae	
1830			accepted	species	Luis Buñuel: honours Luis Buñuel, a prestigious Spanish film director born in the province of Teruel	Oblitosaurus bunnueli	Sánchez-Fenollosa, Verdú & Cobos, 2023	2023	S_nchez_Fenollosa_2023	TRUE						https://doi.org/10.1093/zoolinnean/zlad076
1831			accepted	species	Norodom Sihanouk	Oedichirus sihanouki	Rougemont, 2018	2018		FALSE	Animalia	Arthropoda	Insecta	Coleoptera	Staphylinidae	
1832			accepted	species	Jacques Cousteau: honours Mr. Jacques-Yves Cousteau (1910-1997), French oceanographic explorer, for his contribution to the creation of the National Park of Pigeon, also called Cousteau reserve, where the new species was found	Oiclus cousteaui	Ythier, 2019	2019		FALSE	Animalia	Arthropoda	Arachnida	Scorpiones	Diplocentridae	
1833			accepted	species	Mohammad Yamin: Named for Mohammad Yamin (1903–1962), historian, poet, playwright, and politician, who was born in Talawi, and was named a 'National Hero of Indonesia' in part for his role during the Indonesian Revolution for Independence	Ombilinichthys yamini	Murray et al., 2015	2015	Murray_2015	TRUE						https://doi.org/10.1080/02724634.2014.906444
1834			accepted	species	Erich Fromm	Orcus frommi	Łączyński, 2012	2012	_czy_ski_2012	FALSE	Animalia	Arthropoda	Ostracoda			https://doi.org/10.1080/00222933.2012.707244
1835			accepted	species	Karl Popper	Orcus popperi	Łączyński, 2012	2012	_czy_ski_2012	FALSE	Animalia	Arthropoda	Ostracoda			https://doi.org/10.1080/00222933.2012.707244
1836			accepted	genus	Orson Welles	Orsonwelles	Hormiga, 2002	2002	Hormiga_2002	FALSE	Animalia	Arthropoda	Arachnida	Araneae	Linyphiidae	https://doi.org/10.1071/IT01026
1837			accepted	genus	George Orwell: honors the author George Orwell, the brilliant and seemingly clairvoyant writer of political science fiction	Orwellium	Johnson, Masner & Musetti, 2009	2009	Johnson_2009	FALSE						https://doi.org/10.3897/zookeys.20.204
1838			accepted	species	Loriot: dedicated to the late Vicco von Bülow (pseudonym: Loriot) acknowledging his tremendous contributions to German humour	Otacilia loriot	Jäger & Wunderlich, 2012	2012		FALSE	Animalia	Arthropoda	Arachnida	Araneae	Phrurolithidae	
1839			accepted	species	Chiune Sugihara	Ozcopa chiunei	Raven, 2015	2015	RAVEN_2015	FALSE	Animalia	Arthropoda	Arachnida	Araneae	Corinnidae	https://doi.org/10.11646/zootaxa.3958.1.1
1840			accepted	species	Perc Tucker: for Mr Perc Tucker, 1919–1980, Member of the Legislative Assembly for Townsville North, 1960–1969, for Townsville West 1969–1974, Deputy Leader of the Opposition 1966–1974, Leader 1974, Mayor of Townsville 1970–1980 [sic, actually 1976–1980], who was well known in the Townsville region [the type locality] and highly respected for his many contributions to the community	Ozicrypta tuckeri	Raven & Churchill, 1994	1994		FALSE	Animalia	Arthropoda	Arachnida	Araneae	Barychelidae	
1841			accepted	species	Hermelinda Urvina: in honour of Hermelinda Urvina Mayorga (1905–2008), an Ecuadorian aviator who was the first woman in South America to earn a pilot licence. She was also a friend of the pioneering American aviator Amelia Earhart (1897–1937)	Pamphobeteus urvinae	Sherwood, Gabriel, Brescovit & Lucas, 2022	2022	Sherwood_2022	FALSE	Animalia	Arthropoda	Arachnida	Araneae	Theraphosidae	https://doi.org/10.13156/arac.2022.19.3.650
1842			accepted	species	Jacques Cousteau: This species is named in honour to Jacques-Yves Cousteau (1910–1997), for his life-long intensive work in raising awareness to the sea life and great contributions to the knowledge of the marine environment	Paranarthrura cousteaui	García-Herrero, Esquete & Cunha, 2021	2021	Garc_a_Herrero_2021	FALSE	Animalia	Arthropoda	Malacostraca	Tanaidacea	Agathotanaidae	https://doi.org/10.5852/ejt.2021.740.1281
1843			accepted	subspecies	Lou Costello	Papasula abbotti costelloi	Steadman et al., 1988	1988		TRUE	Animalia	Chordata	Aves	Suliformes	Sulidae	
1844			accepted	species	Jean-Joseph Rabearivelo: Named for Jean-Joseph Rabearivelo (1901–37), gifted Malagasy poet whose struggle against a severe colonial system cut short his work and, eventually, his life	Paramicromerys rabeariveloi	Huber, 2003	2003	HUBER_2003	FALSE	Animalia	Arthropoda	Arachnida	Araneae	Pholcidae	https://doi.org/10.1046/j.1096-3642.2003.00046.x
1845			accepted	species	Charles Mingus: named in honor of bassist, composer and bandleader Charles Mingus (1922–1979), for his contribution to music and his denouncement of injustice through art. His crayfish-like pizzicato technique and his drive to innovate created a legacy that few musicians in the hard bop movement could rival	Parastacus mingusi	Falqueto & Ribeiro, 2025	2025		FALSE	Animalia	Arthropoda	Malacostraca	Decapoda	Parastacidae	https://doi.org/10.6620/ZS.2025.64-69
1846			accepted	subspecies	Aung San	Parnassius imperator aungsani	Nose & Mikami, 1998	1998		FALSE	Animalia	Arthropoda	Insecta	Lepidoptera	Papilionidae	
1847			accepted	species	Nelson Mandela	Patellapis mandela	Timmermann & Kuhlmann, 2009	2009	TIMMERMANN_2009	FALSE	Animalia	Arthropoda	Insecta	Hymenoptera	Halictidae	https://doi.org/10.11646/zootaxa.2099.1.1
1848			accepted	species	Curly Howard: comical appearance	Peloridinannus curly	Weirauch & Frankenberg, 2015	2015	Weirauch_2015	FALSE	Animalia	Arthropoda	Insecta	Hemiptera	Schizopteridae	https://doi.org/10.3897/asp.73.e31832
1849			accepted	species	Larry Fine: comical appearance	Peloridinannus larry	Weirauch & Frankenberg, 2015	2015	Weirauch_2015	FALSE	Animalia	Arthropoda	Insecta	Hemiptera	Schizopteridae	https://doi.org/10.3897/asp.73.e31832
1850			accepted	species	Franklin Gritts: They Have Returned	Pholcus jusahi	Huber, 2011	2011		FALSE	Animalia	Arthropoda	Arachnida	Araneae	Pholcidae	
1851			accepted	species	Frida Kahlo: dedicated to the renowned Mexican painter and activist Magdalena Carmen Frida Khalo [sic] Calderón, whose paintings have broken frontiers	Photinus fridakhaloae	Zaragoza-Caballero & González-Ramírez, 2023	2023	Zaragoza_Caballero_2023	FALSE	Animalia	Arthropoda	Insecta	Coleoptera	Lampyridae	https://doi.org/10.22201/ib.20078706e.2023.94.5028
1852			accepted	species	Juan Rulfo: dedicated to the outstanding Mexican writer Juan Rulfo, renowned for his works El Llano en llamas and Pedro Páramo	Photinus juanrulfoi	Zaragoza-Caballero & Domínguez-León, 2023	2023	Zaragoza_Caballero_2023	FALSE	Animalia	Arthropoda	Insecta	Coleoptera	Lampyridae	https://doi.org/10.22201/ib.20078706e.2023.94.5028
1853			accepted	species	Mario Benedetti: dedicated to the memory of the great Uruguayan writer Mario Benedetti in recognition of his prolific literary production and critical thinking of great importance in the political and social life of Latin America	Phyllodactylus benedettii	Ramírez-Reyes & Flores-Villela, 2018	2018	RAM_REZ_REYES_2018	FALSE	Animalia	Chordata	Reptilia	Squamata	Phyllodactylidae	https://doi.org/10.11646/zootaxa.4407.2.1
1854			accepted	species	Jorge Amado: for Jorge Amado, a Brazilian modernist writer who had an enormous influence on Brazilian literature. He lived in the same region where the new species was discovered and he adored frogs and enjoyed collecting all kinds of objects that were related to them. As a well-travelled man, he grew a big collection of these "frog-souvenirs" from all over the world, which are partially on display in his home in Salvador, Brazil	Phyllodytes amadoi	Vörös, Ribeiro Dias & Solé, 2017	2017	V_R_S_2017	FALSE	Animalia	Chordata	Amphibia	Anura	Hylidae	https://doi.org/10.11646/zootaxa.4337.4.9
1855			accepted	species	Villas-Bôas brothers	Pipra vilasboasi	Sick, 1959	1959		FALSE	Animalia	Chordata	Aves	Passeriformes	Pipridae	
1856			accepted	species	Luiz Gonzaga: Luiz Gonzaga has been credited for presenting the rich universe of north-eastern musical genres to the rest of the country. He was born and raised in the municipality of Exu, state of Pernambuco, Brazil. Pithecopus gonzagai sp. nov. also occurs in the state of Pernambuco, which is equally its type locality	Pithecopus gonzagai	Andrade et al., 2020	2020	De_Andrade_2020a	FALSE	Animalia	Chordata	Amphibia	Anura	Phyllomedusidae	https://doi.org/10.5852/ejt.2020.723.1147
1857			accepted	species	Leopold III of Belgium	Plataxoides leopoldi	Gosse, 1963	1963		FALSE	Animalia	Chordata	Teleostei	Cichliformes	Cichlidae	
1858			accepted	species	Leopold III of Belgium	Potamotrygon leopoldi	Castex & Castello, 1970	1970		FALSE	Animalia	Chordata	Elasmobranchii	Myliobatiformes	Potamotrygonidae	
1859			accepted	species	El Santo: in honor to Rodolfo Guzmán Huerta, a.k.a "El Santo", an emblematic Mexican wrestler and actor who was born in Hidalgo, Mexico, where the type locality is located	Potosa elsanto	Cruz-López, 2018	2018	Cruz_L_pez_2018	FALSE	Animalia	Arthropoda	Arachnida	Opiliones	Stygnopsidae	https://doi.org/10.22201/ib.20078706e.2018.1.2074
1860			accepted	species	Carmen Miranda: named after the famous Portuguese-born Brazilian female singer Carmen Miranda (1909–1955), who made famous the song "Tico-Tico no Fubá", composed by Zequinha de Abreu in 1917, which is about the Rufous-collared Sparrow (Z. capensis) that is eating her corn meals	Proctophyllodes carmenmirandae	Pedroso & Hernandes, 2021	2021	Pedroso_2021	FALSE						https://doi.org/10.11158/saa.26.6.6
1861			accepted	species	Fred Korematsu: Korematsu was awarded the United States Presidential Medal of Freedom in 1998 in recognition of his lifelong dedication as a civil rights activist and his resistance to the incarceration of Japanese Americans in concentration camps during World War II	Promyrmekiaphila korematsui	Bond, Jochim, Quayle & Starrett, 2024	2024	Starrett_2024	FALSE	Animalia	Arthropoda	Arachnida	Araneae	Euctenizidae	https://doi.org/10.1002/ece3.10983
1862			accepted	species	Paul Bowles	Protopliomerella bowlesi	McAdams & Adrain, 2011	2011	MCADAMS_2011	TRUE	Animalia	Arthropoda	Trilobita	Phacopida	Pliomeridae	https://doi.org/10.11646/zootaxa.3144.1.1
1863			accepted	species	Jack Kerouac	Protopliomerella kerouaci	McAdams & Adrain, 2011	2011	MCADAMS_2011	TRUE	Animalia	Arthropoda	Trilobita	Phacopida	Pliomeridae	https://doi.org/10.11646/zootaxa.3144.1.1
1864			accepted	species	Pete Seeger	Protopliomerella seegeri	McAdams & Adrain, 2011	2011	MCADAMS_2011	TRUE	Animalia	Arthropoda	Trilobita	Phacopida	Pliomeridae	https://doi.org/10.11646/zootaxa.3144.1.1
1865			accepted	species	Wallace Stegner	Protopliomerella stegneri	McAdams & Adrain, 2011	2011	MCADAMS_2011	TRUE	Animalia	Arthropoda	Trilobita	Phacopida	Pliomeridae	https://doi.org/10.11646/zootaxa.3144.1.1
1866			accepted	species	David Rockefeller	Proxatrypanius rockefelleri	Gilmour, 1959	1959		FALSE	Animalia	Arthropoda	Insecta	Coleoptera	Cerambycidae	
1867			accepted	species	Charlton Heston	Psalikilus hestoni	Adrain, McAdams & Westrop, 2009	2009		TRUE	Animalia	Arthropoda	Trilobita	Aulacopleurida	Hystricuridae	
1868			accepted	species	Nelson Mandela: dedicated to the late Nelson Rolihlahla Mandela, the first democratically elected President of South Africa and 1993 Nobel Peace Prize awardee	Pseudostomella mandela	Todaro, Perissinotto & Bownes, 2015	2015	TODARO_2015	FALSE	Animalia	Gastrotricha		Macrodasyida	Thaumastodermatidae	https://doi.org/10.11646/zootaxa.3905.2.2
1869			accepted	species	Wisława Szymborska: dedicated to Wisława Szymborska, a Polish poet and essayist, a Nobel Prize Laureate in literature	Pseudotanais szymborskae	Jakiel, Palero & Błażewicz, 2020	2020	Jakiel_2020	FALSE	Animalia	Arthropoda	Malacostraca	Tanaidacea	Pseudotanaidae	https://doi.org/10.1016/j.pocean.2020.102288
1870			accepted	species	Pagu: Patrícia Galvão, nickname "Pagu" (1910–1962), who was a socialist playwright and modernist writer. She was born and lived in São Paulo state, where she was a feminist symbol and organized worker's struggle	Pseudotrogulus pagu	DaSilva & Pinto-da-Rocha, 2010	2010	DaSilva_2010	FALSE	Animalia	Arthropoda	Arachnida	Opiliones	Gonyleptidae	https://doi.org/10.1590/S1984-46702010000400010
1871			accepted	species	Salvador Dalí: The name refers to the single pair of labral chaetae, one each side somewhat like the world famous Salvador Dali's moustache	Ptenothrix dalii	Zeppelini, Ferreira & Oliveira 2020	2020	Oliveira_2020	FALSE	Animalia	Arthropoda	Collembola	Symphypleona	Dicyrtomidae	https://doi.org/10.1007/s13744-020-00769-8
1872			accepted	species	Aimé Césaire	Pycnogonum cesairei	Sabroux, Hassanin & Corbari, 2022	2022	Sabroux_2022	FALSE	Animalia	Arthropoda	Pycnogonida	Pantopoda	Pycnogonidae	https://doi.org/10.5852/ejt.2022.851.1999
1873			accepted	species	Nelson Mandela: named to honour Nelson Mandela, the South African revolutionary and later president, who was called Madiba by his friends in reference to the name of his clan	Quadrulella madibai	Kosakyan et al., 2016	2016	Kosakyan_2016	FALSE	Protozoa	Amoebozoa	Tubulinea	Arcellinida	Lesquereusiidae	https://doi.org/10.1111/cla.12167
1874			accepted	species	Ernesto Sabato: The specific epithet is a patronym in honor of the Argentinian writer Ernesto Sábato for his most famous work of 1948 entitled "El Túnel", since individuals of this species were found inside a tunnel	Retiro sabatoi	Rodríguez-Castro & Rodríguez, 2025	2025	RODR_GUEZ_CASTRO_2025	FALSE	Animalia	Arthropoda	Arachnida	Araneae	Macrobunidae	https://doi.org/10.11646/zootaxa.5683.4.6
1875			accepted	subspecies	Nelson Mandela: Our choice of epithet derives from the severe and persisting insecurity in the taxon range, stemming from decades-long lack of peace in bordering Somaliland [sic; meaning Somalia]. Thus, we wish to honor the late Nelson Mandela as the inspiring beacon for peace and prosperity in Africa and link his name with a unique and precious expression of Kenya's and Africa's endemic fauna. We propose the common name "Mandela's sengi" in English ("sengi ya Mandela" in Kiswahili) for this new form	Rhynchocyon chrysopygus mandelai	Agwanda et al., 2021	2021	AGWANDA_2021	FALSE	Animalia	Chordata	Mammalia	Macroscelidea	Macroscelididae	https://doi.org/10.11646/zootaxa.4948.2.5
1876			accepted	species	Salvador Dalí: Named in homage to the brilliant painter Salvador Dalí, on the centenary of his birth. Dalí frequently incorporated snails in his works, from the individual Seashell (1928) to The Path to Enigma (1981), including the drawings of land snails in 50 Magic Secrets to Paint (1947) and Dalí illustrious Casanova (1967), with special mention of The Madonna of Port Lligat (1949 and 1950)	Rissoella dalii	Ortea, Espinosa & Magaña, 2004	2004		FALSE	Animalia	Mollusca	Gastropoda		Rissoellidae	
1877			accepted	genus	Gene Roddenberry: honoring Eugene Wesley Roddenberry Sr, the creator of Star Trek, a science fiction media franchise that inspired generations of kids to pursue scientific careers	Roddenberryus	Sánchez-Ruiz & Bonaldo, 2023	2023	S_nchez_Ruiz_2023	FALSE	Animalia	Arthropoda	Arachnida	Araneae	Caponiidae	https://doi.org/10.5852/ejt.2023.891.2263
1878			accepted	species	Greta Garbo: a solitary female	Rostropria garbo	Early & Naumann, 1990	1990		FALSE						
1879			accepted	species	Hirohito: The name of this new species honors His Majesty, Emperor Hirohito of Japan, who is an ardent patron of malacology	Rotaovula hirohitoi	Cate & Azuma, 1973	1973	Jozwiak_2015	FALSE	Animalia	Mollusca	Gastropoda	Littorinimorpha	Ovulidae	https://doi.org/10.3897/zookeys.513.9873
1880			accepted	species	Elmore James: honouring the late Elmore James who set the standards for electric slide guitar blues in post-World War II Chicago, U.S.A	Rothaeina jamesi	Bennett, 2023	2023		FALSE	Animalia	Arthropoda	Arachnida	Araneae	Cybaeidae	
1881			accepted	species	Muddy Waters: honouring the late blues guitarist, lyricist, and band leader McKinley "Muddy Waters" Morganfield	Rothaeina mackinleyi	Bennett, 2023	2023		FALSE	Animalia	Arthropoda	Arachnida	Araneae	Cybaeidae	
1882			accepted	species	Los Chalchaleros	Salinoctomys loschalchalerosorum	Mares, Braun, Barquez & Diaz, 2000	2000		FALSE	Animalia	Chordata	Mammalia	Rodentia	Octodontidae	
1883			accepted	species	Mario Benedetti: in honour of Mario Benedetti, the Uruguayan writer and poet recognised as one of the most important in the Spanish language, who passed away in 2009	Schismatothele benedettii	Panzera, Perdomo & Pérez-Miles, 2011	2011	Panzera_2011	FALSE	Animalia	Arthropoda	Arachnida	Araneae	Theraphosidae	https://doi.org/10.13156/arac.2011.15.4.130
1884			accepted	species	Kaysone Phomvihane	Schistura kaysonei	Vidthayanon & Jaruthanin, 2002	2002		FALSE	Animalia	Chordata	Teleostei	Cypriniformes	Nemacheilidae	
1885			accepted	species	Pridi Banomyong: in honor of the late Pridi Bhanomyong (1900–1983), politician, statesman and Thai Prime Minister who founded Thammasart University, which plays an important role in the development of social sciences in Thailand	Schistura pridii	Vidthayanon, 2003	2003		FALSE	Animalia	Chordata	Teleostei	Cypriniformes	Nemacheilidae	
1886			accepted	species	Charles Mingus: The specific name is a patronym honoring the late American jazz bassist and composer Charles Mingus (22 April 1922 – 5 January 1979), known for his innovative contributions to modern jazz, blending elements of gospel, classical, and free jazz, and for his role as a bandleader and advocate for creative expression	Scytodes mingusi	Iost, Alayón & Rheims, 2025	2025	IOST_2025	FALSE	Animalia	Arthropoda	Arachnida	Araneae	Scytodidae	https://doi.org/10.11646/zootaxa.5728.3.3
1887			accepted	species	Django Reinhardt: The specific name is a patronym honoring the late Belgian Manouche guitarist Django Reinhardt (23 January 1910 – 16 May 1953), a pioneering jazz musician known for developing the gypsy jazz style and for his influential guitar technique despite a hand injury that limited his mobility	Scytodes reinhardti	Iost, Alayón & Rheims, 2025	2025	IOST_2025	FALSE	Animalia	Arthropoda	Arachnida	Araneae	Scytodidae	https://doi.org/10.11646/zootaxa.5728.3.3
1888			accepted	species	Everett Ruess: In honor of the young artist, poet, naturalist, and explorer Everett Ruess (1914–1934?), who mysteriously disappeared in 1934 while exploring southern Utah	Seitaad ruessi	Sertich & Loewen, 2010	2010	Sertich_2010	TRUE						https://doi.org/10.1371/journal.pone.0009789
1889			accepted	species	James Clavell: After local celebrity James Clavell, in whose memory an obelisk is built on top of Hen Cliff	Senoniasphaera clavelli	Bailey, Milner & Varney, 1997	1997	Bailey_1997	TRUE						https://doi.org/10.1144/pygs.51.3.235
1890			accepted	species	Arthur C. Clarke: Named in honour of Sir Arthur C. Clarke, who inspired both of us in our youth with his writings and who in his youth was lured into science by dinosaurs." Clarke, who was a personal friend of the authors, reportedly told friends "I've had an asteroid named after me and I've had a dinosaur named after me, now what's there to live for?	Serendipaceratops arthurcclarkei	Rich & Vickers-Rich, 2003	2003		TRUE						
1891			accepted	species	Nelson Mandela: dedicated to Nelson Mandela 'Madiba' for the role he played in the history of the Republic of South Africa	Sharpia madibai	Haran, 2021	2021	Haran_2021	FALSE	Animalia	Arthropoda	Insecta	Coleoptera	Curculionidae	https://doi.org/10.5852/ejt.2021.735.1239
1892			accepted	genus	Hirohito: From the Japanese Shōwa jidai (昭和時代) meaning 'Shōwa era' corresponding to the reign of the Shōwa Emperor Hirohito in reference to the collection of the type material for the type species of this genus C. sagamiensis by Hirohito	Showajidaia	Korshunova et al., 2020	2020	Korshunova_2020	FALSE	Animalia	Mollusca	Gastropoda		Showajidaiidae	https://doi.org/10.1093/zoolinnean/zlz126
1893			accepted	genus	Hirohito: The genus is named after the late Emperor Showa [Hirohito's posthumous name] who investigated the benthic fauna of Sagami Bay	Showapolynoe	Imajima, 1997	1997		FALSE	Animalia	Annelida	Polychaeta	Phyllodocida	Polynoidae	
1894			accepted	genus	Hirohito: The genus is named after the late Emperor Showa [Hirohito's posthumous name] who collected the specimens	Showascalisetosus	Imajima, 1997	1997		FALSE	Animalia	Annelida	Polychaeta	Phyllodocida	Polynoidae	
1895			accepted	genus	Frank Sinatra	Sinatra	Buffington, 2011	2011	Buffington_2011	FALSE						https://doi.org/10.4289/0013-8797.113.3.239
1896			accepted	species	Nelson Mandela: is named after Nelson Mandela in honor of his struggle against Apartheid	Singafrotypa mandela	Kuntner & Hormiga, 2002	2002	Kuntner_2002	FALSE	Animalia	Arthropoda	Arachnida	Araneae	Araneidae	https://doi.org/10.1636/0161-8202(2002)030[0129:tasgsa]2.0.co;2
1897			accepted	species	Frida Kahlo	Sminthurides fridakahloae	Ferreira, Arango & Palacios-Vargas, 2021	2021	Ferreira_2021	FALSE	Animalia	Arthropoda	Collembola	Symphypleona	Sminthurididae	https://doi.org/10.1007/s13744-020-00831-5
1898			accepted	species	Souvanna Phouma	Souvanna phoumai	Breuning, 1963	1963	Huang_2024	FALSE	Animalia	Arthropoda	Insecta	Coleoptera	Cerambycidae	https://doi.org/10.3897/zookeys.1190.115573
1899			accepted	subspecies	Indira Gandhi: dedicated to the memory of our beloved friend and foremost member of the Delhi Birdwatching Society, the late Prime Minister of India, Smt. Indira Gandhi	Spelaeornis troglodytoides indiraji	Ripley et al., 1991	1991		FALSE	Animalia	Chordata	Aves	Passeriformes	Timaliidae	
1900			accepted	species	Nadine Gordimer: Named after Nadine Gordimer, South African writer and Nobel laureate	Spermophora gordimerae	Huber, 2003	2003	HUBER_2003a	FALSE	Animalia	Arthropoda	Arachnida	Araneae	Pholcidae	https://doi.org/10.1046/j.0024-4082.2003.00082.x
1901			accepted	species	George Pemba: Named after George Milwa Mnyaluza Pemba (1912–2001), one of South Africa's greatest pioneering artists	Spermophora pembai	Huber, 2003	2003	HUBER_2003a	FALSE	Animalia	Arthropoda	Arachnida	Araneae	Pholcidae	https://doi.org/10.1046/j.0024-4082.2003.00082.x
1902			accepted	species	Aleksandr Solzhenitsyn: I take much pleasure in naming this species for Mr. Aleksander I. Solzhenitsyn, the great Russian author, who once shared the same country with the closest relative of the new species—Stactobiella biramosa Martynov	Stactobiella solzhenitsyni	Sykora & Weaver, 1978	1978	Sykora_1978	FALSE	Animalia	Arthropoda	Insecta	Trichoptera	Hydroptilidae	https://doi.org/10.5962/p.215818
1903			accepted	species	Antoine de Saint-Exupéry	Stanhopea saintexuperyi	Archila, Pérez-García, Chiron & Szlach.			FALSE	Plantae	Tracheophyta	Liliopsida	Asparagales	Orchidaceae	
1904			accepted	species	Nelson Mandela: honoring Nelson Mandela, the former president of South Africa and one of the great moral leaders of our time	Stasimopus mandelai	Hendrixson & Bond, 2004	2004	HENDRIXSON_2004	FALSE	Animalia	Arthropoda	Arachnida	Araneae	Stasimopidae	https://doi.org/10.11646/zootaxa.619.1.1
1905			accepted	genus	John Steinbeck: Named for John Ernst Steinbeck, an American author, who won the 1962 Nobel Prize in Literature, and who wrote a novel titled Tortilla Flat (1935), the location where this fungus was collected	Steinbeckomyces	Crous & Jurjević (2024)	2024	Crous_2024	FALSE						https://doi.org/10.3114/fuse.2024.14.19
1906			accepted	species	Augusto Monterroso: This small–sized species from Guatemala is dedicated to the late Guatemalan author Augusto Monterroso, who mastered the art of short narrative	Stenotarsus monterrosoi	Arriaga-Varela et al., 2013	2013	ARRIAGA_VARELA_2013	FALSE	Animalia	Arthropoda	Insecta	Coleoptera	Endomychidae	https://doi.org/10.11646/zootaxa.3645.1.1
1907			accepted	species	Juan Rulfo: This species is dedicated to the prominent Mexican writer Juan Rulfo, who lived his youth at San Gabriel town, 20 kilometers away from the type locality	Stenotarsus rulfoi	Arriaga-Varela et al., 2013	2013	ARRIAGA_VARELA_2013	FALSE	Animalia	Arthropoda	Insecta	Coleoptera	Endomychidae	https://doi.org/10.11646/zootaxa.3645.1.1
1908			accepted	species	Nelson Mandela: Named in honor of the great philanthropist, anti-apartheid revolutionary leader and politician Nelson Mandela from South Africa who died on 5 December 2013. Preparing the description was coincident with the national mourning period of his death	Sternolophus mandelai	Nasserzadeh & Komarek, 2017	2017	NASSERZADEH_2017	FALSE	Animalia	Arthropoda	Insecta	Coleoptera	Hydrophilidae	https://doi.org/10.11646/zootaxa.4282.2.1
1909			accepted	species	Soedjatmoko: named after Soedjatmoko Mangundiningrat, an Indonesian peace activist and honoree of the Ramon Magsaysay Award, the prestigious Asian equivalent of the Nobel Peace Prize	Sulawesidrobia soedjatmokoi	Zielske, Glaubrecht & Haase, 2011	2011	Zielske_2011	FALSE	Animalia	Mollusca	Gastropoda	Littorinimorpha	Tateidae	https://doi.org/10.1111/j.1463-6409.2010.00469.x
1910			accepted	species	Stefan Wyszyński	Synagelides wyszynskii	Bohdanowicz, 1987	1987		FALSE	Animalia	Arthropoda	Arachnida	Araneae	Salticidae	
1911			accepted	species	Antoine de Saint-Exupéry	Synopeas saintexuperyi	Buhl, 1997	1997		FALSE	Animalia	Arthropoda	Insecta	Hymenoptera	Platygastridae	
1912			accepted	species	David Rockefeller	Tabanus rockefelleri	Philip, 1954	1954		FALSE	Animalia	Arthropoda	Insecta	Diptera	Tabanidae	
1913			accepted	species	Margherita Hack: This species is named after the Italian Astrophysicist and scientific disseminator Margherita Hack (Florence, 1922-Trieste 2013). Besides her brilliant scientific carrier, as full professor of astronomy in the University of Trieste, she was also known for her activities in social and political fields, described as icona del pensiero libero e dell'anticonformismo (symbol of freethinking and nonconformism) by the prestigious Italian politician and activist Umberto Veronesi	Taophila hackae	Platania & Gómez-Zurita, 2021	2021	Platania_2021	FALSE						https://doi.org/10.1163/1876312X-bja10021
1914			accepted	species	Olegas Truchanas	Tasmanocaecilius truchanasi	Schmidt & New, 2008	2008	Schmidt_2008	FALSE	Animalia	Arthropoda	Insecta	Psocodea	Caeciliusidae	https://doi.org/10.24199/j.mmv.2008.65.7
1915			accepted	species	John Steinbeck: named after John Steinbeck, noted American author who explored the Gulf of California with Ed Ricketts	Tellina steinbecki	Coan & Valentich-Scott, 2010	2010	COAN_2010	FALSE	Animalia	Mollusca	Bivalvia	Cardiida	Tellinidae	https://doi.org/10.11646/zootaxa.2715.1.4
1916			accepted	species	Muhammad Saddiq Al-Minshawi	Temnothorax elmenshawyi	Sharaf, Wachkoo & Hita Garcia, 2019	2019	Sharaf_2019	FALSE	Animalia	Arthropoda	Insecta	Hymenoptera	Formicidae	https://doi.org/10.1038/s41598-019-47260-y
1917			accepted	species	Sidney Nolan: Named after the famed Australian artist, Sidney Robert Nolan (1917–1972) well known for his Ned Kelly series of paintings	Teresirogas nolani	Quicke & Butcher, 2014	2014	QUICKE_2014	FALSE						https://doi.org/10.11646/zootaxa.3881.3.3
1918			accepted	species	John Steinbeck: Named for John Steinbeck, whose expedition to the Gulf of California collected the type	Thalassema steinbecki	Fisher, 1946	1946	Fisher_1946	FALSE	Animalia	Annelida	Polychaeta	Echiuroidea	Thalassematidae	https://doi.org/10.5479/si.00963801.96-3198.215
1919			accepted	species	Nelson Mandela	Thelepus mandelai	Lavesque & Hutchings, 2026	2026	LAVESQUE_2026	FALSE	Animalia	Annelida	Polychaeta		Terebellidae	https://doi.org/10.11646/zootaxa.5759.4.3
1920			accepted	species	Luiz Gonzaga: a tribute to Luiz Gonzaga, famous singer from the state of Pernambuco, who sang beautiful songs about the semi-arid region of Pernambuco, collection site of the new species	Thraulodes luizgonzagai	Lima, Mariano & Pinheiro, 2013	2013	LIMA_2013a	FALSE	Animalia	Arthropoda	Insecta	Ephemeroptera	Leptophlebiidae	https://doi.org/10.11646/zootaxa.3709.3.2
1921			accepted	species	Sam Neill, Laura Dern, Jeff Goldblum, Richard Attenborough, Bob Peck, Martin Ferrero, Ariana Richards, and Joseph Mazzello: Jurassosaurus	Tianchisaurus nedegoapeferima	Dong, 1993	1993		TRUE						
1922			accepted	species	Jorge Amado	Tmesiphantes amadoi	Yamamoto et al., 2007	2007	Yamamoto_2007	FALSE	Animalia	Arthropoda	Arachnida	Araneae	Theraphosidae	https://doi.org/10.1590/S0101-81752007000400013
1923			accepted	species	Dorival Caymmi	Tmesiphantes caymmii	Yamamoto et al., 2007	2007	Yamamoto_2007	FALSE	Animalia	Arthropoda	Arachnida	Araneae	Theraphosidae	https://doi.org/10.1590/S0101-81752007000400013
1924			accepted	species	Jorge Amado	Travisia amadoi	Elías et al., 2003	2003	El_as_2003	FALSE	Animalia	Annelida	Polychaeta		Travisiidae	https://doi.org/10.1023/A:1026172126482
1925			accepted	species	Nelson Mandela: We dedicate this species to Madiba, former President of South Africa, Nelson Rolihlahla Mandela, who celebrated his 20 years of freedom on 11 February 2010	Triacanthella madiba	Janion, D'Haese & Deharveng, 2012	2012	Deharveng_2012	FALSE	Animalia	Arthropoda	Collembola	Poduromorpha	Hypogastruridae	https://doi.org/10.3897/zookeys.163.2298
1926			accepted	species	Pablo Neruda	Trichogramma nerudai	Pintureau & Gerding, 1999	1999	Pintureau_1999	FALSE	Animalia	Arthropoda	Insecta	Hymenoptera	Trichogrammatidae	https://doi.org/10.4039/Ent13153-1
1927			accepted	species	Salvador Dalí: an allusion to the Spanish artist Salvador Dali, in reference to his famously long moustache (or whisker)	Trichomycterus dali	Rizzato, Costa, Trajano & Bichuette, 2011	2011	Rizzato_2011	FALSE	Animalia	Chordata	Teleostei	Siluriformes	Trichomycteridae	https://doi.org/10.1590/S1679-62252011000300003
1928			accepted	species	Pablo Neruda	Triplocania nerudai	González-Obando, Carrejo-Gironza & García Aldrete, 2021	2021	GONZ_LEZ_OBANDO_2021	FALSE	Animalia	Arthropoda	Insecta	Psocodea	Ptiloneuridae	https://doi.org/10.11646/zootaxa.5080.1.1
1929			accepted	species	Julio Cortázar	Triraphis cortazari	Valerio, 2015	2015	VALERIO_2015	FALSE						https://doi.org/10.11646/zootaxa.3904.4.2
1930			accepted	species	Abdul Razak Hussein: in honour of Tun Haji Abdul Razak bin Datuk Hussein, Prime Minister of Malaysia, to commemorate his visit to the Forest Research Institute, Kepong on 21st July, 1973	Tristania razakiana	Kochummen		Wilson_1982	FALSE	Plantae	Tracheophyta	Magnoliopsida	Myrtales	Myrtaceae	https://doi.org/10.1071/BT9820413
1931			accepted	species	Nelson Mandela: Named in honour of the great South African president Nelson Rolihlahla Mandela, also known by his clan name "Madiba", liberation struggle hero and Nobel Peace Prize laureate, who on 5 December 2013 at the age of 95	Tsitsikamma madiba	Samaai, Kelly, Payne & Ngwakum 2020	2020	SAMAAI_2020	FALSE	Animalia	Porifera	Demospongiae	Poecilosclerida	Latrunculiidae	https://doi.org/10.11646/zootaxa.4896.3.4
1932			accepted	species	Annie Dodge Wauneka: in honor of Annie Dodge Wauneka (1910–1997), influential member of the Navajo Nation who worked tirelessly to improve education and health of the Navajo. Among other awards, she was bestowed the United States Presidential Medal of Freedom in 1963 by President Lyndon B. Johnson	Ummidia waunekaae	Godwin & Bond, 2021	2021	Godwin_2021	FALSE	Animalia	Arthropoda	Arachnida	Araneae	Halonoproctidae	https://doi.org/10.3897/zookeys.1027.54888
1933			accepted	species	Rambai Barni: Special permission to use her name for this species was obtained from Her Majesty Rambai Barni, former Queen of Siam, and at a reception and exhibit given by the Siam Society in honor of their majesties on January 8, 1934, a water-color painting, made by the talented Thai artist Luang Masya Chitrakarn, was presented to her majesty. The painting represented several life-size examples of the fish in their natural habitat	Vaimosa rambaiae	H.M. Smith, 1945	1945	Smith_1945	FALSE	Animalia	Chordata	Teleostei	Gobiiformes	Gobiidae	https://doi.org/10.5479/si.03629236.188.1
1934			accepted	species	Francisco Xavier da Cruz: Named in honour of Francisco Xavier da Cruz (1905–1958), native of São Vicente and immortalised as B. Leza, musician, composer, performer, writer, researcher, pedagogue and poet. Author of the poem "Mar Azul", our common home, and master of the cadenced rhythm we know today as Morna, the hallmark of Cape Verdean music	Volvarina blezai	Ortea, 2019	2019		FALSE	Animalia	Mollusca	Gastropoda	Neogastropoda	Marginellidae	
1935			accepted	species	Dulce María Loynaz: named in honour of the late Cuban poet Dulce María Loynaz [...] and in gratitude for her contribution to the book Fábulas del Mar [Fables of the Sea, a children's book sponsored by the second author, which Loynaz wrote the prologue for]	Volvarina dulcemariae	Espinosa & Ortea, 1998	1998		FALSE	Animalia	Mollusca	Gastropoda	Neogastropoda	Marginellidae	
1936			accepted	species	José Saramago: in honour of José de Sousa Saramago, illustrious Portuguese writer and poet, winner of the 1998 Nobel Prize for Literature, who chose Lanzarote [where the holotype was collected] as his refuge and residence at the end of his life; he died on 18.6.2010 in Tías	Volvarina saramagoi	Espinosa, Ortea & Moro, 2013	2013	Espinosa_2013	FALSE	Animalia	Mollusca	Gastropoda	Neogastropoda	Marginellidae	https://doi.org/10.31939/vieraea.2013.41.02
1937			accepted	species	Nelson Mandela	Vulcanobatrachus mandelai	Trueb, Ross & Smith, 2005	2005	Trueb_2005	TRUE						https://doi.org/10.1671/0272-4634(2005)025[0533:ANPAFT]2.0.co;2
1938			accepted	species	Nelson Mandela: The name is an hommage of the authors to South Africa's ex-president, Nobel Prize of Peace winner, human rights activist, and the most acknowledged Subsaharian African leader, Nelson Rolihlahla Mandela (July 18, 1918 – December 5, 2013). Madiba is the name of Mandela's clan and how he is known in many South African ethnicities	Warimiri madiba	Tavares, de Mello & de Mello Mendes, 2021	2021	TAVARES_2021	FALSE	Animalia	Arthropoda	Insecta	Orthoptera	Tettigoniidae	https://doi.org/10.11646/zootaxa.5057.2.3
1939			accepted	species	John Glenn: Named for Lt. Col. John H. Glenn Jr., USA, who made three orbits of the earth in Friendship II [sic; the name was actually Friendship 7], 20 February 1962	Whartonia glenni	Brennan, 1962	1962	Brennan_1962	FALSE	Animalia	Arthropoda	Arachnida	Trombidiformes	Leeuwenhoekiidae	https://doi.org/10.2307/3274924
1940			accepted	species	Hirohito: This species is dedicated to the late Hirohito, Emperor of Japan, distinguished hydrozoan taxonomist, who first described material referable to this species	Zanclea hirohitoi	Boero, Bouillon & Gravili, 2000	2000	Boero_2000	FALSE	Animalia	Cnidaria	Hydrozoa	Anthoathecata	Zancleidae	https://doi.org/10.1080/11250000009356301
1941			accepted	species	Aung San: dedicated to the late general Aung San, the national leader of Burma	Zaprionus aungsani	Wynn & Toda, 1988	1988		FALSE	Animalia	Arthropoda	Insecta	Diptera	Drosophilidae	
1942			accepted	genus	ABBA: honours the Swedish pop group ABBA whose songs and subsequent musicals Mamma Mia! (2008) and Mamma Mia! Here We Go Again (2018), provided hours of entertainment for the authors	Abba	Castanheira & Framenau, 2023	2023	Castanheira_2023	FALSE	Animalia	Arthropoda	Arachnida	Araneae	Araneidae	https://doi.org/10.3897/evolsyst.7.98015
1943			accepted	species	Jimi Hendrix: Named after the famous guitarist, songwriter and singer Jimi Hendrix, whose music was a faithful companion throughout the time of the taxonomic work	Abyssocladia hendrixii	Eck, Kröner & Janussen, 2024	2024	Eck_2024	FALSE	Animalia	Porifera	Demospongiae	Poecilosclerida	Cladorhizidae	https://doi.org/10.3390/jmse12040612
1944			accepted	species	Gisèle Rabesahala: honors Gisèle Rabesahala (1929–2011), Malagasy politician and activist who was the first woman to hold a ministerial position in the government of Madagascar. She fought for her country's independence and human rights	Acalypha rabesahalana	I.Montero & Cardiel		Montero_Mu_oz_2020	FALSE	Plantae	Tracheophyta	Magnoliopsida	Malpighiales	Euphorbiaceae	https://doi.org/10.1600/036364420X15801369352379
1945			accepted	species	Bob Hawke: Named for the Prime Minister of Australia, the Rt. Hon. Robert J. Hawke, in recognition of his part in saving the Tasmanian wilderness	Acanthophis hawkei	Wells & Wellington, 1985	1985		FALSE	Animalia	Chordata	Reptilia	Squamata	Elapidae	
1946			accepted	species	A. P. J. Abdul Kalam	Acidovorax kalamii	Pal et al., 2018	2018	Pal_2018	FALSE	Pseudomonadati	Pseudomonadota	Betaproteobacteria	Burkholderiales	Comamonadaceae	https://doi.org/10.1099/ijsem.0.002736
1947			accepted	species	Steve Biko	Acritus bikoi	Gomy, 2001	2001		FALSE	Animalia	Arthropoda	Insecta	Coleoptera	Histeridae	
1948			accepted	species	Che Guevara: In honor of Che Guevara (1928–1967), the famous Argentine socialist revolutionary, who undertook the battle for the people's freedom in Latin America and Africa	Acrogonyleptes cheguevarai	DaSilva & Pinto-da-Rocha, 2010	2010	DaSilva_2010	FALSE	Animalia	Arthropoda	Arachnida	Opiliones	Gonyleptidae	https://doi.org/10.1590/S1984-46702010000400010
1949			accepted	species	Raimonds Pauls: This species is named after the famous contemporary Latvian composer Raimonds Pauls, in gratitude for his invaluable contribution to Latvian culture and to the development of popular music in Latvia	Acronia paulsi	Barševskis, 2022	2022		FALSE	Animalia	Arthropoda	Insecta	Coleoptera	Cerambycidae	
1950			accepted	species	Jānis Streičs: This species is named after the prominent Latvian film director and producer, honorary member of Latvian Academy of Sciences, active supporter and patron of Daugavpils University [where the author works], Jānis Streičs, in great respect, gratitude and due to his 80-year birthday	Acronia streicsi	Barševskis, 2016	2016		FALSE	Animalia	Arthropoda	Insecta	Coleoptera	Cerambycidae	
1951			accepted	species	Boriss Teterevs and Ināra Tetereva: The species is named after the outstanding Latvian philanthropists Ināra and Boris Teterev who financially supported the Latvian science, culture, art and education, including my studies in beetles systematics	Acronia teterevi	Barševskis, 2016	2016		FALSE	Animalia	Arthropoda	Insecta	Coleoptera	Cerambycidae	
1952			accepted	species	Sirikit: named to honour the 80th year of Her Majesty Queen Regent of Thailand, Somdetch Phra Nang Chao Sirikit Phra Baromma Rajini Nath, who has supported biodiversity and conservation of Thailand's reef, and improved the lives of poor fishermen of Thailand, by her restoration project providing artificial reefs in Thai waters	Acropora sirikitiae	Wallace, Phongsuwan & Muir, 2012	2012		FALSE	Animalia	Cnidaria	Anthozoa	Scleractinia	Acroporidae	
1953			accepted	species	Fernando Botero: Dedicated to the Colombian artist Fernando Botero, whose paintings and sculptures represent rotund men, women, animals and still lifes. The rounded shape of the shell of "Acteon" boteroi evokes Botero's likely portrayal of a species of Acteonidae." This species was originally described as an "Acteon	Acteon boteroi	Á. Valdés, 2008	2008		FALSE	Animalia	Mollusca	Gastropoda		Acteonidae	
1954			accepted	species	Ronnie James Dio: The specific name is in honor of musician Ronald James Padavona or Ronnie James Dio, one of Black Sabbath vocals, affiliated to several bands of heavy metal in addition to his solo career	Actinopus dioi	Miglio, Pérez-Miles & Bonaldo, 2020	2020	MIGLIO_2020	FALSE	Animalia	Arthropoda	Arachnida	Araneae	Actinopodidae	https://doi.org/10.11646/megataxa.2.1.1
1955			accepted	species	Ozzy Osbourne: The specific name is in honor of musician John Michael Osbourne or Ozzy Osbourne, the founder of heavy metal, affiliated to a band called Black Sabbath, in addition to his solo career	Actinopus osbournei	Miglio, Pérez-Miles & Bonaldo, 2020	2020	MIGLIO_2020	FALSE	Animalia	Arthropoda	Arachnida	Araneae	Actinopodidae	https://doi.org/10.11646/megataxa.2.1.1
1956			accepted	species	Antônio Carlos Jobim: dedicated to the memory of the great Brazilian musician Antônio Carlos Brasileiro de Almeida Jobim, best known as Tom Jobim, for his huge contribution to the development of the "Música Popular Brasileira" and his admiration of nature	Adaina jobimi	Vargas, 2020	2020	Vargas_2020	FALSE	Animalia	Arthropoda	Insecta	Lepidoptera	Pterophoridae	https://doi.org/10.3897/nl.43.57965
1957			accepted	species	Chico Mendes: named after Francisco Alves Mendes Filho, better known as Chico Mendes, in recognition of his efforts and sacrifice as an environmentalist in the Amazon rain forest, especially in the Brazilian state of Acre, his homeland [where the type locality is]. He also fought for the human rights of indigenous peoples and rubber tapper communities of the region. As a consequence of his activism, Chico Mendes was assassinated on 22 December 1988 in his hometown of Xapuri, in Acre	Adenomera chicomendesi	Carvalho et al., 2019	2019	De_Carvalho_2019	FALSE	Animalia	Chordata	Amphibia	Anura	Leptodactylidae	https://doi.org/10.1655/D-18-00049
1958			accepted	species	Robert F. Kennedy: Dedicated to the late Robert F. Kennedy for his civil rights position	Adoretus kennedyi	Limbourg, Dekoninck & Seidel, 2024	2024		FALSE	Animalia	Arthropoda	Insecta	Coleoptera	Scarabaeidae	
1959			accepted	species	Bon Scott: Dedicated to the late Ronald Belford "Bon" Scott (1946–1980), lead vocalist and lyricist of the AC/DC hard rock band	Adoretus scotti	Limbourg, Dekoninck & Seidel, 2024	2024		FALSE	Animalia	Arthropoda	Insecta	Coleoptera	Scarabaeidae	
1960			accepted	species	Cesária Évora: Named after Cesárea [sic] Évora, the queen of morna, universal interpreter of Cape Verdean music	Aegires evorae	Moro & Ortea, 2015	2015		FALSE	Animalia	Mollusca	Gastropoda		Aegiridae	
1961			accepted	species	Pacita Abad: Named for Philippine-born cosmopolitan artist Pacita Abad (1946–2004), famous for her vibrant, colorful abstract work, but also for her paintings of tropical flowers and animal wildlife	Aetana abadae	Huber, 2015	2015	Huber_2015a	FALSE	Animalia	Arthropoda	Arachnida	Araneae	Pholcidae	https://doi.org/10.5852/ejt.2015.162
1962			accepted	species	Ang Kiukok	Aetana kiukoki	Huber, 2015	2015	Huber_2015a	FALSE	Animalia	Arthropoda	Arachnida	Araneae	Pholcidae	https://doi.org/10.5852/ejt.2015.162
1963			accepted	species	Valentina Tereshkova	Afghanella tereshkovae	Leven, 1967	1967		TRUE	Chromista	Foraminifera	Fusulinata	Fusulinida	Neoschwagerinidae	
1964			accepted	species	George W. Bush: We admire these leaders as fellow citizens who have the courage of their convictions and are willing to do the very difficult and unpopular work of living up to principles of freedom and democracy rather than accepting the expedient or popular". Co-author Kelly Miller said "We intended the names to be honorific... We were two conservatives in academia working together (which is not common). It was early in the Iraq war period, and we were both in favor of intervention there... And finally, we love our beetles! We wouldn't name a new species after someone we didn't like. [In interviews,] we compared it to the Lewis and Clark expedition naming the three forks of the Missouri after Jefferson, Madison, and Gallatin (President, Vice President, and Secretary of the Treasury [at the time])	Agathidium bushi	Miller & Wheeler, 2005	2005	MILLER_2005	FALSE	Animalia	Arthropoda	Insecta	Coleoptera	Leiodidae	https://doi.org/10.1206/0003-0090(2005)291<0001:SBOTGA>2.0.CO;2
1965			accepted	species	Dick Cheney: We admire these leaders as fellow citizens who have the courage of their convictions and are willing to do the very difficult and unpopular work of living up to principles of freedom and democracy rather than accepting the expedient or popular". Co-author Kelly Miller said "We intended the names to be honorific... We were two conservatives in academia working together (which is not common). It was early in the Iraq war period, and we were both in favor of intervention there... And finally, we love our beetles! We wouldn't name a new species after someone we didn't like. [In interviews,] we compared it to the Lewis and Clark expedition naming the three forks of the Missouri after Jefferson, Madison, and Gallatin (President, Vice President, and Secretary of the Treasury [at the time])	Agathidium cheneyi	Miller & Wheeler, 2005	2005	MILLER_2005	FALSE	Animalia	Arthropoda	Insecta	Coleoptera	Leiodidae	https://doi.org/10.1206/0003-0090(2005)291<0001:SBOTGA>2.0.CO;2
1966			accepted	species	Donald Rumsfeld: We admire these leaders as fellow citizens who have the courage of their convictions and are willing to do the very difficult and unpopular work of living up to principles of freedom and democracy rather than accepting the expedient or popular". Co-author Kelly Miller said "We intended the names to be honorific... We were two conservatives in academia working together (which is not common). It was early in the Iraq war period, and we were both in favor of intervention there... And finally, we love our beetles! We wouldn't name a new species after someone we didn't like. [In interviews,] we compared it to the Lewis and Clark expedition naming the three forks of the Missouri after Jefferson, Madison, and Gallatin (President, Vice President, and Secretary of the Treasury [at the time])	Agathidium rumsfeldi	Miller & Wheeler, 2005	2005	MILLER_2005	FALSE	Animalia	Arthropoda	Insecta	Coleoptera	Leiodidae	https://doi.org/10.1206/0003-0090(2005)291<0001:SBOTGA>2.0.CO;2
1967			accepted	species	Corazon Aquino	Agmasoma aquinoae	Enriquez & Sprague, 1988	1988	ENRIQUEZ_1988	FALSE	Fungi	Rozellomycota	Microsporea	Meiodihaplophasida	Thelohaniidae	https://doi.org/10.1111/j.1550-7408.1988.tb04350.x
1968			accepted	species	John Updike: named in honor of the late writer John Updike. Although Updike published sparingly on Neotropical beetles (1963), his use of metaphors, widely admired by critics, recommends this honor because, in a sense, a species which mimics another is a kind of metaphor for the mimicked species and benefits by being confused for its model by uncritical predators	Agrilus updikei	Hespenheide, 2012	2012	HESPENHEIDE_2012	FALSE	Animalia	Arthropoda	Insecta	Coleoptera	Buprestidae	https://doi.org/10.11646/zootaxa.3181.1.1
1969			accepted	species	Ted Turner: honoring Robert Edward "Ted" Turner III, an American media mogul and philanthropist renowned for his extensive contributions to environmental conservation. Turner, the founder of CNN and a major philanthropist, has been instrumental in numerous initiatives aimed at protecting the environment and biodiversity. His establishment of the Turner Endangered Species Fund and his efforts in large-scale land conservation have provided critical support for the preservation of diverse ecosystems, including those that likely sustain a great diversity of grasshopper species	Agroecotettix turneri	Hill, 2024	2024	Hill_2024	FALSE	Animalia	Arthropoda	Insecta	Orthoptera	Acrididae	https://doi.org/10.3897/zookeys.1218.133703
1970			accepted	genus	Akihito: The new genus name honors Emperor Akihito for his many contributions to goby systematics and phylogenetic research	Akihito	Watson, Keith, & Marquet, 2007	2007		FALSE	Animalia	Chordata	Teleostei	Gobiiformes	Gobiidae	
1971			accepted	species	Larry Niven	Aleiodes niveni	Butcher et al., 2012	2012	BUTCHER_2012	FALSE	Animalia	Arthropoda	Insecta	Hymenoptera	Braconidae	https://doi.org/10.11646/zootaxa.3457.1.1
1972			accepted	species	Al Gore: We name this species after the former American vice-president and Nobel Peace Laureate Al Gore to recognize his ecumenical efforts to alert the people of the planet about the global warming crisis. Amphibians are among the organisms most affected by this crisis, even without direct prosecution by humans. Concretely, the Andes of Venezuela [where this species is native from] have suffered an evident decimation of amphibian populations due to known and unknown causes	Allobates algorei	Barrio-Amorós & Santos, 2009	2009	Barrio_Amor_s_2009	FALSE	Animalia	Chordata	Amphibia	Anura	Aromobatidae	https://doi.org/10.11606/issn.2316-9079.v8i2p89-104
1973			accepted	species	Little Walter: The specific epithet is a patronym honouring the late musician "Little" Walter Jacobs whose ground-breaking approach to blues harmonica in the 1950s and 1960s set the standards for all subsequent players	Allocybaeina littlewalteri	Bennett, 2020	2020	BENNETT_2020	FALSE	Animalia	Arthropoda	Arachnida	Araneae	Cybaeidae	https://doi.org/10.11646/zootaxa.4845.3.8
1974			accepted	species	Ariano Suassuna: a tribute to the Brazilian writer Ariano Suassuna (1927-2014), whose works portray with excellence the region of northeastern Brazil, where the species was found	Amblyseius suassunai	Demite, Silva & Lofego, 2025	2025	Rodrigues_2025	FALSE	Animalia	Arthropoda	Arachnida	Mesostigmata	Phytoseiidae	https://doi.org/10.11158/saa.30.2.5
1975			accepted	species	Rubén Blades	Ami bladesi	Pérez-Miles, Gabriel & Gallon, 2008	2008	P_REZ_MILES_2008	FALSE						https://doi.org/10.11646/zootaxa.1915.1.3
1976			accepted	species	Daniel Kamwa: Named for Cameroonian filmmaker Daniel Kamwa (born 1943), director of the 1981 film Notre Fille	Anansus kamwai	Huber, 2014	2014	Huber_2014	FALSE	Animalia	Arthropoda	Arachnida	Araneae	Pholcidae	https://doi.org/10.5852/ejt.2014.81
1977			accepted	species	Marsha P. Johnson: The specific name honours Marsha P. Johnson [...], a black trans woman activist, who led the LGBTQI+ liberation movements that started in June of 1969, in the United States of America, and then spread across the world	Anaulacomera marshae	Fianco, 2021	2021	FIANCO_2021	FALSE	Animalia	Arthropoda	Insecta	Orthoptera	Tettigoniidae	https://doi.org/10.11646/zootaxa.4952.1.2
1978			accepted	species	Mario Vargas Llosa: honors the Peruvian writer, politician, journalist, and 2010 Nobel laureate Jorge Mario Pedro Vargas Llosa	Andinopanurgus vargasllosai	Gonzalez and Alvarado, 2019	2019	Gonzalez_Betancourt_2019	FALSE	Animalia	Arthropoda	Insecta	Hymenoptera	Andrenidae	https://doi.org/10.15381/rpb.v26i2.15586
1979			accepted	species	Murray Perahia	Andrena perahia	Pisanty & Schechl, 2016	2016	PISANTY_2016	FALSE	Animalia	Arthropoda	Insecta	Hymenoptera	Andrenidae	https://doi.org/10.11646/zootaxa.4189.3.3
1980			accepted	species	Terry Pratchett: in honour of Sir Terence David John "Terry" Pratchett, the wonderful writer "sometimes accused of literacy", a comic genius and the creator of the Discworld series	Anelosimus pratchetti	Agnarsson, 2012	2012	Agnarsson_2012	FALSE	Animalia	Arthropoda	Arachnida	Araneae	Theridiidae	https://doi.org/10.1071/is11039
1981			accepted	species	Che Guevara	Anheteromeyenia cheguevarai	Manconi & Pronzato, 2005	2005	Manconi_2005	FALSE	Animalia	Porifera	Demospongiae	Spongillida	Spongillidae	https://doi.org/10.1080/00222930500307327
1982			accepted	species	Vasily Arkhipov: Dedicated to the Soviet Navy Officer Vasili Alexandrovich Arkhipov (1926-1998), credited with preventing a Soviet nuclear strike during the Cuban Missile Crisis (1962)	Anomala arkhipovi	Limbourg, Dekoninck & Seidel, 2024	2024		FALSE	Animalia	Arthropoda	Insecta	Coleoptera	Scarabaeidae	
1983			accepted	species	Arnold Schwarzenegger: named in admiration after Mr Arnold Schwarzenegger, a multi-champion body builder, movie star, and businessman, because of their similarities in pleural development	Anthrenocerus schwarzeneggeri	Roach, 2000	2000	Roach_2000	FALSE	Animalia	Arthropoda	Insecta	Coleoptera	Dermestidae	https://doi.org/10.1071/IT97031
1984			accepted	species	Winfried Kretschmann: The specific name is a patronym for Winfried Kretschmann, the current Minister-President of the state of Baden-Württemberg (Germany) [where the specimens were collected], to honour his scientific curiosity and commitment to preserving biodiversity in his political environment	Aphanogmus kretschmanni	Moser, 2023	2023	Moser_2023	FALSE	Animalia	Arthropoda	Insecta	Hymenoptera	Ceraphronidae	https://doi.org/10.5852/ejt.2023.864.2095
1985			accepted	species	Ennio Morricone: The species is named in honour of the composer and trumpeter Ennio Morricone who died during the completion of this monograph. He was certainly an inspiration for the first author to learn to play the trumpet and to get into deeper contact with orchestral music	Aphanogmus morriconei	Salden & Peters, 2023	2023	Salden_2023	FALSE	Animalia	Arthropoda	Insecta	Hymenoptera	Ceraphronidae	https://doi.org/10.5852/ejt.2023.884.2181
1986			accepted	species	Rüdiger Nehberg: The species is named in honour of the survival expert and human rights activist Rüdiger Nehberg (1935–2020). In addition to his breathtaking and inspiring adventures, he has also campaigned for the protection of indigenous peoples and the fight against female genital mutilation	Aphanogmus nehbergi	Salden & Peters, 2023	2023	Salden_2023	FALSE	Animalia	Arthropoda	Insecta	Hymenoptera	Ceraphronidae	https://doi.org/10.5852/ejt.2023.884.2181
1987			accepted	species	Rainbow: The specific epithet is dedicated to the English rock band Rainbow, one of the most successful bands of the 1970s, and also refers to the iridescent colouration of the species	Aphantochilus rainbow	Díaz-Guevara, Troya & Domínguez-Trujillo, 2026	2026	D_az_Guevara_2026	FALSE	Animalia	Arthropoda	Arachnida	Araneae	Thomisidae	https://doi.org/10.13156/arac.2026.20.4.3
1988			accepted	species	Buddy Holly	Aphonopelma hollyi	Smith, 1995	1995	Hamilton_2016	FALSE	Animalia	Arthropoda	Arachnida	Araneae	Theraphosidae	https://doi.org/10.3897/zookeys.560.6264
1989			accepted	species	Johnny Cash: This species can be found near the area of Folsom Prison in California, and like Cash's distinctive style of dress... mature males of this species are generally black in color	Aphonopelma johnnycashi	Hamilton, Hendrixson, & Bond, 2016	2016		FALSE	Animalia	Arthropoda	Arachnida	Araneae	Theraphosidae	
1990			accepted	species	Chico Mendes	Apistogramma mendezi	Römer, 1994	1994		FALSE	Animalia	Chordata	Teleostei	Cichliformes	Cichlidae	
1991			accepted	species	César Chávez	Aptostichus chavezi	Bond, 2012	2012	Bond_2012	FALSE	Animalia	Arthropoda	Arachnida	Araneae	Euctenizidae	https://doi.org/10.3897/zookeys.252.3588
1992			accepted	species	Edward Abbey	Aptostichus edwardabbeyi	Bond, 2012	2012	Bond_2012	FALSE	Animalia	Arthropoda	Arachnida	Araneae	Euctenizidae	https://doi.org/10.3897/zookeys.252.3588
1993			accepted	species	Donald Harington (writer): This species is named in honor of Donald Harington, author of The Cockroaches of Stay More, a priceless novel about wonderful animals	Arenivaga haringtoni	Hopkins, 2014	2014	Hopkins_2014	FALSE	Animalia	Arthropoda	Insecta		Corydiidae	https://doi.org/10.3897/zookeys.384.6197
1994			accepted	species	Terry Pratchett: This species is named for the one and only Terry Pratchett, creator of Disc World and many happy hours of reading. May the strength and durability of these creatures I so love impart those gifts to him in full measure in his fight against Alzheimer's	Arenivaga pratchetti	Hopkins, 2014	2014	Hopkins_2014	FALSE	Animalia	Arthropoda	Insecta		Corydiidae	https://doi.org/10.3897/zookeys.384.6197
1995			accepted	species	Sharad Pawar: The specific epithet sharadchandrajii is chosen after Shri. Sharadchandraji Pawar, former Union Minister of Agriculture, Government of India, New Delhi for his valuable contribution to Indian agriculture	Argyreia sharadchandrajii	Lawand & Shimpale		P_R__2021	FALSE	Plantae	Tracheophyta	Magnoliopsida	Solanales	Convolvulaceae	https://doi.org/10.22244/rheedea.2021.31.01.03
1996			accepted	species	Chico Mendes	Argyrogrammana chicomendesi	Gallard, 1995	1995		FALSE	Animalia	Arthropoda	Insecta	Lepidoptera	Riodinidae	
1997			accepted	species	Bill Clinton	Arianops clintoni	Carlton, 2008	2008	Carlton_2008	FALSE	Animalia	Arthropoda	Insecta	Coleoptera	Staphylinidae	https://doi.org/10.1649/1082.1
1998			accepted	species	Al Gore: named after Al Gore, Tennessee native, former Vice President of the United States of America, Nobel Prize laureate, and champion of environmental causes	Arianops gorei	Carlton, 2008	2008	Carlton_2008	FALSE	Animalia	Arthropoda	Insecta	Coleoptera	Staphylinidae	https://doi.org/10.1649/1082.1
1999			accepted	species	B.B. King: named after Riley Ben King, known as B. B. King, which means Blues Boy King, one of the best guitar players that ever played, and who the authors very much admire. B.B. King played almost until the end of his life. He passed away in 2015, at the age of 90. We are very grateful to this man for all the wonderful songs and guitar solos	Aricidea bbkingi	Barroso, Paiva & Ranauro, 2020	2020	BARROSO_2020	FALSE	Animalia	Annelida	Polychaeta		Paraonidae	https://doi.org/10.11646/zootaxa.4838.3.6
2000			accepted	species	Ernesto Cardenal: dedicated to Ernesto Cardenal Martínez [...]. Known for [being a] Nicaraguan cultural figure: a Nicaraguan Catholic priest, poet and politician. He was a liberation theologian and the founder of the primitivist art community in the Solentiname Islands	Arisemus cardenali	Ježek, Oboňa, Maes & Pont, 2026	2026	JE_EK_2026	FALSE	Animalia	Arthropoda	Insecta	Diptera	Psychodidae	https://doi.org/10.11646/zootaxa.5752.4.7
2001			accepted	genus	Arnold Ap	Arnapa	Huber, 2019	2019	HUBER_2019	FALSE	Animalia	Arthropoda	Arachnida	Araneae	Pholcidae	https://doi.org/10.11646/zootaxa.4546.1.1
2002			accepted	species	Gary Gygax: Named in honor of Gary Gygax, whose creative contributions enriched the lives of both authors of this species	Arthronema gygaxiana	Casamatta & Johansen, 2005	2005	Casamatta_2005	FALSE	Bacillati	Cyanobacteriota	Cyanophyceae	Pseudanabaenales	Pseudanabaenaceae	https://doi.org/10.1111/j.1529-8817.2005.04062.x
2003			accepted	species	Bhairav Aryal: The genus is named in honor of the late Bhairav Aryal (Nepali: भैरव अर्याल), an iconic satirist of Nepali literature popularly known as the Emperor of Laughter (Nepali: हाँस्य सम्राट). The second part of the name, -donta, derives from the Greek word "ὀδών", meaning "tooth", and is a reference to Bhairav Aryal's iconic smile." "The specific epithet is derived from the Nepali word "itishree", which is the title of one of Bhairav Aryal's books and translates to "The End". The name is also a reference to the tragic end of Bhairav Aryal's life, as well as to his unyielding belief that an end is an invitation to a new beginning	Aryalidonta itishreea	Subedi & Kasalo, 2023	2023	Subedi_2023	FALSE	Animalia	Arthropoda	Insecta	Orthoptera	Tetrigidae	https://doi.org/10.3897/jor.32.94918
2004			accepted	species	Sebastián Piñera: dedicated to the President of the Republic of Chile, Mr. Sebastián Piñera Echenique, for his great contribution to the development of the country	Aspidolobus sebastianpinerai	Vidal, 2018	2018		FALSE						
2005			accepted	species	Marilyn Monroe: named after the American actress Marilyn Monroe. The protruded mouth in the new species is reminiscent of her puckered lips	Asteriomyzostomum monroeae	Jimi, Moritaki & Kajihara, 2017	2017	Jimi_2017	FALSE						https://doi.org/10.1016/j.parint.2017.08.001
2006			accepted	species	Chico Mendes	Astyanax chico	Casciotta & Almirón, 2004	2004	Ter_n_2020	FALSE	Animalia	Chordata	Teleostei	Characiformes	Acestrorhamphidae	https://doi.org/10.1093/zoolinnean/zlaa019
2007			accepted	species	Annisette Koppel: named in honour of the Danish singer Annisette Koppel (born Hansen), in recognition of her long career	Autosilis annisettaekoppelae	Fanti & Damgaard, 2018	2018		TRUE						
2008			accepted	species	John Cleese: Named in honor of British actor and comedian John Cleese for his promotion of conservation issues in movies such as Fierce Creatures [ Schepisi & Young, 1997] and documentaries such as Born to be Wild: Operation Lemur With John Cleese [Kershaw & Cleese, 1999]." Cleese said: "I was really touched, and indeed, honoured when Urs Thalmann told me they would like to name the lemur after me. I'm absurdly fond of the little creatures, and if I had to show any of my programmes to St Peter, upon my arrival at the Pearly Gates, I think I would show him my documentary made about them in Madagascar. I help with conservation a bit, here and there, and so will re-double my efforts for our furry friends	Avahi cleesei	Thalmann & Geissmann, 2005	2005	Thalmann_2005	FALSE	Animalia	Chordata	Mammalia	Primates	Indriidae	https://doi.org/10.1002/ajp.20191
2009			accepted	species	Glauber Rocha	Ayacucho glauberrochai	Benedetti & Pinto-da-Rocha, 2022	2022	Benedetti_2022	FALSE	Animalia	Arthropoda	Arachnida	Opiliones	Metasarcidae	https://doi.org/10.3897/asp.80.e73829
2010			accepted	species	Steven Spielberg	Ayacucho spielbergi	Benedetti & Pinto-da-Rocha, 2022	2022	Benedetti_2022	FALSE	Animalia	Arthropoda	Arachnida	Opiliones	Metasarcidae	https://doi.org/10.3897/asp.80.e73829
2011			accepted	species	Mario Vargas Llosa: dedicated to the Peruvian writer, politician, journalist, essayist, filmmaker, college professor and Nobel Prize winner Jorge Mario Pedro Vargas Llosa (born 1936)	Ayacucho vargasllosai	Benedetti & Pinto-da-Rocha, 2022	2022	Benedetti_2022	FALSE	Animalia	Arthropoda	Arachnida	Opiliones	Metasarcidae	https://doi.org/10.3897/asp.80.e73829
2012			accepted	genus	Azlan Shah of Perak: The new genus, Azlania, is named after the Sultan of Perak, Raja Azlan, the Patron of the MNS-Belum Scientific Expedition, 1993-1994. During the Expedition a number of Azlania costatipennis specimens were collected	Azlania	Mohamedsaid, 1996	1996		FALSE						
2013			accepted	species	Carl Sagan: referring to Carl Sagan, a well-known American astrophysicist with experiments on the Viking mission landers	Bacillus saganii	Seuylemezian et al., 2020	2020	Seuylemezian_2020	FALSE	Bacillati	Bacillota	Bacilli	Caryophanales	Bacillaceae	https://doi.org/10.1099/ijsem.0.003714
2014			accepted	species	Poornachandra Tejaswi	Baeus tejaswii	Veenakumari, 2020	2020	Kamalanathan_2020	FALSE	Animalia	Arthropoda	Insecta	Hymenoptera	Scelionidae	https://doi.org/10.1080/00222933.2020.1770885
2015			accepted	species	ABBA	Balmaceda abba	Edwards & Baert, 2018	2018		FALSE	Animalia	Arthropoda	Arachnida	Araneae	Salticidae	
2016			accepted	species	Ritchie Blackmore: The species is named after Ritchie Blackmore, guitarist of Deep Purple and Rainbow, in recognition of his influential role in rock music history	Bamberotanais blackmorei	Głuchowska & Błażewicz, 2026	2026	Kamila_2026	FALSE	Animalia	Arthropoda	Malacostraca	Tanaidacea	Akanthophoreidae	https://doi.org/10.1016/j.pocean.2025.103591
2017			accepted	species	Eric Clapton: The species is named after Eric Clapton, British guitarist and songwriter, in recognition of his influential legacy in blues and rock music	Bamberotanais claptoni	Głuchowska & Błażewicz, 2026	2026	Kamila_2026	FALSE	Animalia	Arthropoda	Malacostraca	Tanaidacea	Akanthophoreidae	https://doi.org/10.1016/j.pocean.2025.103591
2018			accepted	species	Jimi Hendrix: The species is named after Jimi Hendrix, an American guitarist and singer-songwriter, in recognition of his groundbreaking contributions to modern music	Bamberotanais hendrixi	Głuchowska & Błażewicz, 2026	2026	Kamila_2026	FALSE	Animalia	Arthropoda	Malacostraca	Tanaidacea	Akanthophoreidae	https://doi.org/10.1016/j.pocean.2025.103591
2019			accepted	species	Jimmy Page: The species is named after Jimmy Page, British guitarist and founder of Led Zeppelin, in recognition of his lasting impact on rock music	Bamberotanais pagei	Głuchowska & Błażewicz, 2026	2026	Kamila_2026	FALSE	Animalia	Arthropoda	Malacostraca	Tanaidacea	Akanthophoreidae	https://doi.org/10.1016/j.pocean.2025.103591
2020			accepted	species	Jim Morrison: honors Jim Morrison, vocalist and lizard king	Barbaturex morrisoni	Head et al., 2013	2013	Head_2013	TRUE						https://doi.org/10.1098/rspb.2013.0665
2021			accepted	species	Sirikit: dedicated to Sirikit, the queen mother of Thailand, because the holotype and the part of paratypes [sic] were collected near the Queen Sirikit Botanic Garden in Chiang Mai Province of Thailand	Barsine sirikitae	Volynkin & Černý, 2018	2018	Volynkin_2018	FALSE	Animalia	Arthropoda	Insecta	Lepidoptera	Erebidae	https://doi.org/10.1016/j.aspen.2018.07.020
2022			accepted	species	Paul Darrow: The specific name honours British actor Paul Darrow, best known for his role in the television series Blake's Seven, in recognition of his support of continuing palaeontological investigations of the Riversleigh deposits	Baru darrowi	Wilis, Murray & Megirian, 1990	1990		TRUE						
2023			accepted	species	Stephen Hawking: named to commemorate Professor Stephen Hawking [...], in appreciation of his great contribution to the popularisation of natural sciences, and to underline that the deep sea is as poorly known as the cosmos	Bathyceradocus hawkingi	Jażdżewska & Ziemkiewicz, 2019	2019	Ja_d_ewska_2019	FALSE	Animalia	Arthropoda	Malacostraca	Amphipoda	Maeridae	https://doi.org/10.1016/j.pocean.2018.12.012
2024			accepted	species	A. P. J. Abdul Kalam: The specific epithet, kalami refers to Dr. A. P. J. Abdul Kalam, Indian aerospace scientist and eleventh president of India, also known as the "Missile Man of India", who was native to the type locality of the current species	Batillipes kalami	Vishnudattan, Rubal & Bijoy Nandan, 2023	2023	VISHNUDATTAN_2023	FALSE	Animalia	Tardigrada	Heterotardigrada	Arthrotardigrada	Batillipedidae	https://doi.org/10.11646/zootaxa.5346.2.4
2025			accepted	species	Ronnie James Dio: Named after the late Ronnie James Dio, according to the senior author the greatest rock singer of all times	Beardius dioi	Pinho, Mendes & Andersen, 2013	2013	PINHO_2013	FALSE	Animalia	Arthropoda	Insecta	Diptera	Chironomidae	https://doi.org/10.11646/zootaxa.3742.1.1
2026			accepted	genus	Zdzisław Beksiński	Beksitanais	Jakiel, Palero & Błażewicz, 2019	2019	Jakiel_2019	FALSE	Animalia	Arthropoda	Malacostraca	Tanaidacea	Pseudotanaidae	https://doi.org/10.1038/s41598-019-51434-z
2027			accepted	species	Jerry Brown and Anne Gust Brown: The specific epithet [...] refers to Jerry and Anne Brown, former Governor and First Lady of California, respectively. The name is formed in their honor as it was their hospitality and openness to allowing access for research of insects on their ranch, the type locality, which led to the discovery of this species. Additionally, this honors their long commitment to environmentalism and continued efforts in the international climate-change movement	Bembidion brownorum	Maddison, Sproul & Will, 2023	2023	Maddison_2023	FALSE	Animalia	Arthropoda	Insecta	Coleoptera	Carabidae	https://doi.org/10.3897/zookeys.1156.101072
2028			accepted	species	Ariano Suassuna: in honor of the famous writer Ariano Vilar Suassuna for his efforts towards promoting and strengthening cultural awareness of the Northeast Brazilian region. Also, the first author was born on the same date as Ariano Suassuna (June 16th)	Biancolina suassunai	Andrade & Souza-Filho, 2022	2022	Andrade_2022	FALSE	Animalia	Arthropoda	Malacostraca	Amphipoda	Ampithoidae	https://doi.org/10.11606/1807-0205/2022.62.048
2029			accepted	species	Edgar Froese and Jerome Froese: The specific epithet honors the late Edgar Froese, the founder of the instrumental music band Tangerine Dream, and his son Jerome Froese, the former member of Tangerine Dream and the founder and leader of the instrumental music band Loom	Bisticeratops froeseorum	Dalman et al., 2022	2022		TRUE						
2030			accepted	species	Peyo: The specific epithet is a patronym in honor of the Belgian cartoonist Pierre Culliford (1928–1992), mostly known by his pseudonym 'Peyo', who created the comic strip The Smurfs. The type locality of this new species is located near the Pampachiri Stone Forest, which is known as Smurf's house because of the conical rock formations. Moreover, the prominent projection of the cephalic region of the male resembles the shape of the Smurfs' hats	Bistriopelma peyoi	Nicoletta et al., 2020	2020	Nicoletta_2020	FALSE	Animalia	Arthropoda	Arachnida	Araneae	Theraphosidae	https://doi.org/10.5852/ejt.2020.644
2031			accepted	genus	Bob Marley: The generic name is given as an allusion to the shape of the tentacular crown in which the tentacles largely resemble dreadlocks, a hairstyle popularised by the reggae singer and songwriter Bob Marley	Bobmarleya	Hilário & Cunha, 2008	2008	Hil_rio_2008	FALSE	Animalia	Annelida	Polychaeta	Sabellida	Siboglinidae	https://doi.org/10.3989/scimar.2008.72n2361
2032			accepted	species	Václav Havel	Borboresthes vaclavhaveli	Novák, 2014	2014		FALSE						
2033			accepted	species	John Cale	Borealarges calei	Adrain, 1994	1994		TRUE	Animalia	Arthropoda	Trilobita	Lichida	Lichidae	
2034			accepted	species	Sterling Morrison	Borealarges morrisoni	Adrain, 1994	1994		TRUE	Animalia	Arthropoda	Trilobita	Lichida	Lichidae	
2035			accepted	species	Nico	Borealarges nicoae	Adrain, 2003	2003	Adrain_2003	TRUE	Animalia	Arthropoda	Trilobita	Lichida	Lichidae	https://doi.org/10.1139/e03-008
2036			accepted	species	Lou Reed	Borealarges reedi	Adrain, 1994	1994	Adrain_1994	TRUE	Animalia	Arthropoda	Trilobita	Lichida	Lichidae	https://doi.org/10.1017/S002233600002669X
2037			accepted	species	Moe Tucker	Borealarges tuckerae	Adrain, 1994	1994		TRUE	Animalia	Arthropoda	Trilobita	Lichida	Lichidae	
2038			accepted	species	Andy Warhol	Borealarges warholi	Adrain, 2003	2003		TRUE	Animalia	Arthropoda	Trilobita	Lichida	Lichidae	
2039			accepted	species	Doug Yule	Borealarges yulei	Adrain, 2003	2003		TRUE	Animalia	Arthropoda	Trilobita	Lichida	Lichidae	
2040			accepted	genus	David Bowie: named after David Bowie (1947–2016) for the creative, innovative and unique kind of music he composed and performed." Jäger added: "On the occasion of David Bowie's 75th birthday, I wanted to commemorate this incomparable artist who left us much too early.[...] However, what matters most to me here is the idea of conservation: we only protect what we know – and an attractive name is much more likely to be remembered	Bowie	Jäger, 2022	2022	J_GER_2022	FALSE	Animalia	Arthropoda	Arachnida	Araneae	Ctenidae	https://doi.org/10.11646/zootaxa.5170.1.1
2041			accepted	species	Luiz Inácio Lula da Silva: The specific epithet honors Luiz Inácio Lula da Silva, who has been elected President of Brazil on three occasions. Through this tribute, we seek to encourage the expansion of conservation initiatives focused on the Atlantic Forest as a whole, and on Brazil's highly endemic miniaturized frogs in particular	Brachycephalus lulai	Bornschein et al., 2025	2025	Bornschein_2025	FALSE	Animalia	Chordata	Amphibia	Anura	Brachycephalidae	https://doi.org/10.1371/journal.pone.0334746
2042			accepted	species	Yuri Nikitin (author): is dedicated to the famous Russian writer and amateur of entomology Mr. Yu. A. Nikitin	Brachystegus nikitini	Nemkov, 2004	2004	NEMKOV_2004	FALSE	Animalia	Arthropoda	Insecta	Hymenoptera	Crabronidae	https://doi.org/10.11646/zootaxa.641.1.1
2043			accepted	species	Víctor Jara: In honor of the Chilean poet, singer, and political activist Victor Lidio Jara Martínez (1932–1973). A beautiful species for a respectful soul	Bradleya victorjarai	Bergue & Coimbra, 2023	2023	BERGUE_2023	TRUE	Animalia	Arthropoda	Ostracoda	Podocopida	Thaerocytheridae	https://doi.org/10.1590/0001-3765202320220369
2044			accepted	species	Ian Stewart: The naming [...] completes the "Rolling Stoneflies" [see also species in the genera Electroneuria, Lapisperla, Largusoperla and Petroperla]. It refers to Ian "Stu" Stewart, keyboard player and founding member of The Rolling Stones. Often referred to as "the 6th member of the Rolling Stones", he was removed from the official line-up already in 1963, but continued to work with the band until his sudden death in 1985	Branchioperla ianstewarti	Sroka & Staniczek, 2019	2019	Sroka_2020	TRUE	Animalia	Arthropoda	Insecta	Plecoptera	Petroperlidae	https://doi.org/10.1016/j.cretres.2019.104277
2045			accepted	species	Belchior (singer): Named after Antônio Carlos Belchior (stage name Belchior), a remarkable Brazilian popular singer and songwriter [...] who has amazed and inspired generations with his talent, and who is the first author's favorite artist	Branchiosyllis belchiori	Nascimento, Fukuda & Paiva, 2019	2019	NASCIMENTO_2019a	FALSE	Animalia	Annelida	Polychaeta	Phyllodocida	Syllidae	https://doi.org/10.11646/zootaxa.4568.2.6
2046			accepted	species	Gonzaguinha: Named after Luiz Gonzaga do Nascimento Júnior (stage name Gonzaguinha), a remarkable Brazilian popular songwriter and singer [...] who has amazed and inspired generations with his talent, especially for his artistic production during the last period of military dictatorship in Brazil	Branchiosyllis gonzaguinhai	Nascimento, Fukuda & Paiva, 2019	2019	NASCIMENTO_2019a	FALSE	Animalia	Annelida	Polychaeta	Phyllodocida	Syllidae	https://doi.org/10.11646/zootaxa.4568.2.6
2047			accepted	species	Carl Muller: Named for the Sri Lankan writer, poet and journalist Carl Muller, best known for his trilogy: The Jam Fruit Tree, Yakada Yaka and Once Upon A Tender Time	Brignolia carlmulleri	Ranasinghe & Benjamin, 2016	2016	RANASINGHE_2016	FALSE	Animalia	Arthropoda	Arachnida	Araneae	Oonopidae	https://doi.org/10.11646/zootaxa.4144.4.1
2048			accepted	species	Michael Ondaatje: Named for Sri Lankan-born Canadian novelist and poet, Philip Michael Ondaatje, best known for The English Patient and our favorite Anil's Ghost." Ondaatje said "Well I am thrilled of course [...] I thought a small creek would be enough to have my name attached to or a lane like the one bp Nichol got. But the goblin spider of Sri Lanka certainly raises the bar	Brignolia ondaatjei	Ranasinghe & Benjamin, 2016	2016	RANASINGHE_2016	FALSE	Animalia	Arthropoda	Arachnida	Araneae	Oonopidae	https://doi.org/10.11646/zootaxa.4144.4.1
2049			accepted	species	Robert Rankin: The species name is in honor of the British author Robert Rankin [...], as a heartfelt thank-you for the many far-fetched books he has written. These have provided the first author with endless joy over the last decades; moreover, it is a fact well known to those who know it well that 2021 marks the 40th anniversary of Rankin as a published author. Thus, given the specific name of the host [Pycnonotus jocosus], an associated louse named Brueelia robertrankini sp. nov. seems apropos, if you know what we mean	Brueelia robertrankini	Gustafsson, Najer, Zhou & Bush, 2022	2022	Gustafsson_2022	FALSE	Animalia	Arthropoda	Insecta	Psocodea	Philopteridae	https://doi.org/10.5852/ejt.2022.800.1683
2050			accepted	species	David Bowie: Named after David Bowie, British popular musician (1947–) and third author's favourite artist	Bugula bowiei	Vieira, Winston & Fehlauer-Ale, 2012	2012	Vieira_2012	FALSE	Animalia	Bryozoa	Gymnolaemata	Cheilostomatida	Bugulidae	https://doi.org/10.1371/journal.pone.0040492
2051			accepted	species	Edward Tingatinga: In honour of Edward Saidi Tingatinga (1932–72), a self-taught painter who established Tanzanian Tingatinga, a style of art which involves painting on masonite using bicycle paint	Buitinga tingatingai	Huber, 2003	2003	HUBER_2003aa	FALSE	Animalia	Arthropoda	Arachnida	Araneae	Pholcidae	https://doi.org/10.1046/j.1096-3642.2003.00053.x
2052			accepted	species	John Lennon: The specific name is patronymic in honor of John Winston Lennon (1940–1980), the legendary creator of The Beatles, who contributed to make this world a gentler place	Bumba lennoni	Pérez-Miles et al., 2014	2014	Perez_Miles_2014	FALSE	Animalia	Arthropoda	Arachnida	Araneae	Theraphosidae	https://doi.org/10.3897/zookeys.448.7920
2053			accepted	species	The Beatles: named after the musical rock group 'The Beatles', whose songs were my early inspiration	Bushiella beatlesi	Rzhavsky, 1993	1993	Rzhavsky_1993	FALSE	Animalia	Annelida	Polychaeta	Sabellida	Serpulidae	https://doi.org/10.1080/00785326.1993.10429890
2054			accepted	species	Félix Rodríguez de la Fuente: a patronym honoring the great Spanish naturalist and documentary maker Félix Samuel Rodríguez de la Fuente [...], who tragically died in a plane crash on his 52nd birthday, while filming in Alaska. His wildlife documentaries inspired a complete generation of biologists (ours) to observe and eventually study nature. A crucial part of his work was devoted to Doñana National Park, just south [of] the site where this new species was discovered	Buthus delafuentei	Teruel & Turiel, 2020	2020		FALSE	Animalia	Arthropoda	Arachnida	Scorpiones	Buthidae	
2055			accepted	species	Lech Wałęsa: Named in honour of President Lech Wałęsa, a Polish national hero and co-creator of our independence	Bythinella walensae	Falniowski, Hofman & Rysiewska, 2016	2016	Falniowski_2016	FALSE	Animalia	Mollusca	Gastropoda	Littorinimorpha	Bythinellidae	https://doi.org/10.12657/folmal.024.017
2056			accepted	species	Svend Åge Madsen: in honour of the Danish novelist Svend Åge Madsen, in recognition of his writings	Cacomorphocerus madseni	Fanti & Damgaard, 2018	2018		TRUE	Animalia	Arthropoda	Insecta	Coleoptera	Cantharidae	
2057			accepted	species	Harrison Ford: In honor of screen actor Harrison Ford, in recognition of his efforts on behalf of the American Museum	Calponia harrisonfordi	Platnick, 1993	1993		FALSE	Animalia	Arthropoda	Arachnida	Araneae	Caponiidae	
2058			accepted	species	Mohammad-Reza Shajarian: named [in] honor of Mohammad-Reza Shajarian, an acclaimed Iranian classical singer, composer and master of Persian traditional music	Capoeta shajariani	Jouladeh-Roudbar et al., 2017	2017		FALSE	Animalia	Chordata	Teleostei	Cypriniformes	Cyprinidae	
2059			accepted	species	John Lennon	Carabus lennoni	Gottwald, 1985	1985		FALSE	Animalia	Arthropoda	Insecta	Coleoptera	Carabidae	
2060			accepted	species	Djavan	Carapoia djavani	Huber, 2018	2018	HUBER_2018a	FALSE	Animalia	Arthropoda	Arachnida	Araneae	Pholcidae	https://doi.org/10.11646/zootaxa.4395.1.1
2061			accepted	species	Ariano Suassuna	Carapoia suassunai	Huber, 2018	2018	HUBER_2018a	FALSE	Animalia	Arthropoda	Arachnida	Araneae	Pholcidae	https://doi.org/10.11646/zootaxa.4395.1.1
2062			accepted	genus	Carlo Monni	Carlomonnius	Bannikov & Carnevale, 2016	2016	Bannikov_2016	TRUE						https://doi.org/10.3140/bull.geosci.1577
2063			accepted	species	Patrice Lumumba	Carteronius lumumba	Bonaldo & Ramírez, 2022	2022	BONALDO_2022	FALSE	Animalia	Arthropoda	Arachnida	Araneae	Corinnidae	https://doi.org/10.11646/zootaxa.5205.4.3
2064			accepted	species	Terry Pratchett: named after deceased author Sir Terry Pratchett, who wrote numerous books and plays throughout his career that inspired millions. He taught us how to understand the world and our place in it, which is really what science is about. He told us that, in order to really see the world, you have to "[o]pen your eyes and then open your eyes again"	Cavilignum pratchettii	Siegert & Hermsen			TRUE						https://doi.org/10.1016/j.revpalbo.2020.10417
2065			accepted	species	Michael Crichton: The species name honors Michael Crichton for promoting the public's interest in dinosaurs through his Jurassic Park novels	Cedrorestes crichtoni	Gilpin et al., 2007	2007	Gilpin	TRUE						https://doi.org/10.2307/j.ctt1zxz1md.10
2066			accepted	species	Al Gore: in recognition of [Mr. Gore's] important contribution to raise awareness of need for climate action, as exemplified by the award of the Nobel Peace Prize 2007, received jointly with the Intergovernmental Panel on Climate Change	Cephalaeschna algorei	Karube & Kompier, 2017	2017		FALSE	Animalia	Arthropoda	Insecta	Odonata	Aeshnidae	
2067			accepted	species	Pink Floyd	Cephalonomia pinkfloydi	Ward, 2013	2013	Ward_2013	FALSE	Animalia	Arthropoda	Insecta	Hymenoptera	Bethylidae	https://doi.org/10.1080/00779962.2012.759084
2068			accepted	species	Brian Eno: named after the seminal musician, composer, producer, visual artist, and theorist, Brian Peter George St John Baptiste de la Salle Eno, who has pioneered, and played an important role in ambient, rock, pop, and electronic music	Ceraleurodicus brianeno	Canty, 2023	2023	CANTY_2023	FALSE	Animalia	Arthropoda	Insecta	Hemiptera	Aleyrodidae	https://doi.org/10.11646/zootaxa.5277.2.4
2069			accepted	species	Wire: The species epithet [...] is the name of a seminal art-rock group, Wire, whose members have shown an interest in nature and natural history in their work	Ceraleurodicus wire	Canty, 2023	2023	CANTY_2023	FALSE	Animalia	Arthropoda	Insecta	Hemiptera	Aleyrodidae	https://doi.org/10.11646/zootaxa.5277.2.4
2070			accepted	species	Wangarĩ Maathai: named in honour of the Kenyan activist Wangarĩ Muta Maathai (1940–2011) who founded the Green Belt Movement and won the Nobel Peace Prize as first African woman	Ceraphron maathaiae	Salden & Peters, 2023	2023		FALSE	Animalia	Arthropoda	Insecta	Hymenoptera	Ceraphronidae	
2071			accepted	species	Carl Sagan: in honor of the eminent North American astronomer Carl Sagan (1934–1996), whose passion for the communication of science continues to inspire	Ceratophrys sagani	Barcelos, Almeida-Silva, Santos & Verdade, 2020	2020	Barcelos_2020	TRUE	Animalia	Chordata	Amphibia	Anura	Ceratophryidae	https://doi.org/10.1080/02724634.2020.1811293
2072			accepted	species	Oliver Sacks: in memory of the distinguished neurologist and historian of science Oliver Sacks (1933–2015), who loved cycads and publicised them through a popular book, Island of the Color Blind and Cycad Island (Sacks 1997) and his love of Oaxaca [where the type locality is] as exemplified in his book, Oaxaca Journal, a book on the natural and cultural history of Southern Mexico with an emphasis on ferns	Ceratozamia oliversacksii	D.W.Stev., Mart.-Domínguez & Nic.-Mor.		Mart_nez_Dom_nguez_2022	FALSE	Plantae	Tracheophyta	Cycadopsida	Cycadales	Zamiaceae	https://doi.org/10.1007/s12225-021-09992-x
2073			accepted	species	Leonard Cohen: During our 2016 expedition, the extraordinary artist Leonard Cohen (1934–2016) passed away, and we wish to name this species after him	Cervellaea coheni	Borovec & Meregalli, 2021	2021	Meregalli_2021	FALSE	Animalia	Arthropoda	Insecta	Coleoptera	Curculionidae	https://doi.org/10.1093/zoolinnean/zlaa142
2074			accepted	species	Charlie Watts: named after the British musician Charles Robert Watts, drummer of the Rolling Stones, who sadly passed away during the preparation of this paper	Chaetodon wattsi	Marramà, Giusberti & Carnevale, 2022	2022	MARRAMA__2022	TRUE	Animalia	Chordata	Teleostei	Acanthuriformes	Chaetodontidae	https://doi.org/10.54103/2039-4942/16601
2075			accepted	genus	Che Guevara: named after E. "Che" Guevara, the legendary Latin American revolutionary, very popular in the Caribbean region	Cheguevaria	Kazantsev, 2006	2006		FALSE	Animalia	Arthropoda	Insecta	Coleoptera	Lampyridae	
2076			accepted	species	Juan Carlos I: Gardens of the Queen") islands in Cuba, and named after Juan Carlos I to celebrate the visit of the King and Queen of Spain to Cuba arranged for the following year after publication (1999) (the first ever by Spanish monarchs). The sea snail species Volvarina sofiae, found in Jardines del Rey ("Gardens of the King	Chelidonura juancarlosi	Ortea & Espinosa, 1998	1998		FALSE	Animalia	Mollusca	Gastropoda		Aglajidae	
2077			accepted	genus	Chespirito: is a patronym to Roberto Gómez Bolaños (1929–2014), known by his stage name of Chespirito (little Shakespeare). Chespirito was of Mexican nationality, and a prolific screenwriter, comedian, actor and director, regarded as one of the most brilliant artists of his time	Chespirito	Ferreira, Keller & Branham, 2020	2020	Ferreira_2020	FALSE	Animalia	Arthropoda	Insecta	Coleoptera	Lampyridae	https://doi.org/10.1093/isd/ixaa014
2078			accepted	species	Chespirito: in memory of Roberto Gómez Bolaños, Mexican screenwriter, actor, comedian and creator of the character Chespirito	Chespiritos bolanosi	Kuwahara & Marshall, 2020	2020	KUWAHARA_2020	FALSE	Animalia	Arthropoda	Insecta	Diptera	Sphaeroceridae	https://doi.org/10.14411/eje.2020.019
2079			accepted	species	Art Garfunkel: Named for Art Garfunkel, who sang "Bright Eyes" for the soundtrack of the 1978 animated film Watership Down. Like the rabbit to which the song alludes, the new crab species also lives in holes, and is remarkable for its brightly shining eyes	Chiromantes garfunkel	Davie & Ng, 2013	2013	DAVIE_2013	FALSE	Animalia	Arthropoda	Malacostraca	Decapoda	Sesarmidae	https://doi.org/10.11646/zootaxa.3609.1.1
2080			accepted	species	Félix Rodríguez de la Fuente	Choeras felixrodriguezi	Fernández-Triana, 2020	2020		FALSE						
2081			accepted	species	Manu Dibango: honours Manu Dibango, a famous saxophonist and singer-songwriter from Cameroon, who incorporated jazz and traditional Cameroonian elements into his music	Cichlidogyrus dibangoi	Moons et al., 2023	2023	Moons_2023	FALSE	Animalia	Platyhelminthes	Monogenea	Dactylogyridea	Ancyrocephalidae	https://doi.org/10.1051/parasite/2023023
2082			accepted	species	Ladislav Smoljak: in honour of Ladislav Smoljak (1931–2010), one of the preeminent biographers of Jára	Cimrmaniela smoljaki	Frýda, Ferrová & Frýdová, 2013	2013	FR_DA_2013	TRUE						https://doi.org/10.11646/zootaxa.3669.4.3
2083			accepted	species	Chico Mendes: named after Francisco Alves Mendes Filho, popularly known as Chico Mendes, a rubber tapper and activist who gained an international reputation for the defense of the Amazonian biodiversity. Furthermore, the present name honors all workers of the ICMBio (in Portuguese, Instituto Chico Mendes de Conservação da Biodiversidade), who continue to keep alive Mendes' ideals	Circoniscus mendesi	López-Orozco, Campos-Filho & Bichuette, 2024	2024	L_pez_Orozco_2024	FALSE	Animalia	Arthropoda	Malacostraca	Isopoda	Scleropactidae	https://doi.org/10.5852/ejt.2024.921.2421
2084			accepted	species	Miriam Makeba: named in honor of Zenzile Miriam Makeba (1932–2008), who is also known as "Mama Africa", a South African singer and a great activist defending human rights and against Apartheid	Cis makebae	Souza-Gonçalves & Lopes-Andrade, 2017	2017	Souza_Gon_alves_2017	FALSE	Animalia	Arthropoda	Insecta	Coleoptera	Ciidae	https://doi.org/10.1111/ens.12265
2085			accepted	species	Hugh Masekela: named in honor of Hugh Ramopolo Masekela, a South African composer, musician and singer of jazz, whose songs protested slavery and Apartheid	Cis masekelai	Souza-Gonçalves & Lopes-Andrade, 2017	2017	Souza_Gon_alves_2017	FALSE	Animalia	Arthropoda	Insecta	Coleoptera	Ciidae	https://doi.org/10.1111/ens.12265
2086			accepted	species	Brian May	Clavus brianmayi	Fedosov & Puillandre, 2020	2020	Fedosov_2020	FALSE	Animalia	Mollusca	Gastropoda	Neogastropoda	Drilliidae	https://doi.org/10.1080/13235818.2020.1788695
2087			accepted	species	David Gilmour	Clavus davidgilmouri	Fedosov & Puillandre, 2020	2020	Fedosov_2020	FALSE	Animalia	Mollusca	Gastropoda	Neogastropoda	Drilliidae	https://doi.org/10.1080/13235818.2020.1788695
2088			accepted	species	René Goscinny	Clusia goscinnyi	J.E.Nascim. & Bittrich		NASCIMENTO_JR_2017	FALSE	Plantae	Tracheophyta	Magnoliopsida	Malpighiales	Clusiaceae	https://doi.org/10.11646/phytotaxa.309.1.9
2089			accepted	species	Steven Spielberg: in honour of Steven Spielberg, the director of the three Jurassic Park movies [sic; he directed the first two but not the third] in which dinosaurs and pterosaurs were animated	Coloborhynchus spielbergi	Veldmeijer, 2003	2003	Jacobs_2019	TRUE						https://doi.org/10.1016/j.cretres.2018.10.018
2090			accepted	species	Patrice Lumumba: The specific epithet refers to Patrice Émery Lumumba, who was born on 2 July 1925 in Katako-Kombe, in the middle of the range of the new species. He was a Congolese politician and independence leader who served as the first Prime Minister of the newly independent Democratic Republic of the Congo from June until September 1960. He was one of the principal individuals involved in the independence of the DRC and he led the Congolese National Movement party from its founding in 1958. This movement was inclusive and not based on ethnic lines. On 17 January 1961, he was assassinated by Katangan and Belgian forces following an independence effort by the former group	Colomys lumumbai	Kerbis Peterhans, Giarla & Demos, 2020	2020	Giarla_2020	FALSE	Animalia	Chordata	Mammalia	Rodentia	Muridae	https://doi.org/10.1093/zoolinnean/zlaa108
2091			accepted	genus	John Coltrane	Coltraneia	Lieberman & Kloc, 1997	1997		TRUE	Animalia	Arthropoda	Trilobita	Phacopida	Acastidae	
2092			accepted	species	Jimi Hendrix: The epithet "hendrixii" is in honor of Jimi Hendrix, guitarist and singer-songwriter, who wrote the song "Purple Haze," in reference to the purple color of the flowers of the new species	Conchocarpus hendrixii	Groppo, I.G.Costa & Bruniera		GROPPO_2019	FALSE	Plantae	Tracheophyta	Magnoliopsida	Sapindales	Rutaceae	https://doi.org/10.11646/phytotaxa.422.1.5
2093			accepted	species	Lemmy: in honor of 'Lemmy' Kilmister (1945–2015), leader of the heavy-metal band Motörhead, of whom the senior author is a big fan	Constrictoanchoratus lemmyi	Ferreira, Rodrigues, Cunha & Domingues, 2017	2017	Ferreira_2017	FALSE	Animalia	Platyhelminthes	Monogenea	Dactylogyridea	Ancyrocephalidae	https://doi.org/10.1017/s0022149x17000384
2094			accepted	species	Johnny Cash	Conus cashi	Hendricks, 2015	2015	Hendricks_2015	TRUE	Animalia	Mollusca	Gastropoda	Neogastropoda	Conidae	https://doi.org/10.1371/journal.pone.0120924
2095			accepted	species	Antonio Gades: With the name Conus gadesi, for this beautiful animal with a red body and a white shell, the authors wish to pay homage to the brilliant Spanish dancer and choreographer Antonio Gades, committed to Cuba, with whose sea he declared himself to be fervently in love	Conus gadesi	Espinosa & Ortea, 2005	2005		FALSE	Animalia	Mollusca	Gastropoda	Neogastropoda	Conidae	
2096			accepted	species	A. P. J. Abdul Kalam: Named after the former President, Republic of India, Dr. A. P. J. Abdul Kalam, as this species description coincided with his sudden demise	Copidosomyia abdulkalami	Manickavasagam & Krishnachaitanya, 2016	2016	Manickavasagam_2016	FALSE	Animalia	Arthropoda	Insecta	Hymenoptera	Encyrtidae	https://doi.org/10.12976/jib/2016.4.7
2097			accepted	species	Jack Nicholson	Corambis jacknicholsoni	Patoleta & Żabka, 2019	2019	Patoleta_2019	FALSE	Animalia	Arthropoda	Arachnida	Araneae	Salticidae	https://doi.org/10.5852/ejt.2019.578
2098			accepted	species	Christopher Hitchens: The name is after Christopher Hitchens, a really missed and remarkable intellectual who defended reason and freedom in an indefatigable and erudite way	Corotoca hitchensi	Zilberman, 2020	2020	Zilberman_2020	FALSE	Animalia	Arthropoda	Insecta	Coleoptera	Staphylinidae	https://doi.org/10.1163/1876312X-bja10005
2099			accepted	species	Francesco Guccini: Dedicated to Francesco Guccini: I encountered the plant while listening to the song "Incontro", immediately realising that, more than any other succulent, it is "unforgiving and touching". I couldn't dedicate it to anyone else	Corynopuntia guccinii	D.Donati			FALSE	Plantae	Tracheophyta	Magnoliopsida	Caryophyllales	Cactaceae	
2100			accepted	species	Carl Sagan: In memory of Carl Edward Sagan (1934–1996), creator of the award-winning television series Cosmos: A Personal Voyage, for his popularization of science that stimulated generations of school children and university students	Cosmobunus sagani	Palencia et al., 2018	2018	Palencia_2019	TRUE	Animalia	Arthropoda	Arachnida	Opiliones	Sclerosomatidae	https://doi.org/10.26879/855
2101			accepted	species	Desmond Tutu: Dedicated to Archbishop Desmond Tutu, one of four South Africans to have received the Nobel Peace prize, in acknowledgment of his lifelong fight for Human rights	Cremastus tutui	Rousse & Van Noort, 2014	2014	ROUSSE_2014a	FALSE	Animalia	Arthropoda	Insecta	Hymenoptera	Ichneumonidae	https://doi.org/10.11646/zootaxa.3795.2.5
2102			accepted	species	Aung San Suu Kyi: in honor of Aung San Suu Kyi from Burma, the 1991 laureate of the Nobel Peace Prize. Ms. Suu Kyi has spent 18 years [sic; actually 13 years at the time of publication] isolated in house confinement (from 1989–95, 2000–02, and 2003 to present [2008 at the time of publication; she would remain until 2010, and has been imprisoned again since February 2021]) for her promotion of democracy in Myanmar. It is fitting that a Burmese species, seemingly delicate but which has beautifully endured for so long, be named in her honor	Cretopiesma suukyiae	Grimaldi & Engel, 2008	2008	Grimaldi_2008	TRUE						https://doi.org/10.1206/0003-0082(2008)3611[1:auppih]2.0.co;2
2103			accepted	genus	Michael Crichton: after Michael Crichton, author of Jurassic Park, and pelta (Latin), a small shield, in reference to the osteoderms found on all ankylosaurs	Crichtonpelta	Arbour & Currie, 2015	2015	Arbour_2015	TRUE						https://doi.org/10.1080/14772019.2015.1059985
2104			accepted	genus	Michael Crichton: The genus name is dedicated to the famous science fiction writer Michael Crichton, author of the novel Jurassic Park. The release of the movie Jurassic Park made dinosaurs a household animal and greatly promoted dinosaur research	Crichtonsaurus	Dong, 2002	2002		TRUE						
2105			accepted	species	Aung San Suu Kyi	Cricula aungsansuukyiae	Naumann & Löffler, 2010	2010		FALSE	Animalia	Arthropoda	Insecta	Lepidoptera	Saturniidae	
2106			accepted	species	Ariano Suassuna: honors Ariano Villar Suassuna, a lawyer, playwright, novelist, essayist, poet, and teacher, born in Paraíba State, and who, throughout his life, valued and promoted the art and culture of northeastern Brazil	Croton suassunae	Y.Rossine & A.L.Melo		Rossine_2020	FALSE	Plantae	Tracheophyta	Magnoliopsida	Malpighiales	Euphorbiaceae	https://doi.org/10.1600/036364420X15862837791366
2107			accepted	species	Gerald Scarfe: After artist/cartoonist Gerald Scarfe whose vicious caricatures mostly have very pointy noses." The generic name Cuspicephalus is derived from cuspis, Latin for "point", after the animal's pointed rostrum, and Latinised Greek cephalus for "head	Cuspicephalus scarfi	Martill & Etches, 2013	2013	Martill_2011	TRUE						https://doi.org/10.4202/app.2011.0071
2108			accepted	species	John Denver: in honour of the American singer and songwriter John Denver (1943–1997), whose music has enriched the life of millions of people, including the first author	Cyclocosmia johndenveri	Sherwood, Warhol & Bianco, 2025	2025	Sherwood_2025a	FALSE	Animalia	Arthropoda	Arachnida	Araneae	Halonoproctidae	https://doi.org/10.24394/NatSom.2025.45.27
2109			accepted	species	Patti Smith	Cynohyaenodon smithae	Solé, Morlo, Schaal & Lehmann, 2021	2021	Sol__2021	TRUE						https://doi.org/10.1016/j.geobios.2021.02.004
2110			accepted	species	Aung San Suu Kyi: Aung San Suu Kyi is a Burmese politician, diplomat, author, and recipient of 1991 Nobel Peace Prize for her democratic activities in Myanmar, from where the new species of Cyphochilus is described	Cyphochilus sansuukyii	Sabatinelli, 2020	2020	Sabatinelli_2020	FALSE	Animalia	Arthropoda	Insecta	Coleoptera	Scarabaeidae	https://doi.org/10.35929/RSZ.0014
2111			accepted	species	Tenzin Gyatso, 14th Dalai Lama: Jetsun Jamphel Ngawang Lobsang Yeshe Tenzin Gyatso, formally recognized as the 14th Dalai Lama, was the recipient of the 1989 Nobel Peace Prize for his activity in Tibet, from where the new species is described	Cyphochilus tenzingyatsoi	Sabatinelli, 2020	2020	Sabatinelli_2020	FALSE	Animalia	Arthropoda	Insecta	Coleoptera	Scarabaeidae	https://doi.org/10.35929/RSZ.0014
2112			accepted	species	Terry Nation: This species is named in honour of Terry Nation, creator of the Daleks, an alien species that has terrified children for the past 60 years." John S. Noyes, who described the genus, said, "I thought [Dalek] was a good name for a genus and a bit of fun having been a big fan of Doctor Who in my early years	Dalek nationi	Noyes, 2023	2023		FALSE	Animalia	Arthropoda	Insecta	Hymenoptera	Encyrtidae	
2113			accepted	species	Arnold Schwarzenegger: Surprisingly, DNA sequence data showed D. benthamii subsp. humilis to comprise two cryptic species that are more closely related to other species than to D. benthamii [...]. As they are unexpected and unlikely 'twins', we have named them after the actors who played an unlikely pair of twins in the eponymous Hollywood movie: Arnold Schwarzenegger and Danny DeVito. We have named this species after Schwarzenegger because he is much more robust than his twin: 'The embryo did split in two, but it didn't split equally. All the purity and strength went into Julius [Schwarzenegger's character]'. This difference between the actors parallels the growth habit difference between the two Daviesia species. We also wish to honour Arnold Schwarzenegger's leadership (as governor of California) in pioneering the reduction of carbon emissions, and for advising the Australian government to do the same	Daviesia schwarzenegger	Crisp & L.G.Cook			FALSE	Plantae	Tracheophyta	Magnoliopsida	Fabales	Fabaceae	
2114			accepted	species	Danny DeVito: The name refers to the actor playing the diminutive twin in the Universal Studios film Twins (1988). Daviesia devito is the less vigorous of two cryptic species into which we here divide D. benthamii subsp. humilis, in contrast to the much more robust D. schwarzenegger	Daviesia devito	Crisp & L.G.Cook			FALSE	Plantae	Tracheophyta	Magnoliopsida	Fabales	Fabaceae	
2115			accepted	species	Barry Humphries	Deltapliomera humphriesi	McAdams, Adrain & Karim, 2018	2018	McADAMS_2018	TRUE						https://doi.org/10.11646/zootaxa.4525.1.1
2116			accepted	species	Sirikit: in honour of Her Majesty Queen Sirikit [on] the occasion of Her Majesty's 60th birthday, as a token of respect and recognition of the great interest shown by Her Majesty in the natural history and conservation of wildlife in Thailand. Her Majesty the Queen graciously permitted the use of Her name for this remarkably colourful and most interesting species	Demanietta sirikit	Naiyanetr, 1992	1992	Naiyanetr_1992	FALSE	Animalia	Arthropoda	Malacostraca	Decapoda	Potamidae	https://doi.org/10.1163/156854092X00668
2117			accepted	species	Stanley Kubrick: [Kubrick] is one of the most brilliant and influential film directors of all time. We dedicate this species to him for his legacy to film culture and science fiction	Dendropsophus kubricki	Rivadeneira, Venegas & Ron, 2018	2018	Rivadeneira_2018	FALSE	Animalia	Chordata	Amphibia	Anura	Hylidae	https://doi.org/10.3897/zookeys.726.13864
2118			accepted	species	Ozzy Osbourne: The specific epithet [...] honors John Michael "Ozzy" Osbourne, a famous British rock singer, former vocalist of the rock band Black Sabbath, for its contribution to modern music and culture. Ozzy is commonly associated with bats because of the famous episode in which, on stage while he was performing a gig, he bit off a bat's head thrown by a fan. He later stated that he thought it was a plastic toy. When calling, this new Dendropsophus species can be vaguely associated with the high pitch sounds emitted by some bat species that are hearable to the human ear. When we heard this species in the field we immediately pictured a calling bat. Because of this "bat association" we take the opportunity to name this species after one of the biggest music legends of all time	Dendropsophus ozzyi	Orrico et al., 2014	2014	ORRICO_2014	FALSE	Animalia	Chordata	Amphibia	Anura	Hylidae	https://doi.org/10.11646/zootaxa.3881.4.3
2119			accepted	species	John Sall: The new species is named after John Sall for his continuous generous contributions to forest conservation worldwide and especially in the Neotropical region	Dendropsophus salli	Jungfer, Reichle & Piskurek, 2010	2010		FALSE	Animalia	Chordata	Amphibia	Anura	Hylidae	
2120			accepted	species	Bob Marley: we describe a new intertidal species from tropical Queensland and name it after Bob Marley, whose song "High Tide or Low Tide" inspired us as it lives in a "high tide low tide" habitat". The common name "Bob Marley's Intertidal Spider	Desis bobmarleyi	Baehr et al., 2017	2017	Baehr_2017	FALSE	Animalia	Arthropoda	Arachnida	Araneae	Desidae	https://doi.org/10.3897/evolsyst.1.15735
2121			accepted	species	Che Guevara: after the idealistic, violent revolutionist and communist Ernesto 'Ché' Guevara de la Serna (1928-1967). Guevara, with his guerrilla revolutionists, captured the post at Samaipata, Departmento Santa Cruz, Bolivia, near the type locality, marking one of his few successes in Bolivia, though at the time he was apparently in poor health and simply attempting to secure medicine. He was later executed by the Bolivian army and buried beneath the airstrip in Vallegrande, not far from Samaipata. 'Che,' the familiar Argentinian word for 'buddy' was his nickname	Desmopachria chei	Miller, 1999	1999	Miller_1999	FALSE	Animalia	Arthropoda	Insecta	Coleoptera	Dytiscidae	https://doi.org/10.1163/187631200X00165
2122			accepted	species	Tamara Bunke: after the communist German-Argentinian, Haydee Tamara Bunke Bider, 'Tania la guerrillera.' Tania faught together with Ché Guevara and his men during their attempt to create revolution in Bolivia. She was killed in Bolivia, and her body was recently moved to Cuba	Desmopachria taniae	Miller, 1999	1999	Miller_1999	FALSE	Animalia	Arthropoda	Insecta	Coleoptera	Dytiscidae	https://doi.org/10.1163/187631200X00165
2123			accepted	genus	Manu Dibango: Named in honour of the Cameroonian musician and singer Manu Dibango (1933–2020), for his work as an artist and cultural ambassador	Dibango	Davesne & Carnevale, 2025	2025	Davesne_2025	TRUE						https://doi.org/10.1002/spp2.70017
2124			accepted	species	Jerry Garcia	Dichogaster garciai	James, 2004	2004	JAMES_2004	FALSE	Animalia	Annelida	Clitellata	Crassiclitellata	Benhamiidae	https://doi.org/10.1016/j.ode.2004.04.003
2125			accepted	species	Bob Marley	Dichogaster marleyi	James, 2004	2004	JAMES_2004	FALSE	Animalia	Annelida	Clitellata	Crassiclitellata	Benhamiidae	https://doi.org/10.1016/j.ode.2004.04.003
2126			accepted	species	Grateful Dead: death" and Gratus is Latin for "grateful	Dicrotendipes thanatogratus	Epler, 1987	1987		FALSE	Animalia	Arthropoda	Insecta	Diptera	Chironomidae	
2127			accepted	species	Helen Mirren	Disnyssus helenmirrenae	Raven, 2015	2015	RAVEN_2015	FALSE	Animalia	Arthropoda	Arachnida	Araneae	Corinnidae	https://doi.org/10.11646/zootaxa.3958.1.1
2128			accepted	species	Judi Dench	Disnyssus judidenchae	Raven, 2015	2015	RAVEN_2015	FALSE	Animalia	Arthropoda	Arachnida	Araneae	Corinnidae	https://doi.org/10.11646/zootaxa.3958.1.1
2129			accepted	species	Lewis Black	Dokimocephalus blacki	Westrop, Waskiewicz Poole & Adrain, 2010	2010	Westrop_2010	TRUE						https://doi.org/10.1080/14772019.2010.489364
2130			accepted	species	Nikolay Rubtsov	Dolecta rubtsovi	Naydenov, Yakovlev, Penco & Sinyaev, 2020	2020	Naydenov_2020	FALSE	Animalia	Arthropoda	Insecta	Lepidoptera	Cossidae	https://doi.org/10.37828/em.2020.35.7
2131			accepted	genus	Dolly Parton: The generic name is in honor of Dolly Parton, whose Dollywood resort is near Douglas Dam	Dollyphyton	Retallack, 2019	2019		TRUE	Plantae	Bryophyta	Sphagnopsida	Sphagnales	Flatbergiaceae	
2132			accepted	species	Freddie Mercury: Named in honor of Freddie Mercury, British singer-songwriter, and lead vocalist of the rock band Queen. His talent and charismatic personality inspired [the lead author] during the long sampling journeys in the field and extensive days working at the laboratory. Moreover, the diamond-back pattern that this species exhibits resembles the iconic black-and-white harlequin design wore by Mercury in one of his performances	Dondice freddiemercuryi	García-Méndez, Padula & Valdés, 2022	2022	Garc_a_M_ndez_2022	FALSE	Animalia	Mollusca	Gastropoda	Nudibranchia	Myrrhinidae	https://doi.org/10.1007/s12526-022-01273-5
2133			accepted	species	Juan Formell: in honour of Juan Formell (Havana, 1942–2014), a great bassist and composer who made the most of the expressive resources of son cubano, founding the group Los Van Van in 1969, true ambassadors of Cuban music, capable of making the broomsticks dance with songs like "El baile del buey cansao" or "La Titimanía". In 2013 he received a Latin Grammy Lifetime Achievement Award	Doris juanformelli	Ortea & Espinosa, 2017	2017		FALSE	Animalia	Mollusca	Gastropoda		Dorididae	
2134			accepted	species	Tony Iommi: Named in honour of legendary guitarist Tony Iommi, founding member of heavy metal band Black Sabbath." Iommi jokingly said "It's a shock that a fossil has been named after me, and of course you can imagine my friends now, the sort of abuse I've got now!	Drepanoistodus iommii	Rasmussen, Eriksson & Lindskog, 2021	2021	Rasmussen_2021	TRUE						https://doi.org/10.5852/ejt.2021.774.1533
2135			accepted	species	Adenan Satem: to the late Tan Sri Adenan bin Satem (27 January 1944–11 January 2017), Chief Minister of Sarawak from 2014–2017, in recognition of his support for biodiversity research and conservation in Sarawak, and for starting the Research for Intensified Management of Bio-rich Areas (RIMBA) project, which includes LEWS	Drepanosticta adenani	Dow & Reels, 2018	2018	DOW_2018	FALSE	Animalia	Arthropoda	Insecta	Odonata	Platystictidae	https://doi.org/10.11646/zootaxa.4379.3.6
2136			accepted	species	Lasse Virén: Named in honor of the Finnish runner, four times Olympic gold winner, Lasse Viren	Drosophila vireni	Bächli, Vilela & Haring, 2002	2002	Bachli_2002	FALSE	Animalia	Arthropoda	Insecta	Diptera	Drosophilidae	https://doi.org/10.5169/seals-402835
2137			accepted	species	A. P. J. Abdul Kalam: honours Dr. Avul Pakir Jainulabdeen Abdul Kalam (Dr. A.P.J. Abdul Kalam), the 11th President of [the] Republic of India, professor and aerospace scientist, for being an inspiration to the entire scientific community, especially the students and young researchers	Drypetes kalamii	G. Krishna, Karthig., Arisdason & Chakrab		KRISHNA_2017	FALSE	Plantae	Tracheophyta	Magnoliopsida	Ranunculales	Menispermaceae	https://doi.org/10.11646/phytotaxa.319.3.6
2138			accepted	species	Jimi Hendrix: Voodoo Child	Dudleya hendrixii	S.McCabe & Dodero		McCabe_2016	FALSE	Plantae	Tracheophyta	Magnoliopsida	Saxifragales	Crassulaceae	https://doi.org/10.3120/0024-9637-63.4.359
2139			accepted	species	Ariano Suassuna: named in honor of the Brazilian writer Ariano Suassuna (1927–2014). Ariano wrote a famous Brazilian play entitled O Auto da Compadecida; the main character in this play is named "João Grilo" — "grilo" is the Brazilian common name for cricket	Eidmanacris suassunai	Souza-Dias, Campos & Nihei, 2015	2015	Souza_Dias_2015	FALSE	Animalia	Arthropoda	Insecta	Orthoptera	Phalangopsidae	https://doi.org/10.1653/024.098.0223
2140			accepted	species	Ray Dalio: This species is named in honor of Ray Dalio, for his dedicated service on the board of directors of the National Fish and Wildlife Foundation. Dalio is an accomplished entrepreneur and conservationist with a deep interest in the protection of the ocean. His investigative and analytical nature continues to lead his pursuits deeper into ocean abysses and toward the discovery of new ocean life	Eknomisis dalioi	Watling & France, 2011	2011	Watling_2011	FALSE	Animalia	Cnidaria	Octocorallia	Scleralcyonacea	Keratoisididae	https://doi.org/10.3374/014.052.0202
2141			accepted	species	Ronnie Wood: Burmese amber is one of the oldest resins with insect inclusions, and stoneflies are one of the oldest pterygote lineages. What lies closer at hand than to link fossil stoneflies in ancient stones with the Rolling Stones and to name the new species after the members of the oldest and greatest Rock 'n' Roll Band in the world. The [...] new family and genera are named after 'the Stones', and all present and former members of the Rolling Stones are honoured with their own species.[...] The name of this immature specimen refers to Ronnie Wood, guitar player of the Rolling Stones since 1975, and youngest member of the Rolling Stones	Electroneuria ronwoodi	Sroka, Staniczek & Kondratieff, 2018	2018		TRUE	Animalia	Arthropoda	Insecta	Plecoptera	Perlidae	
2142			accepted	species	Mick Jagger: The species name is dedicated to Mick Jagger, in reference to the Rolling Stones' song "(I Can't Get No) Satisfaction", to continue the innuendo laden etymology of Elephantis	Elephantis jaggeri	Klotz & De Grave, 2015	2015	Klotz_2015	FALSE	Animalia	Arthropoda	Malacostraca	Decapoda	Atyidae	https://doi.org/10.1163/15685403-00003490
2143			accepted	species	Jorge Velosa: takes the name of my friend and folklorist, Jorge Velosa Ruiz, whose music and poetry bring me so much pleasure	Eleutherodactylus jorgevelosai	Lynch, 1994	1994		FALSE	Animalia	Chordata	Amphibia	Anura	Strabomantidae	
2144			accepted	species	Julio Jaramillo: In honour of the Ecuadorian musician Julio Jaramillo (1935–1978), the "Nightingale of America", whose songs accompanied us in the multipurpose room of the ships on our expeditions to the Galápagos, at first as a misfortune and at the end as a pleasure. In his memory, every October 1 is celebrated as the Day of the Ecuadorian Pasillo, a true festival of music, which we would like to join with this dedication to the Ecuadorian Nightingale	Elysia jaramilloi	Ortea, Moro & Bacallado, 2017	2017		FALSE	Animalia	Mollusca	Gastropoda		Plakobranchidae	
2145			accepted	species	Chico Buarque: named in honor of the Brazilian Francisco Buarque de Hollanda, better known as Chico Buarque, for his amazing contribution to the development of the 'Música Popular Brasileira'	Episimus buarquei	Brito & Vargas, 2017	2017	Brito_2017	FALSE	Animalia	Arthropoda	Insecta	Lepidoptera	Tortricidae	https://doi.org/10.1080/01650521.2017.1413824
2146			accepted	species	John Gutfreund	Eruga gutfreundi	Gauld, 1991	1991		FALSE	Animalia	Arthropoda	Insecta	Hymenoptera	Ichneumonidae	
2147			accepted	species	Bill Clinton: his lasting environmental accomplishments in creating and expanding national monuments, preserving millions of acres of wilderness areas, his leadership and commitment during challenging economic times, and his continued commitment to global humanitarian issues and needs and peace	Etheostoma clinton	Mayden & Layman, 2012	2012		FALSE	Animalia	Chordata	Teleostei	Perciformes	Percidae	
2148			accepted	species	Al Gore: his environmental vision, commitment, and accomplishments throughout decades of public service and his role in educating the public and raising awareness on the issue of global climate change	Etheostoma gore	Layman & Mayden, 2012	2012		FALSE	Animalia	Chordata	Teleostei	Perciformes	Percidae	
2149			accepted	species	Peter Benchley: The species is named in honor of Peter Benchley, author of Jaws and subsequently an avid shark conservationist. His legacy, the Benchley Awards, recognizes outstanding achievements in ocean conservation. In line with Mr. Benchley's outreach efforts, the privilege of deciding a common name for this species was bestowed upon four young shark enthusiasts, ages 8 to 14, and relatives of the first author (VEV). The suggested common name, the Ninja Lanternshark, refers to the uniform black coloration and reduced photophore complement used as concealment in this species, somewhat reminiscent of the typical outfit and stealthy behavior of a Japanese ninja	Etmopterus benchleyi	Vásquez et al., 2015	2015		FALSE	Animalia	Chordata	Elasmobranchii	Squaliformes	Etmopteridae	
2150			accepted	species	Mohammad-Reza Shajarian: named in honor of Mohammad-Reza Shajarian (1940–2020), an Iranian vocalist and the greatest maestro of Persian classical music. He has received several international awards and medals, including Golden Picasso, UNESCO Mozart, National Order of Merit, Grammy [sic; nomination only], French National Order of the Legion of Honor, Aga Khan Trust for Culture and one of US National Public Radio (NPR) great voices	Eucharis shajariani	Lotfalizadeh & Ghafouri Moghaddam, 2022	2022	Lotfalizadeh_2022	FALSE	Animalia	Arthropoda	Insecta	Hymenoptera	Eucharitidae	https://doi.org/10.1163/1876312X-bja10036
2151			accepted	species	Igor Mitoraj: in memory of the sculptor Igor Mitoraj (1944–2014), are [sic] genius and nature lover	Eupyrgops mitoraji	Bramanti, Bramanti & Rukmane-Bārbale, 2020	2020		FALSE	Animalia	Arthropoda	Insecta	Coleoptera	Curculionidae	
2152			accepted	species	Clint Eastwood: Dedicated to US actor Clint Eastwood, the protagonist of the film The Good, the Bad and the Ugly, which was partially filmed near Salas de los Infantes	Europatitan eastwoodi	Torcida Fernández-Baldor et al., 2017	2017	Torcida_Fern_ndez_Baldor_2017	TRUE						https://doi.org/10.7717/peerj.3409
2153			accepted	species	Robert Mapplethorpe	Eurotherium mapplethorpei	Solé, Morlo, Schaal & Lehmann, 2021	2021		TRUE						
2154			accepted	species	Ariano Suassuna: named in honor of the Late the famous writer Ariano Vilar Suassuna for his defense of the culture of the Brazilian Northeast	Eurypon suassunai	Santos, França & Pinheiro, 2014	2014	SANTOS_2014	FALSE	Animalia	Porifera	Demospongiae	Axinellida	Raspailiidae	https://doi.org/10.11646/zootaxa.3895.2.8
2155			accepted	species	Freddie Mercury	Eurysyllis mercuryi	Lucas, San Martín & Parapar, 2012	2012	LUCAS_2012	FALSE	Animalia	Annelida	Polychaeta	Phyllodocida	Syllidae	https://doi.org/10.11646/zootaxa.3589.1.5
2156			accepted	species	Yuri Gagarin: Named for Maj. Yuri Gagarin, USSR, who made the first orbit of the earth in the Vostok I, 12 April 1961	Euschoengastia gagarini	Brennan, 1962	1962	Brennan_1962	FALSE	Animalia	Arthropoda	Arachnida	Trombidiformes	Trombiculidae	https://doi.org/10.2307/3274924
2157			accepted	species	Gherman Titov: Named for Maj. Gherman Titov, USSR, who in the Vostok II made 17 orbits of the earth, 6 August 1961	Euschoengastia titovi	Brennan, 1962	1962	Brennan_1962	FALSE	Animalia	Arthropoda	Arachnida	Trombidiformes	Trombiculidae	https://doi.org/10.2307/3274924
2158			accepted	species	André Brink	Evarcha brinki	Haddad & Wesołowska, 2011	2011	Haddad_2011	FALSE	Animalia	Arthropoda	Arachnida	Araneae	Salticidae	https://doi.org/10.5733/afin.052.0105
2159			accepted	species	Alice Cooper: The species name honors Alice Cooper (Vincent Damon Furnier), an American singer and songwriter known for his very theatrical rock concerts	Extraordinarius alicecooperi	Rheims, 2022	2022	RHEIMS_2022	FALSE	Animalia	Arthropoda	Arachnida	Araneae	Sparassidae	https://doi.org/10.11646/zootaxa.5205.2.6
2160			accepted	species	Klaus Meine: The specific name honours Klaus Meine, German singer, songwriter, lead singer of the hard rock band Scorpions	Extraordinarius klausmeinei	Rheims, 2019	2019	RHEIMS_2019	FALSE	Animalia	Arthropoda	Arachnida	Araneae	Sparassidae	https://doi.org/10.11646/zootaxa.4674.1.4
2161			accepted	species	Paco de Lucía: As a heartfelt tribute to the "master of the guitar", a cultural reference of the 20th century, the brilliant Spanish guitarist Paco de Lucía, a native of Algeciras, Cádiz, in whose port is located the type locality of this singular species	Facelinopsis pacodelucia	Ortea, Moro & Caballer, 2014	2014		FALSE	Animalia	Mollusca	Gastropoda	Nudibranchia	Facelinidae	
2162			accepted	species	V. S. Naipaul	Flacillula naipauli	Bopearachchi & Benjamin, 2021	2021	Bopearachchi_2021	FALSE	Animalia	Arthropoda	Arachnida	Araneae	Salticidae	https://doi.org/10.1111/jzs.12485
2163			accepted	species	Elizabeth II: I named this species [...] after Her Majesty Elizabeth II the Queen of the United Kingdom (b. Elizabeth Alexandra Mary, London 21.iv.1926), on the occasion of the platinum jubilee	Forcepsioneura elizabethae	Lencioni, 2022	2022	LENCIONI_2022	FALSE	Animalia	Arthropoda	Insecta	Odonata	Protoneuridae	https://doi.org/10.11646/zootaxa.5200.2.5
2164			accepted	species	Barbara Bach	Frammia bachae	Adrain & Edgecombe, 1997	1997		TRUE						
2165			accepted	genus	Robert Fripp: It is our pleasure to name this genus after the British musician and composer Robert Fripp in recognition of his outstanding musical and cultural work	Frippia	Bannikov & Carnevale, 2012	2012		TRUE						
2166			accepted	species	Carl Sagan	Funastrum saganii	M.G. Chávez, Lozada-Pérez & L.O. Alvarado		Ch_vez_Hern_ndez_2021	FALSE	Plantae	Tracheophyta	Magnoliopsida	Gentianales	Apocynaceae	https://doi.org/10.1590/0102-33062020abb0372
2167			accepted	species	Gabriel García Márquez: honors the Colombian novelist Gabriel García Márquez (1927–2014), considered one of the most significant authors of the 20th century and known affectionately as Gabo or Gabito in Latin America	Galapa gabito	Huber, 2024	2024	HUBER_2024	FALSE	Animalia	Arthropoda	Arachnida	Araneae	Pholcidae	https://doi.org/10.11646/zootaxa.5419.3.1
2168			accepted	species	Pink Floyd: The species is named in honour of the iconic, psychedelic, and progressive rock band Pink Floyd, intended to express the long-standing passion of the last author of this paper and collector of the species to the music of the band. Just as Pink Floyd is renowned for their innovative, complex, and eclectic music, often complemented by sophisticated visual elements in their album art and concerts, the genus Gammarus exhibits remarkably intricate patterns and subtle differences in morphological features among its hundreds of species. The specific epithet was chosen to capture the complexity and remarkable nature of the new species' morphology, drawing a parallel to the multifaceted artistry of Pink Floyd's music. The name is a genitive plural, referring collectively to the members of the band	Gammarus pinkfloydorum	Andrade, Copilaș-Ciocianu, Mamos & Grabowski, 2026	2026	Andrade_2026	FALSE	Animalia	Arthropoda	Malacostraca	Amphipoda	Gammaridae	https://doi.org/10.1093/zoolinnean/zlaf178
2169			accepted	species	Joan Didion	Ganaspidium didionae	Buffington, 2010	2010	Buffington_2010	FALSE						https://doi.org/10.3897/zookeys.37.311
2170			accepted	species	Stephen Hawking: as homage to the great English theoretical physicist and cosmologist, Stephen William Hawking, who died on March 14, 2018. We were impressed with his life's trajectory and his outstanding discoveries in cosmology. He became a signpost not only for other scientists but for all people	Genlisea hawkingii	Silva, Płachno, Carvalho & Miranda, 2020	2020	Silva_2020	FALSE	Plantae	Tracheophyta	Magnoliopsida	Lamiales	Lentibulariaceae	https://doi.org/10.1371/journal.pone.0226337
2171			accepted	species	Margaret Atwood: Named in honour of Margaret Atwood (Ottawa, Canada, 1939), winner of the 2008 Prince of Asturias Award for Literature, prolific poet, novelist, literary critic and political activist, with a prominent role in organisations such as Amnesty International and BirdLife International, of which she is Honorary President. The Handmaid's Tale (1985) is her most acclaimed work	Gibberula atwoodae	Ortea, 2015	2015		FALSE	Animalia	Mollusca	Gastropoda	Neogastropoda	Cystiscidae	
2172			accepted	species	Barbara Hendricks: Named in honour of opera singer Barbara Hendricks (Arkansas, USA, 1948 – Sweden), winner of the Prince of Asturias Award for the Arts in 2000, honorary ambassador for life of UNHCR, with which she collaborated for 15 years in support of refugees; she was distinguished by François Mitterrand in 1992 with the Legion of Honour of the French Republic	Gibberula hendricksae	Ortea, 2015	2015		FALSE	Animalia	Mollusca	Gastropoda	Neogastropoda	Cystiscidae	
2173			accepted	species	Annie Leibovitz: Named in honour of American photographer Anna Lou Leibovitz (Waterbury, 1949), winner of the 2013 Prince of Asturias Award for Communication and Humanities, known mainly for her portraits of celebrities, she was the first woman to have her work exhibited at the National Portrait Gallery in Washington DC	Gibberula leibovitzae	Ortea, 2015	2015		FALSE	Animalia	Mollusca	Gastropoda	Neogastropoda	Cystiscidae	
2174			accepted	species	Carmen Martín Gaite: Named in honour of writer Carmen Martín Gaite (Salamanca, Spain, 1925–2000), winner of the 1988 Prince of Asturias Award for Literature, shared with Galician poet José Ángel Valente (1929–2000); she was the first woman to win the Spanish National Literature Prize (1978) for El cuarto de atrás and received the National Literature Prize in 1994 [again] for her work as a whole	Gibberula martingaiteae	Ortea, 2015	2015		FALSE	Animalia	Mollusca	Gastropoda	Neogastropoda	Cystiscidae	
2175			accepted	species	Martha Nussbaum: Named in honour of American philosopher Martha C. Nussbaum (New York, 1947), distinguished in 2012 with the Prince of Asturias Award for Social Sciences, for making philosophy a more solid, more humane and less moribund activity than in previous decades, thanks to works such as Hiding from Humanity: Disgust, Shame, and the Law, where she makes a profound study of emotions	Gibberula nussbaumae	Ortea, 2015	2015		FALSE	Animalia	Mollusca	Gastropoda	Neogastropoda	Cystiscidae	
2176			accepted	species	Nélida Piñon: Named in honour of Nélida Piñón (Vila Isabel, Rio de Janeiro, Brazil, 1937), laureate of the 2005 Prince of Asturias Award for Literature; a staunch defender of human rights and author of works such as A república dos sonhos (1984), O pão de cada dia (1996) and Vozes do deserto (2004), written with an exciting artistic narrative, based on reality, memory, fantasy and dreams	Gibberula pignonae	Ortea, 2015	2015		FALSE	Animalia	Mollusca	Gastropoda	Neogastropoda	Cystiscidae	
2177			accepted	species	Mary Robinson: Named in honour of Mary Robinson (Ballina, Ireland, 1927), winner of the 2006 Prince of Asturias Award for Social Sciences, she was the first woman to become President of the Republic of Ireland (1990–1997), later becoming UN High Commissioner for Human Rights (1997–2002). She holds honorary doctorates from 31 universities around the world	Gibberula robinsonae	Ortea, 2015	2015		FALSE	Animalia	Mollusca	Gastropoda	Neogastropoda	Cystiscidae	
2178			accepted	species	Yōhei Sasakawa: pays tribute to the illustrious Yōhei Sasakawa, president of the Nippon Foundation, in recognition of his outstanding contribution to the Ocean Census program and his tireless support of marine research	Gibberula sasakawai	Ortea & Moro, 2024	2024		FALSE	Animalia	Mollusca	Gastropoda	Neogastropoda	Cystiscidae	
2179			accepted	species	Saskia Sassen: Named in honour of Dutch sociologist Saskia Sassen (The Hague, 1949), distinguished in 2013 with the Prince of Asturias Award for Social Sciences for her contributions to the understanding of the phenomenon of globalisation and urban sociology with publications such as The Global City (1991)	Gibberula sassenae	Ortea, 2015	2015		FALSE	Animalia	Mollusca	Gastropoda	Neogastropoda	Cystiscidae	
2180			accepted	species	Simone Veil: Named in honour of French politician Simone Veil (Nice, 1927), winner of the 2005 Prince of Asturias Award for International Cooperation, for embodying the ideals and achievements of a united Europe. President of the European Parliament from 1979 to 1982, her honours include Grand Officer of the Legion of Honour (France) and the Charlemagne Prize (Germany, 1981)	Gibberula veilae	Ortea, 2015	2015		FALSE	Animalia	Mollusca	Gastropoda	Neogastropoda	Cystiscidae	
2181			accepted	genus	David Gilmour	Gilmourella	Carnevale & Bannikov, 2019	2019		TRUE						
2182			accepted	species	Lemmy: the species honors Lemmy Kilmister, English musician and iconic heavy metal and hard rock singer (and songwriter too), and founder of the rock band Motörhead	Giupponia lemmyi	Gallão, Bichuette, Kury & Hara, 2026	2026	Gall_o_2026	FALSE	Animalia	Arthropoda	Arachnida	Opiliones	Gonyleptidae	https://doi.org/10.3390/ani16111609
2183			accepted	species	Ozzy Osbourne: honors Ozzy Osbourne, another iconic heavy metal and hard rock singer (and songwriter too) who co-founded the band Black Sabbath. On an additional note, he is also known for biting a bat (a cave-related animal) during a concert	Giupponia ozzyi	Gallão, Bichuette, Kury & Hara, 2026	2026	Gall_o_2026	FALSE	Animalia	Arthropoda	Arachnida	Opiliones	Gonyleptidae	https://doi.org/10.3390/ani16111609
2184			accepted	species	Richard Harris	Gladiatoria harrisi	Adrain, McAdams & Westrop 2011	2011		TRUE						
2185			accepted	species	Oliver Reed	Gladiatoria reedi	Adrain, McAdams & Westrop 2011	2011		TRUE						
2186			accepted	species	Jimmy Buffett	Gnathia jimmybuffetti	Erasmus, Hadfield, Sikkel & Smit, 2023	2023	Erasmus_2023	FALSE	Animalia	Arthropoda	Malacostraca	Isopoda	Gnathiidae	https://doi.org/10.5343/bms.2023.0040
2187			accepted	species	Bob Marley: named for the famous Caribbean singer, Bob Marley, as this species is as uniquely Caribbean as Bob Marley	Gnathia marleyi	Farquharson, Smit & Sikkel, 2012	2012	FARQUHARSON_2012	FALSE	Animalia	Arthropoda	Malacostraca	Isopoda	Gnathiidae	https://doi.org/10.11646/zootaxa.3381.1.3
2188			accepted	species	John Renbourn: Named for the late John Renbourn (1944–2015), an inspirational, brilliant and musically diverse British virtuoso guitarist	Gnathostenetroides renbourni	Malyutina & L.Bruce, 2019	2019	MALYUTINA_2019	FALSE	Animalia	Arthropoda	Malacostraca	Isopoda	Gnathostenetroididae	https://doi.org/10.11646/zootaxa.4554.2.1
2189			accepted	species	Mikhail Gorbachev: named after Mikhail S. Gorbachev, the first [sic] and last president of the Soviet Union, on the occasion of his 89th birthday (02 March 2020)	Gorbiscape gorbachevi	Zamani & Marusik, 2020	2020	Zamani_2020	FALSE	Animalia	Arthropoda	Arachnida	Araneae	Agelenidae	https://doi.org/10.13156/arac.2020.18.4.368
2190			accepted	species	Tom Baker: After Thomas Stewart Baker, the fourth actor to play the title character in the television series Doctor Who, for inspiring the [...] authors to develop careers in science	Gravicalymene bakeri	Smith & Ebach, 2020	2020	Smith_2020	TRUE	Animalia	Arthropoda	Trilobita	Phacopida	Calymenidae	https://doi.org/10.1080/03115518.2020.1797874
2191			accepted	species	The Beatles	Greeffiella beatlei	Lorenzen, 1969	1969		FALSE	Animalia	Nematoda	Chromadorea	Desmoscolecida	Desmoscolecidae	
2192			accepted	species	Zdzisław Beksiński	Hantzschia beksinskii	M.Rybak, Kochman-Kędziora		MATEUSZ_2022	FALSE						https://doi.org/10.11646/phytotaxa.567.3.1
2193			accepted	species	Alan Alda: in honor of Mr. Alan Alda for conveying his interest in the natural sciences to the public as host of the television show Scientific American Frontiers	Hapalopus aldanus	West, 2000	2000	West_2000	FALSE	Animalia	Arthropoda	Arachnida	Araneae	Theraphosidae	https://doi.org/10.2307/3672832
2194			accepted	species	Chespirito: in honour of Roberto Gómez Bolaños (1929–2014), commonly known by his pseudonym "Chespirito". He was [...] widely regarded as one of the most important Spanish-language humorists of the twentieth century. Curiously, the shape of the spermatheca of [the] female of H. chespiritoi sp. nov. resembles the small vinyl antennae of 'Chapulín Colorado', a comical and bungling superhero created by R.G. Bolaños	Hapalotremus chespiritoi	Ferretti et al., 2018	2018	Ferretti_2018	FALSE	Animalia	Arthropoda	Arachnida	Araneae	Theraphosidae	https://doi.org/10.1080/00222933.2018.1506521
2195			accepted	species	Chico Mendes	Haplocauda mendesi	Silveira, Lima & McHugh, 2022	2022	Silveira_2022	FALSE	Animalia	Arthropoda	Insecta	Coleoptera	Lampyridae	https://doi.org/10.3390/insects13010058
2196			accepted	species	Mate Parlov: named after Mate Parlov (1948–2008), Croatian boxer, Olympic gold medallist, and European and World Champion, because of its 'puffy' and 'strong' pedipalp segments	Harpactea mateparlovi	Pavlek & Arnedo, 2020	2020	Platania_2020	FALSE	Animalia	Arthropoda	Arachnida	Araneae	Dysderidae	https://doi.org/10.1080/14772000.2020.1776786
2197			accepted	species	David Bowie	Heckethornia bowiei	McAdams & Adrain, 2009	2009	McAdams_2009	TRUE	Animalia	Arthropoda	Trilobita	Proetida	Dimeropygidae	https://doi.org/10.1139/E09-060
2198			accepted	species	Pope Francis: dedicated to Pope Francis, the reigning pope [...][at the time of the species description, 2015] of the Catholic Church. Jorge Mario Bergoglio chose Francis as his papal name in honor of Saint Francis of Assisi. Francis is the first Jesuit pope	Hedyotis papafranciscoi	Alejandro			FALSE	Plantae	Tracheophyta	Magnoliopsida	Gentianales	Rubiaceae	
2199			accepted	species	Jaime Roldós Aguilera: named after president Jaime Roldos Aguilera from Ecuador, who died in an airplane accident in 1981	Hellinsia aguilerai	Gielis, 2011	2011		FALSE	Animalia	Arthropoda	Insecta	Lepidoptera	Pterophoridae	
2200			accepted	genus	Jim Henson	Hensonbatrachus	Gardner & Brinkman, 2015	2015		TRUE						
2201			accepted	species	Chico Mendes: in honor of Chico Mendes (1944–1988), rubber extraction union leader who fought for Amazon preservation and against worker exploitation. He was killed by landlords as a reaction to his fight for the Amazon	Hernandaria chicomendesi	DaSilva & Pinto-da-Rocha, 2010	2010		FALSE	Animalia	Arthropoda	Arachnida	Opiliones	Gonyleptidae	
2202			accepted	species	Brian May	Heteragrion brianmayi	Lencioni, 2013	2013	LENCIONI_2013	FALSE	Animalia	Arthropoda	Insecta	Odonata	Heteragrionidae	https://doi.org/10.11646/zootaxa.3685.1.1
2203			accepted	species	Freddie Mercury	Heteragrion freddiemercuryi	Lencioni, 2013	2013	LENCIONI_2013	FALSE	Animalia	Arthropoda	Insecta	Odonata	Heteragrionidae	https://doi.org/10.11646/zootaxa.3685.1.1
2204			accepted	species	Roger Taylor	Heteragrion rogertaylori	Lencioni, 2013	2013	LENCIONI_2013	FALSE	Animalia	Arthropoda	Insecta	Odonata	Heteragrionidae	https://doi.org/10.11646/zootaxa.3685.1.1
2205			accepted	species	David Bowie: The species name is honouring the rock-singer David Bowie – composer of the music album The Rise and Fall of Ziggy Stardust and the Spiders from Mars and interpreter of songs such as "Glass Spider"— who has been in [the] early years of his career sometimes as painted as the frontal view of the head of this new species, furthermore inspiring the author by his songs full of energy, creativity and open-mindedness	Heteropoda davidbowie	Jäger, 2008	2008		FALSE	Animalia	Arthropoda	Arachnida	Araneae	Sparassidae	
2206			accepted	species	Ernst Ulrich von Weizsäcker: named in honour of Ernst Ulrich Michael freiherr Von Weizsäcker, German natural scientist and politician, for his efforts towards an ecological treatment of our planet and his ambition to reduce wasting of natural resources as described, e.g., in the book Factor Four he co-authored	Heteropoda ernstulrichi	Jäger, 2008	2008		FALSE	Animalia	Arthropoda	Arachnida	Araneae	Sparassidae	
2207			accepted	species	Dieter Hildebrandt: named in honour of the cabaret artist Dieter Hildebrandt for his long-term efforts trying to educate German politicians	Heteropoda hildebrandti	Jäger, 2008	2008		FALSE	Animalia	Arthropoda	Arachnida	Araneae	Sparassidae	
2208			accepted	species	Udo Lindenberg: named after the German rocksinger Udo Lindenberg, who inspired me with his songs and texts over many years	Heteropoda udolindenberg	Jäger, 2008	2008		FALSE	Animalia	Arthropoda	Arachnida	Araneae	Sparassidae	
2209			accepted	species	Carl Wolmar Jakob von Uexküll: named after the founder of the alternative/green Nobel-prize Jakob von Uexkuell, who initiated the World Future Council searching for solutions against global overpopulation of humans and global warming, an issue treated also in the 2007 United Nations Climate Change Conference [in] Bali, the island, where this new species [was] collected	Heteropoda uexkuelli	Jäger, 2008	2008		FALSE	Animalia	Arthropoda	Arachnida	Araneae	Sparassidae	
2210			accepted	species	Elizabeth II: named in honour of Her Majesty Queen Elizabeth II as it was first discovered on her Platinum Jubilee Weekend 2-5 June 2022	Hieracium elizabethae-reginae	T.C.G.Rich & J.K.Warren		Rich_2023	FALSE	Plantae	Tracheophyta	Magnoliopsida	Asterales	Asteraceae	https://doi.org/10.33928/bib.2023.05.252
2211			accepted	species	A. P. J. Abdul Kalam: named in honor of Dr. A.P.J. Abdul Kalam, an eminent aerospace scientist and former President of India, for his many contributions to the field of space research and India's missile technology. He was very keen in encouraging students and greatly motivated them with his inspiring books and speeches	Himantolophus kalami	Rajeeshkumar, Pietsch & Saravanane, 2022	2022	RAJEESHKUMAR_2022	FALSE	Animalia	Chordata	Teleostei	Lophiiformes	Himantolophidae	https://doi.org/10.11646/zootaxa.5178.6.6
2212			accepted	species	Chespirito: named after "Chespirito", the screen name of famous late Mexican TV comedian Roberto Gomez Bolaños. Chespirito created and portrayed several characters cherished across Latin America, including El Chavo del Ocho and El Chapulín Colorado, the latter a sort of superhero whose outfit was inspired by grasshoppers or "chapulines"	Hondurantemna chespiritoi	Rodrigues, Rivera, Reid & Svenson, 2017	2017	Rodrigues_2017	FALSE	Animalia	Arthropoda	Insecta	Mantodea	Mantidae	https://doi.org/10.3897/zookeys.680.11162
2213			accepted	species	A. P. J. Abdul Kalam: Named in honour of the former president of India, Dr. A. P. J. Abdul Kalam, who ignited young minds towards the real world of Science and Technology	Horaglanis abdulkalami	Babu, 2012	2012		FALSE	Animalia	Chordata	Teleostei	Siluriformes	Clariidae	
2214			accepted	species	Stanley Kubrick	Huancabamba kubricki	Benedetti & Pinto-da-Rocha, 2022	2022		FALSE	Animalia	Arthropoda	Arachnida	Opiliones	Metasarcidae	
2215			accepted	species	Wangarĩ Maathai: in honor to Wangari Muta Maathai, an environmental leader and the first African woman to win a Nobel Prize (in 2014 [sic; actually 2004]), for her career and activism in defense of the environment, human rights and justice. Wangari created the organization Green Belt Movement, which aimed to plant trees by women on the outskirts of Nairobi as a way to protect the soil from erosion	Hyalella wangarie	Reis, Bueno & Araujo, 2023	2023	REIS_2023	FALSE	Animalia	Arthropoda	Malacostraca	Amphipoda	Hyalellidae	https://doi.org/10.11646/zootaxa.5319.3.3
2216			accepted	species	Birendra of Nepal: named for King Birendra Bir Bikram Shah Dev (1945–2001), who is widely considered the best king to ever reign in Nepal. He was seen as a symbol of national unity, who granted a democratic government. The type material of Hydraena birendra was collected [in Nepal] in 1983, 1995 and finally in 2001. In the same year King Birendra died tragically, murdered by his own son Dipendra	Hydraena birendra	Skale & Jäch, 2009	2009		FALSE	Animalia	Arthropoda	Insecta	Coleoptera	Hydraenidae	
2217			accepted	species	John Coltrane: Named in honor of the jazz great, the supreme saxophonist John Coltrane	Hydraena johncoltranei	Perkins, 2011	2011	PERKINS_2011	FALSE	Animalia	Arthropoda	Insecta	Coleoptera	Hydraenidae	https://doi.org/10.11646/zootaxa.2944.1.1
2218			accepted	species	Therezinha Zerbini: named after Therezinha de Godoy Zerbini who organized the "Movimento Feminino Pela Anistia" in many Brazilian States	Hydroptila zerbinae	Souza, Santos & Takiya, 2014	2014	Souza_2014	FALSE	Animalia	Arthropoda	Insecta	Trichoptera	Hydroptilidae	https://doi.org/10.1590/S1984-46702014000600010
2219			accepted	species	Robert Redford: This species is named in honor of actor/conservationist Robert Redford, whose 1972 portrayal of the semi-fictional Jeremiah Johnson in the film of the same name brought attention to the character as well as the beauty of the region. One of us (MAI) was so affected by the film that he chose to spend his life and career in the Rockies. The type locality of this species, Jerry Johnson Hot Springs, is named for Redford's character [NOTE: this is actually incorrect], but it is Redford's continuing work to safeguard the wild legacy of the Rocky Mountains that makes this name a fitting tribute	Hydroscapha redfordi	Maier et al., 2010	2010	Maier_2010	FALSE	Animalia	Arthropoda	Insecta	Coleoptera	Hydroscaphidae	https://doi.org/10.1649/0010-065x-64.4.289
2220			accepted	species	Charles III: The specific name princecharlesi is a patronym that honors His Royal Highness Charles, Prince of Wales (Charles Philip Arthur George Windsor). In his call to halt tropical deforestation, Prince Charles uses frogs as symbols, and his Rainforests SOS Campaign includes a video with a frog as a rainforest ambassador. For this reason he is affectionately known by the media as the 'frog prince'. Prince Charles is contributing significantly to the growth of awareness in the battle against tropical deforestation, climate change, and the catastrophic extinction of rainforest amphibians. His work is leading to increased awareness of these issues, and this increased awareness benefits biodiversity conservation, sustainability, alleviation of poverty, and ensures ecosystem services for present and future generations	Hyloscirtus princecharlesi	Coloma et al., 2012	2012	COLOMA_2012	FALSE	Animalia	Chordata	Amphibia	Anura	Hylidae	https://doi.org/10.11646/zootaxa.3364.1.1
2221			accepted	species	Luiz Inácio Lula da Silva: named in honor of Luiz Inácio Lula da Silva, the current Brazilian president, responsible for restoring conservation actions and socio-environmental enhancement and resuming incentives for Brazilian science	Hypsolebias lulai	Ramos et al., 2023	2023	Ramos_2023	FALSE	Animalia	Chordata	Teleostei	Cyprinodontiformes	Rivulidae	https://doi.org/10.1590/1982-0224-2023-0068
2222			accepted	species	Dorothy Stang: The specific epithet honors Sister Dorothy Mae Stang who worked as a missionary in the Amazon rainforest [to which this plant is native], fighting for the right to the land of the poorest people, for education and for environmental questions. In 2005 Sister Dorothy was brutally murdered by farmers at the age of 73, reflecting the, still common, occurrence of violent deaths in the Amazon region, as a result of land property disputes and illegal deforestation	Hyptidendron dorothyanum	Antar & Harley		Antar_2023a	FALSE	Plantae	Tracheophyta	Magnoliopsida	Lamiales	Lamiaceae	https://doi.org/10.1111/njb.03932
2223			accepted	species	Gordon Lightfoot	Hyrokybe lightfooti	Adrain, 1998	1998	Adrain_1998	TRUE	Animalia	Arthropoda	Trilobita	Phacopida	Cheiruridae	https://doi.org/10.1017/S0022336000040403
2224			accepted	species	Joni Mitchell	Hyrokybe mitchellae	Adrain, 1998	1998	Adrain_1998	TRUE	Animalia	Arthropoda	Trilobita	Phacopida	Cheiruridae	https://doi.org/10.1017/S0022336000040403
2225			accepted	species	Neil Young	Hyrokybe youngi	Adrain, 1998	1998	Adrain_1998	TRUE	Animalia	Arthropoda	Trilobita	Phacopida	Cheiruridae	https://doi.org/10.1017/S0022336000040403
2226			accepted	species	Che Guevara	Iare cheguevarai	Martínez, Ceccarelli & Zaldivar-Riverón, 2010	2010	MART_NEZ_2010	FALSE	Animalia	Arthropoda	Insecta	Hymenoptera	Braconidae	https://doi.org/10.11646/zootaxa.2685.1.2
2227			accepted	species	Gram Parsons	Ibexicurus parsonsi	Adrain et al., 2003	2003		TRUE	Animalia	Arthropoda	Trilobita	Aulacopleurida	Hystricuridae	
2228			accepted	species	Eleanor Adair	Ichneumon adairae	Kittel, 2016	2016		FALSE	Animalia	Arthropoda	Insecta	Hymenoptera	Ichneumonidae	
2229			accepted	species	Ruth Bader Ginsburg: named [...] in honor of Ruth Joan Bader Ginsburg, Associate Justice of the Supreme Court of the United States, for her relentless fight for gender equality, as well as for her sartorial appreciation of the jabot, which is reminiscent of the postcervical plate of Ilomantis, a diagnostic character that embodies this judicial accessory." Upon learning about the name, Ginsburg commented "Gregor Samsa woke up one morning to find himself changed into a big black bug; Praying mantis, female too, is ever so much more attractive	Ilomantis ginsburgae	Brannoch & Svenson, 2016	2016	Brannoch_2016	FALSE	Animalia	Arthropoda	Insecta	Mantodea	Nanomantidae	https://doi.org/10.1163/1876312X-47032141
2230			accepted	species	John Lennon	Ilyodon lennoni	Meyer & Förster, 1983	1983		FALSE	Animalia	Chordata	Teleostei	Cyprinodontiformes	Goodeidae	
2231			accepted	species	Tania León: Named in honour of Cuban conductor and composer Tania León (Havana, 1943), to whom the fifth edition of the festival Musiciennes en Guadeloupe et Martinique was dedicated (May 2016), the same year in which the scientific expedition Martinique-2016 took place	Inbiocystiscus tanialeonae	Ortea & Espinosa, 2016	2016		FALSE	Animalia	Mollusca	Gastropoda	Neogastropoda	Cystiscidae	
2232			accepted	species	Carl Sagan: named after the American astronomer, Carl Edward Sagan in recognition of his significant contributions to scientific research on extra-terrestrial life	Indigryllus sagani	Jaiswara & Robillard, 2022	2022	JAISWARA_2022	FALSE	Animalia	Arthropoda	Insecta	Orthoptera	Gryllidae	https://doi.org/10.11646/zootaxa.5205.6.2
2233			accepted	species	Gordon Moore: In honour of Gordon Moore, co-founder of Intel, and in recognition of his support for the taxonomy of the future	Intelcystiscus gordonmoorei	Ortea & Espinosa, 2001	2001		FALSE	Animalia	Mollusca	Gastropoda	Neogastropoda	Cystiscidae	
2234			accepted	species	Pena Branca & Xavantinho: is an arbitrary fusion of two Portuguese words pena (meaning feather) and xavantinho (meaning little Xavante, a group of pre-colonization natives). These names were used by two regional singer brothers (Pena Branca and Xavantinho) who in their songs emphasized the beauty of the Brazilian nature and the countryside way of life. It is used as a noun in apposition and as homage to both artists	Ischnocnema penaxavantinho	Giaretta, Toffoli & Oliveira, 2007	2007	GIARETTA_2007	FALSE	Animalia	Chordata	Amphibia	Anura	Brachycephalidae	https://doi.org/10.11646/zootaxa.1666.1.3
2235			accepted	species	Elvis Presley	Ischnothyreus elvis	Kranz-Baltensperger, 2011	2011	KRANZ_BALTENSPERGER_2011	FALSE	Animalia	Arthropoda	Arachnida	Araneae	Oonopidae	https://doi.org/10.11646/zootaxa.2939.1.1
2236			accepted	species	H. R. Giger	Ischnothyreus gigeri	Richard, 2016	2016	RICHARD_2016	FALSE	Animalia	Arthropoda	Arachnida	Araneae	Oonopidae	https://doi.org/10.11646/zootaxa.4151.1.1
2237			accepted	species	The Beatles: honors the first name of the members of the 1960's British musical band, "The Beatles": George Harrison, Paul McCartney, John Lennon, and Richard Starkey (a.k.a. "Ringo Starr")	Janbechynea georgepauljohnringo	Santiago-Blay, 2004	2004		FALSE						
2238			accepted	species	Dolly Parton: named in honor of Dolly Parton, one of the most famous country singers of all time and a native of the southern Appalachians. Ms. Parton rose to stardom from humble beginnings in the mountains of eastern Tennessee on the edge of the Great Smoky Mountains where this species grows abundantly [...] Her tireless efforts have led to national and even global attention for one of America's most scenic and biologically significant regions	Japewiella dollypartoniana	J.L. Allen et al.		Allen_2015	FALSE	Fungi	Ascomycota	Lecanoromycetes	Lecanorales	Lecanoraceae	https://doi.org/10.2179/14-036R2
2239			accepted	species	Bhumibol Adulyadej: dedicated to His Majesty King Bhumibol Adulyadej on his 84th anniversary in recognition of the great efforts he has made to conserve native plants in Thailand	Jasminum bhumibolianum	Chalermglin		Chalermglin_2013	FALSE	Plantae	Tracheophyta	Magnoliopsida	Lamiales	Oleaceae	https://doi.org/10.3767/000651913x673216
2240			accepted	species	Ramón Paz Ipuana: This new species is named after Ramón Paz Ipuana (1937–1992), a Venezuelan Wayuu educator, researcher, linguist, poet and writer, who devoted his life to studying Wayuu culture and promoting the rights and traditions of Wayuu people	Jorottui ipuanai	Moreno-González, Gutierrez-Estrada & Prendini, 2023	2023	Moreno_Gonz_lez_2023	FALSE	Animalia	Arthropoda	Arachnida	Amblypygi	Paracharontidae	https://doi.org/10.1206/4000.1
2241			accepted	species	David Bowie: Because of its ability to change colour, this species is named after the brilliant musician and singer David Bowie, 'the chameleon', who passed away in January 2016, [and who] was the first to give music an image, associated with his own figure and his collection of works of art. Lazarus, one of his last works, is a hymn to the hope of his resurrection	Jorunna davidbowieii	Ortea & Moro, 2016	2016		FALSE	Animalia	Mollusca	Gastropoda		Discodorididae	
2242			accepted	species	Imre Kertész	Kahlerosphaera kerteszi	Kozur, Moix & Ozsvárt, 2007	2007		TRUE						
2243			accepted	genus	A. P. J. Abdul Kalam: named after APJ Abdul Kalam (1934–2015), a well-known scientist who advanced space research in India	Kalamiella	Singh, Wood, Mhatre & Venkateswaran, 2019	2019	Singh_2019	FALSE	Pseudomonadati	Pseudomonadota	Gammaproteobacteria	Enterobacterales	Erwiniaceae	https://doi.org/10.1007/s00253-019-09813-z
2244			accepted	species	Gabriel García Márquez: in honor [of] Gabriel García Márquez (Aracataca, Colombia, 1927 – Mexico D.F., Mexico, 2014), who was a renowned Colombian writer, considered one of the most significant authors of the 20th century, and awarded the 1982 Nobel Prize in Literature for One Hundred Years of Solitude	Kankuamo marquezi	Perafán, Galvis & Gutiérrez, 2016	2016	Peraf_n_2016	FALSE	Animalia	Arthropoda	Arachnida	Araneae	Theraphosidae	https://doi.org/10.3897/zookeys.601.7704
2245			accepted	species	Gennadiy Aygi	Kepplerites aigii	Mitta, 2008	2008	Mitta_2008	TRUE	Animalia	Mollusca	Cephalopoda	Ammonoidea	Kosmoceratidae	https://doi.org/10.1007/s11492-008-1002-2
2246			accepted	species	Bhumibol Adulyadej: derives from Phatthara + Rajan the designation of Somdet Phra Phatthara Maharat, a title given to King Bhumibol Adulyadej, (Rama IX) in recognition of his research dedication and support for breeding Nile tilapia (Oreochromis niloticus), which has provided a new career for over a million Thai agriculturalists and became a primary protein source for the Thai people	Khoratamia phattharajani	Deesri et al., 2023	2023	Deesri_2023	TRUE						https://doi.org/10.3390/d15040491
2247			accepted	species	Bob Marley: This Jamaican species, which produces remarkable luminescent displays, is named in honour of the late Jamaican reggae musician, Bob Marley	Kornickeria marleyi	Cohen & Morin, 1993	1993	Cohen_1993	FALSE	Animalia	Arthropoda	Ostracoda	Myodocopida	Cypridinidae	https://doi.org/10.1006/zjls.1993.1017
2248			accepted	species	Gabriel García Márquez	Krisna garciamarquezi	Dietrich & Vega, 1995	1995	Dietrich_1995	TRUE	Animalia	Arthropoda	Insecta	Hemiptera	Cicadellidae	https://doi.org/10.1093/aesa/88.3.263
2249			accepted	species	Akihito: named in honor of Akihito, the reigning Emperor of Japan, who has a great interest in science and ichthyological research, particularly the taxonomy of the family Gobiidae [to which the host species belongs], and has previously published in the field	Kudoa akihitoi	Kasai, Setsuda & Sato, 2017	2017	Kasai_2016	FALSE	Animalia	Cnidaria	Myxozoa	Multivalvulida	Kudoidae	https://doi.org/10.1007/s00436-016-5329-2
2250			accepted	species	Empress Michiko: named in honor of Empress Michiko, the wife of Japan's Emperor Akihito, who unfailingly supports his role of monarch and its associated duties	Kudoa empressmichikoae	Kasai, Setsuda & Sato, 2017	2017	Kasai_2016	FALSE	Animalia	Cnidaria	Myxozoa	Multivalvulida	Kudoidae	https://doi.org/10.1007/s00436-016-5329-2
2251			accepted	species	Hayao Miyazaki: honouring Hayao Miyazaki (b. 1941), a renowned Japanese animator, filmmaker, and cofounder of Studio Ghibli; the new species is named after him in recognition of his contribution to animation films	Lagocheilus hayaomiyazakii	Bhosale et al., 2025	2025	Bhosale_2025	FALSE	Animalia	Mollusca	Gastropoda	Architaenioglossa	Cyclophoridae	https://doi.org/10.61733/jconch/4557
2252			accepted	species	Merrill J. Fernando: honoring Mr. Merrill J. Fernando, founder of Dilmah and Dilmah Conservation, for his support of biodiversity conservation in Sri Lanka	Lankascincus merrill	L. Wickramasinghe, Vidanapathirana & N. Wickramasinghe, 2020	2020	Wickramasinghe_2020	FALSE	Animalia	Chordata	Reptilia	Squamata	Scincidae	https://doi.org/10.47605/tapro.v9i1.218
2253			accepted	genus	The Rolling Stones: Burmese amber is one of the oldest resins with insect inclusions, and stoneflies are one of the oldest pterygote lineages. What lies closer at hand than to link fossil stoneflies in ancient stones with the Rolling Stones and to name the new species after the members of the oldest and greatest Rock 'n' Roll Band in the world. The [...] new family and genera are named after 'the Stones', and all present and former members of the Rolling Stones are honoured with their own species.[...] The first part of the name refers to the Rolling Stones and is derived from Latin 'lapis', meaning 'stone', the suffix 'perla' refers to the stonefly genus Perla	Lapisperla	Sroka, Staniczek & Kondratieff, 2018	2018		TRUE	Animalia	Arthropoda	Insecta	Plecoptera	Petroperlidae	
2254			accepted	species	Keith Richards: The name refers to Keith Richards, founding member and guitar player of the Rolling Stones, master of the ancient art of weaving	Lapisperla keithrichardsi	Sroka, Staniczek & Kondratieff, 2018	2018		TRUE	Animalia	Arthropoda	Insecta	Plecoptera	Petroperlidae	
2255			accepted	species	Bill Wyman: The name refers to Bill Wyman, former bass player of the Rolling Stones until 1991	Largusoperla billwymani	Sroka, Staniczek & Kondratieff, 2018	2018		TRUE	Animalia	Arthropoda	Insecta	Plecoptera	Perlidae	
2256			accepted	species	Brian Jones: The name refers to Brian Jones, founding member and former guitar player of the Rolling Stones until 1969	Largusoperla brianjonesi	Sroka, Staniczek & Kondratieff, 2018	2018		TRUE	Animalia	Arthropoda	Insecta	Plecoptera	Perlidae	
2257			accepted	species	Charlie Watts: The name refers to Charlie Watts, drummer of the Rolling Stones, which is most adequate in regard of the pronounced drumming apparatus of the new species	Largusoperla charliewattsi	Sroka, Staniczek & Kondratieff, 2018	2018		TRUE	Animalia	Arthropoda	Insecta	Plecoptera	Perlidae	
2258			accepted	species	Mick Taylor: The name refers to Mick Taylor, guitar player of the Rolling Stones between 1969 and 1975 with unmatched virtuosity and dexterity, which is reflected by the fingerlike, three-lobed subgenital plate of the new species	Largusoperla micktaylori	Sroka, Staniczek & Kondratieff, 2018	2018		TRUE	Animalia	Arthropoda	Insecta	Plecoptera	Perlidae	
2259			accepted	species	Christopher Hitchens	Lasioglossum hitchensi	Gibbs, 2012	2012	Gibbs_2012	FALSE	Animalia	Arthropoda	Insecta	Hymenoptera	Halictidae	https://doi.org/10.2317/JKES120424.1
2260			accepted	species	Eduardo Galeano: in honour of Eduardo Galeano (Montevideo, Uruguay 1940–2015), who was a renowned Uruguayan writer and is considered one of the most significant Latin American authors of the twentieth century	Latica galeanoi	da Silva, Guerrero, Bidegaray-Batista & Simó, 2020	2020	da_Silva_2020	FALSE	Animalia	Arthropoda	Arachnida	Araneae	Gnaphosidae	https://doi.org/10.1016/j.jcz.2020.07.006
2261			accepted	species	Chinghiz Aitmatov	Lathrolestes aitmatovi	Reshchikov, 2012	2012	RESHCHIKOV_2012	FALSE	Animalia	Arthropoda	Insecta	Hymenoptera	Ichneumonidae	https://doi.org/10.11646/zootaxa.3175.1.2
2262			accepted	species	Janis Joplin	Lavadamia joplinae	Adrain et al., 2003	2003		TRUE	Animalia	Arthropoda	Trilobita	Aulacopleurida	Hystricuridae	
2263			accepted	species	John Coltrane: I dedicate this species to the tenor saxophonist John Coltrane, a giant in jazz music	Leistus coltranei	Allegro, 2007	2007		FALSE	Animalia	Arthropoda	Insecta	Coleoptera	Carabidae	
2264			accepted	genus	Lemmy: Lemmy's crocodile	Lemmysuchus	Johnson, Young et al., 2017	2017	Johnson_2017	TRUE						https://doi.org/10.1093/zoolinnean/zlx035
2265			accepted	species	Lemmy: in honor to Ian "Lemmy" Kilmister, for his outstanding achievements in the history and development of Rock and Roll with the band Motörhead	Lemmythentes kilmisteri	Martin, Novo, González Ruiz & Tejedor, 2024	2024	Martin_2024	TRUE						https://doi.org/10.1080/08912963.2024.2367558
2266			accepted	species	Nubia Muñoz: honors Nubia Amparo Muñoz Calero, a renowned Colombian medical scientist who has been a cornerstone in epidemiological research. She was nominated for the Nobel Prize in 2008 by the International Epidemiological Association, due to her groundbreaking advancements in the study of a vaccine against the human papillomavirus (HPV). Her work has not only had a significant impact on global public health, particularly in preventing cervical cancer among women, but has also earned her the Order of Boyacá in 2011, which is the highest honor that the Colombian Government awards to distinguished citizens for their service to the country and stands as a testament to the transformative impact of her work. Nubia Muñoz serves as a role model for female scientists in Colombia, demonstrating that women's leadership in science can lead to significant, life-saving advancements	Lepanthes nubiamuñozana	J.S. Moreno, Gal.-Tar., & Zuluaga		Moreno_2023	FALSE	Plantae	Tracheophyta	Liliopsida	Asparagales	Orchidaceae	https://doi.org/10.3100/hpib.v28iss2.2023.n4
2267			accepted	species	Led Zeppelin: The species name zeppelini is a reference to the 1968–1980 band Led Zeppelin. Use of the Gibson EDS-1275 double-neck guitar by Jimmy Page reminded us of the diagnostic double lamina circularis of this species." The lead author also stated "I'm a big Led Zeppelin fan, and I was listening to them while I was working on the fish. The structure that makes this species unique just reminded me of the guitar that Jimmy Page played	Lepidocephalichthys zeppelini	Havird et al., 2010	2010	HAVIRD_2010	FALSE	Animalia	Chordata	Teleostei	Cypriniformes	Cobitidae	https://doi.org/10.11646/zootaxa.2557.1.1
2268			accepted	species	Farouk El-Baz: honors Prof. Farouk El-Baz, the Egyptian space scientist, Boston University, USA in recognition of his distinguished scientific achievements	Lepisiota elbazi	Sharaf & Hita Garcia, 2020	2020	Sharaf_2020	FALSE	Animalia	Arthropoda	Insecta	Hymenoptera	Formicidae	https://doi.org/10.3897/jhr.76.50193
2269			accepted	species	Abdulrazak Gurnah	Leptopholcus gurnahi	Huber, 2011	2011		FALSE	Animalia	Arthropoda	Arachnida	Araneae	Pholcidae	
2270			accepted	species	Hirini Melbourne: dedicated to Hirini Melbourne (1949–2003), musician and composer who preserved, revived, and further developed traditional Māori music	Leptopyrgus melbourni	Haase, 2008	2008	Haase_2008	FALSE	Animalia	Mollusca	Gastropoda	Littorinimorpha	Tateidae	https://doi.org/10.1017/S1477200007002630
2271			accepted	species	Elton John: In reference to the large shoe-like first gnathopod of this species and the oversize boots Elton John wore as the local pinball champion in the movie Tommy	Leucothoe eltoni	Thomas, 2015	2015	Thomas_2015	FALSE	Animalia	Arthropoda	Malacostraca	Amphipoda	Leucothoidae	https://doi.org/10.3897/zookeys.518.9340
2272			accepted	species	Bob Dylan: dedicated to Bob Dylan, poet, composer, singer and dancer	Leuctra dylani	Graf, 2007	2007	Graf_2007	FALSE	Animalia	Arthropoda	Insecta	Plecoptera	Leuctridae	https://doi.org/10.1080/01650420701216229
2273			accepted	genus	Luiz Inácio Lula da Silva: wordplay from Castilian words libélula, meaning Odonata, and libre, meaning free; Lula	Librelula	Petrulevičius, 2020	2020	PETRULEVI_IUS_2020	TRUE						https://doi.org/10.11646/palaeoentomology.3.6.1
2274			accepted	species	Dick Smith	Litokoala dicksmithi	Black et al., 2013	2013	Black_2013	TRUE						https://doi.org/10.1080/14772019.2013.768304
2275			accepted	species	Al Gore: environmental activism including his efforts to raise public awareness of global climate change	Liturgusa algorei	Svenson, 2014	2014	Svenson_2014	FALSE	Animalia	Arthropoda	Insecta	Mantodea	Liturgusidae	https://doi.org/10.3897/zookeys.390.6661
2276			accepted	species	Steve Fossett: inspirational dedication to adventure and exploration	Liturgusa fossetti	Svenson, 2014	2014	Svenson_2014	FALSE	Animalia	Arthropoda	Insecta	Mantodea	Liturgusidae	https://doi.org/10.3897/zookeys.390.6661
2277			accepted	species	Robert Shaw	Litzicurus shawi	Adrain, McAdams & Westrop, 2009	2009		TRUE						
2278			accepted	species	Bob Weir: Etymology – Old English, 'wer', a structure used to trap fish, derivative of root of werian to 'dam up'. A specific epithet with dual etymology: weiri reflects the riverine habitat and piscivorous diet of river otters; it also honors Grateful Dead guitarist, Bob Weir, in celebration of the band's 50th anniversary	Lontra weiri	Prassack, 2016	2016	Prassack_2016	TRUE	Animalia	Chordata	Mammalia	Carnivora	Mustelidae	https://doi.org/10.1080/02724634.2016.1149075
2279			accepted	species	Leonard Cohen: in honor of Leonard Norman Cohen [...] the most favorite artist of the first author, because his music kept him working during the long, cold, and dark winters of Finland	Loxosceles coheni	Zamani, Mirshamsi & Marusik, 2021	2021	Zamani_2020a	FALSE	Animalia	Arthropoda	Arachnida	Araneae	Sicariidae	https://doi.org/10.1093/jme/tjaa257
2280			accepted	species	Woody Allen	Lumieria woodyalleni	Benedetti & Pinto-da-Rocha, 2022	2022		FALSE	Animalia	Arthropoda	Arachnida	Opiliones	Metasarcidae	
2281			accepted	species	Antônio Carlos Jobim: named in honor of Brazilian popular poet, musician, and environmental activist Antônio Carlos Jobim (1927-1994)	Machaerium jobimianum	C.V.Mendonça & A.M.G.Azevedo		Mendon_a_Filho_2011	FALSE	Plantae	Tracheophyta	Magnoliopsida	Fabales	Fabaceae	https://doi.org/10.3417/2009029
2282			accepted	species	Johnny Ramone	Mackenziurus johnnyi	Adrain & Edgecombe, 1997	1997		TRUE	Animalia	Arthropoda	Trilobita	Phacopida	Encrinuridae	
2283			accepted	species	Arnold Schwarzenegger: raptorial pedipalps with heavily armed and robust pedipalpal femora, resulting in a somewhat hulky appearance"; it was named "honoring Arnold Schwarzenegger, a famous former bodybuilder from Austria, known as an actor in the movie Terminator, former governor of California and now supporting conservation programs	Mahajanganella schwarzeneggeri	Lorenz, Loria, Harvey & Harms, 2022	2022	Lorenz_2022	FALSE						https://doi.org/10.3897/asp.80.e90570
2284			accepted	genus	Miriam Makeba: The genus name Makebapone is derived from "Makeba", honoring the renowned South African singer and activist Miriam Makeba (1932–2008), whose cultural influence and advocacy for African identity and justice resonate globally. The suffix -pone follows the convention established in many Ponerinae genera, derived from the type genus Ponera. The name thus links African heritage with the lineage of Ponerinae ants	Makebapone	Fisher et al., 2025	2025	Fisher_2025	FALSE	Animalia	Arthropoda	Insecta	Hymenoptera	Formicidae	https://doi.org/10.3897/zookeys.1264.173399
2285			accepted	species	Elvis Presley: The new species is named for the unusual fields of dense short setae lining the margins of the dactyli and part of the propodi [...], which gives the crab the appearance of wearing suede shoes on its feet (albeit a brown colour in the type specimen). The species epithet "elvisi" is [...] inspired by the song "Blue Suede Shoes" written by Carl Perkins and made famous by Elvis Presley	Malagasya elvisi	Cumberlidge, Soma, Leever & Daniels, 2020	2020	Cumberlidge_2020	FALSE	Animalia	Arthropoda	Malacostraca	Decapoda	Deckeniidae	https://doi.org/10.1093/jcbiol/ruaa050
2286			accepted	species	Klaus Rifbjerg	Malthinus rifbjergi	Fanti & Damgaard, 2018	2018		TRUE	Animalia	Arthropoda	Insecta	Coleoptera	Cantharidae	
2287			accepted	species	Johannes Møllehave: named in honour of the Danish priest, author and lecturer Johannes Volf Møllehave, to thank him for his work and to further recognize him for the awards that he has earned	Malthodes moellehavei	Fanti & Damgaard, 2018	2018		TRUE	Animalia	Arthropoda	Insecta	Coleoptera	Cantharidae	
2288			accepted	species	David Letterman: The species name is a patronym for David Letterman, host of The Late Show, in appreciation for his outstanding contributions to late night entertainment. Many a dull day has been improved by his humour. It somehow seems appropriate that a really weird insect should be named in his honor	Marshiella lettermani	Shaw, 2000	2000		FALSE	Animalia	Arthropoda	Insecta	Hymenoptera	Braconidae	
2289			accepted	species	Mikhail Gorbachev: in honor of Mikhail Gorbachev for his contribution to world peace and to nature conservation as president of Green Cross International	Maxillaria gorbatschowii	Vásquez, Dodson & Ibisch, 2001	2001		FALSE	Plantae	Tracheophyta	Liliopsida	Asparagales	Orchidaceae	
2290			accepted	species	Noam Chomsky: his many academic achievements and contributions as a linguist, philosopher, cognitive scientist, historian, political critic, activist and global champion of human rights and freedoms	Megachile chomskyi	Sheffield, 2013	2013	Sheffield_2013	FALSE	Animalia	Arthropoda	Insecta	Hymenoptera	Megachilidae	https://doi.org/10.3897/zookeys.283.4674
2291			accepted	species	Arnold Schwarzenegger: The genus name is Latin for large foreleg, referring to the structure of the female. The specific epithet refers to Arnold Schwarzenegger, former governor of California, whose own greatly enlarged forelimbs distinguished him in his pre-political careers	Megapropodiphora arnoldi	Brown, 2018	2018	Brown_2018	FALSE	Animalia	Arthropoda	Insecta	Diptera	Phoridae	https://doi.org/10.3897/BDJ.6.e22396
2292			accepted	species	Dorothy Stang: We name this species in honor of the late Sister Dorothy Mae Stang (1931‒2005), who had worked on behalf of poor farmers and the environment in the Brazilian Amazon region since the 1960s until she was brutally murdered by ranchers in Anapú, Pará State. The common names Xingu Screech Owl (English) and Corujinha do Xingu (Portuguese) refer to the area where the species is found, between the Tapajós and Xingu rivers, where Dorothy was very active as a community leader and ultimately was killed	Megascops stangiae	Dantas et al., 2021	2021	DANTAS_2021	FALSE	Animalia	Chordata	Aves	Strigiformes	Strigidae	https://doi.org/10.11646/zootaxa.4949.3.1
2293			accepted	species	Edward Aldwell: named in honor of Edward Aldwell, American pianist, music theorist and pedagogue, renowned for his recordings of J. S. Bach	Meitingsunes aldwelles	Glowska & Skoracki 2010	2010	GLOWSKA_2010	FALSE	Animalia	Arthropoda	Arachnida	Trombidiformes	Syringophilidae	https://doi.org/10.11646/zootaxa.2514.1.6
2294			accepted	species	Willie Nelson: Named in honor of Willie Nelson, an iconic American musician entertainer from central Texas whose music lifted our spirits while traveling between field sites during this study. After these last few summers, just like Mr. Nelson, we too have a little Texas in our souls	Melanoplus nelsoni	Hill, 2023	2023	Hill_2023	FALSE	Animalia	Arthropoda	Insecta	Orthoptera	Acrididae	https://doi.org/10.3897/zookeys.1165.104047
2295			accepted	species	Jerry Jeff Walker: Named in honor of Jerry Jeff Walker, an iconic Texas musician whose most influential album was recorded near the type locality of this species in the Luckenbach. Walker's songs such as "Hill Country Rain", "Leavin' Texas", and "Sangria Wine" brought me and my field team joy while traveling between field sites and added to the amazing ambiance of the Edwards Plateau	Melanoplus walkeri	Hill, 2023	2023	Hill_2023	FALSE	Animalia	Arthropoda	Insecta	Orthoptera	Acrididae	https://doi.org/10.3897/zookeys.1165.104047
2296			accepted	species	Michu Meszaros: The new species is dedicated to the Hungarian-born American actor Mihály 'Michu' Mészáros (1939–2016). Only 84 cm tall, he became famous as the "smallest man in the world" performing at the Ringling Bros. and Barnum & Bailey Circus and later as a TV and film actor. He played the role of the alien in the sitcom ALF and pictured a strange extraterrestrial creature as an adorable personage	Meoneura meszarosi	Stuke & Freidberg, 2017	2017		FALSE	Animalia	Arthropoda	Insecta	Diptera	Carnidae	
2297			accepted	genus	Freddie Mercury: derived from 'Mercury' as a tribute to Freddie Mercury, late lead singer of the British rock band Queen, whose vibrant music inspires the authors, in combination with Rana (Linnaeus, 1758), a suffix commonly used for many frog taxa	Mercurana	Abraham et al., 2013	2013	ABRAHAM_2013	FALSE	Animalia	Chordata	Amphibia	Anura	Rhacophoridae	https://doi.org/10.11646/zootaxa.3640.2.3
2298			accepted	species	Brutus (Czech band)	Mesobuthus brutus	Fet et al., 2018	2018	2018	FALSE	Animalia	Arthropoda	Arachnida	Scorpiones	Buthidae	https://doi.org/10.18590/euscorpius.2018.vol2018.iss255.1
2299			accepted	species	Félix Rodríguez de la Fuente: The species honours the memory of Dr. Félix Rodríguez de la Fuente on the centennial of his birth [actually 92 years had passed; the article was published in a monograph honouring Rodríguez de la Fuente on the 40th anniversary of his death]. Dr Rodríguez de la Fuente is one of the people who contributed most to the conservation of wildlife in Spain and he was a model for a whole generation of biologists and naturalists in this country." "The first author is honored to describe this species after Dr. Félix Rodríguez de la Fuente, naturalist, excellent communicator and pioneer of conservation in Spain, a figure who knew how to awaken in me, as in many other young Spaniards of the time, an early vocation for zoology, and love and fascination for Nature	Mesopolobus delafuentei	Nieves-Aldrey, Gil-Tapetado & Askew, 2020	2020		FALSE	Animalia	Arthropoda	Insecta	Hymenoptera	Pteromalidae	
2300			accepted	species	Pope Francis: This new species is dedicated to His Holiness Pope Francis, as a sign of gratitude for his constant action in defense of the diversity of life	Microdipnus papafrancisci	Giachino, 2024	2024	Giachino_2024	FALSE	Animalia	Arthropoda	Insecta	Coleoptera	Carabidae	https://doi.org/10.4081/bollettinosei.2024.33
2301			accepted	species	Nikki Giovanni: named to honor Nikki Giovanni in recognition of her poetry and writings	Micronycteris giovanniae	Baker & Fonseca, 2007	2007	Fonseca_2007	FALSE	Animalia	Chordata	Mammalia	Chiroptera	Phyllostomidae	https://doi.org/10.1525/california/9780520098596.003.0020
2302			accepted	genus	Miles Davis	Milesdavis	Lieberman, 1994	1994		TRUE						
2303			accepted	species	Divine	Millardaspis milsteadi	McAdams, Adrain & Karim, 2018	2018		TRUE						
2304			accepted	species	Qaboos bin Said: named in honour to [sic] the late Sultan Qaboos who was president of Oman for 40 years and one of the very important persons in Oman	Miscophus qaboosi	Schmid-Egger & Al-Jahdhami, 2022	2022		FALSE	Animalia	Arthropoda	Insecta	Hymenoptera	Crabronidae	
2305			accepted	species	Sirikit	Mitrephora sirikitiae	Weeras., Chalermglin & R.M.K.Saunders		Weerasooriya_2004	FALSE	Plantae	Tracheophyta	Magnoliopsida	Magnoliales	Annonaceae	https://doi.org/10.1111/j.1756-1051.2004.tb00833.x
2306			accepted	species	Marie Laforêt: based on the full stage name of Marie Laforêt, the famous French actress and singer [...], whose voice has a range of diversity like that found in the carabid species richness of Guyane, and who sang a variety of "torch songs", and here I play on the word "torch", the same word that applies to what is used to ignite the trees of the unique tropical rainforests of South America, an Armageddon in our own times	Mizotrechus marielaforetae	Erwin, 2011	2011	Erwin_2011	FALSE	Animalia	Arthropoda	Insecta	Coleoptera	Carabidae	https://doi.org/10.3897/zookeys.145.2274
2307			accepted	species	Václav Havel: named after Václav Havel, the Czech intellectual, playwright, dissident, and the first president of the post-Communist Czechoslovakia and the Czech Republic, who crucially contributed to the Velvet Revolution in Czechoslovakia and democracy in Europe in general	Mniophila haveli	Damaška et al., 2024	2024	Dama_ka_2024	FALSE	Animalia	Arthropoda	Insecta	Coleoptera	Chrysomelidae	https://doi.org/10.1093/zoolinnean/zlae084
2308			accepted	genus	Monty Python	Montypythonoides	Smith & Plane, 1985	1985		FALSE						
2309			accepted	species	David Bowie: in honour of David Bowie, who through his voice and music made our lives better	Mycomya bowiei	Omad & Pessacq, 2017	2017	OMAD_2017	FALSE	Animalia	Arthropoda	Insecta	Diptera	Mycetophilidae	https://doi.org/10.11646/zootaxa.4363.3.10
2310			accepted	species	Agnieszka Holland: dedicated to Agnieszka Holland, Polish film director and screenwriter, one of Poland's most recognized filmmakers	Mystriocentrus hollandae	Jakiel, Palero & Błażewicz, 2020	2020	Jakiel_2020	FALSE	Animalia	Arthropoda	Malacostraca	Tanaidacea	Pseudotanaidae	https://doi.org/10.1016/j.pocean.2020.102288
2311			accepted	species	Pink Floyd: The specific epithet floyd honours the iconic rock band Pink Floyd, whose groundbreaking musical experimentation, conceptual depth, and artistic innovation have influenced generations of musicians and listeners, including the authors of this paper. The name acknowledges the enduring legacy of the band in pushing creative boundaries into the unfathomable depths of the human mind, an inspiration reflected in the discovery of this distinctive pinkish deep-sea species	Myxine floyd	Mincarone, Kurtz, Di Dario & Gonçalves, 2026	2026	Mincarone_2026	FALSE	Animalia	Chordata	Myxini	Myxiniformes	Myxinidae	https://doi.org/10.1093/zoolinnean/zlag019
2312			accepted	species	A. P. J. Abdul Kalam	Naganishia kalamii	Venkateswaran, P. Leo & N.K. Singh (2023)	2023	Leo_2023	FALSE	Fungi	Basidiomycota	Tremellomycetes	Filobasidiales	Filobasidiaceae	https://doi.org/10.1186/s43008-023-00119-4
2313			accepted	species	Věra Čáslavská: This species is named after Věra Čáslavská (1942–2016). She was an artistic gymnast and Czech sports official. In addition to her gymnastic success, she was known for her consistent outspoken support of the Czechoslovak democratization movement in 1968. After the Soviet invasion, Čáslavská's actions resulted in her becoming a persona non grata in the new regime. She was forced into retirement and for many years was denied the right to travel, work, and attend sporting events	Nama chaslavskae	Meregalli & Borovec, 2023	2023	Meregalli_2023	FALSE	Animalia	Arthropoda	Insecta	Coleoptera	Curculionidae	https://doi.org/10.3390/d15080944
2314			accepted	species	Peter Norman: Peter Norman (1942–2006) was an Australian track athlete, who won the silver medal in the 200 metres at the 1968 Summer Olympics in Mexico City. During the medal ceremony he wore a badge of the Olympic Project for Human Rights in support of fellow athletes John Carlos and Tommie Smith. Returning home after the race, he was violently condemned by the Australian media for what he did during the award ceremony and continually boycotted by sports officials, being forever excluded from competitive racing. It was only in 2012 that the Australian Parliament passed a belated rehabilitation	Nama peternormani	Meregalli & Borovec, 2023	2023	Meregalli_2023	FALSE	Animalia	Arthropoda	Insecta	Coleoptera	Curculionidae	https://doi.org/10.3390/d15080944
2315			accepted	species	Kathrine Switzer: Kathrine Virginia Switzer (born 1947) is an American marathon runner. In 1967 she became the first woman to run the Boston Marathon as an officially registered competitor. During her run race manager Jock Semple assaulted Switzer, trying to grab her bib number and thereby remove her from official competition. She was inducted into the National Women's Hall of Fame in 2011 for creating a social revolution by empowering women around the world through running	Nama switzerae	Meregalli & Borovec, 2023	2023	Meregalli_2023	FALSE	Animalia	Arthropoda	Insecta	Coleoptera	Curculionidae	https://doi.org/10.3390/d15080944
2316			accepted	species	J. Jayalalithaa	Namalycastis jaya	Magesh et al., 2012	2012	Magesh_2012	FALSE	Animalia	Annelida	Polychaeta	Phyllodocida	Nereididae	https://doi.org/10.3897/zookeys.238.4014
2317			accepted	species	Gabriel García Márquez: honors the Colombian novelist, short-story writer, screenwriter, journalist, and 1982 Nobel Prize laureate Gabriel José de la Concordia García Márquez (6 March 1927–17 April 2014), also known affectionately as Gabo	Nannotrigona gaboi	Jaramillo, Ospina & Gonzalez, 2019	2019	JARAMILLO_2019	FALSE	Animalia	Arthropoda	Insecta	Hymenoptera	Apidae	https://doi.org/10.11646/zootaxa.4706.2.8
2318			accepted	species	Narciso Yepes: named in memory of the recently deceased concert guitar player and world famous musician Narciso Yepes, born in Lorca (Murcia), roughly 100 km east of the species' type locality	Narcissus yepesii	S.Ríos, D.Rivera, Alcaraz & Obón		R_OS_RUIZ_1999	FALSE	Plantae	Tracheophyta	Liliopsida	Asparagales	Amaryllidaceae	https://doi.org/10.1111/j.1095-8339.1999.tb01846.x
2319			accepted	species	Hayao Miyazaki: This species is dedicated to the creator of the work Nausicaä of the Valley of the Wind, Hayao Miyazaki. The author, sensitive to our environment, places nature at the centre of several of his works." The genus Nausicaamantis, created concurrently "is dedicated to the manga Nausicaä of the Valley of the Wind (Kaze no tani no Naushika) by Hayao Miyazaki, published between 1982 and 1995 [...] In this ecological fable, the heroine, Nausicaä, a naturalist and benevolent character, explores the relationship between humans and a hostile nature in a universe where humanity is in its twilight. Insects play a central role	Nausicaamantis miyazakii	Mériguet, 2018	2018	M_riguet_2018	FALSE	Animalia	Arthropoda	Insecta	Mantodea	Mantidae	https://doi.org/10.32475/bsef_2028
2320			accepted	species	Mario Vargas Llosa: in tribute to Mario Vargas Llosa, Peruvian writer and Nobel Prize winner in Literature 2011. Mario Vargas Llosa was born in Arequipa, Peru (as did [the lead author]), and lived in Bolivia (as the current range of N. vargasllosai) the first years of his childhood until he returned back to Peru. He studied Law and Literature in the Universidad Nacional Mayor de San Marcos, alma mater of [the authors]	Neacomys vargasllosai	Hurtado & Pacheco, 2017	2017	HURTADO_2017	FALSE	Animalia	Chordata	Mammalia	Rodentia	Cricetidae	https://doi.org/10.11646/zootaxa.4242.3.1
2321			accepted	species	Teresa Heinz: The species name [...] honors Teresa Heinz Kerry in recognition of her indomitable spirit, wise "opinions" and her strong support of environmental issues	Neoperla teresa	Stark & Sivec, 2008	2008		FALSE	Animalia	Arthropoda	Insecta	Plecoptera	Perlidae	
2322			accepted	species	Audrey Hepburn: This new species is dedicated to Audrey Hepburn, British actress and humanitarian, for her unique personality and charm	Neopicobia hepburni	Glowska & Laniecka, 2014	2014	Glowska_2014	FALSE	Animalia	Arthropoda	Arachnida	Trombidiformes	Syringophilidae	https://doi.org/10.2478/s11686-014-0284-5
2323			accepted	species	Roger Waters: in honor [of] George Roger Waters, an English composer, singer and guitar player from the rock 'n' roll band Pink Floyd, for his talent as [a] musician and social awareness around [the] world, specially his brave concerns [with] Brazilian economic, social and politic[al] issues	Neoplecostomus watersi	Silva, Reia, Zawadzki & Roxo, 2019	2019	SILVA_2019	FALSE	Animalia	Chordata	Teleostei	Siluriformes	Loricariidae	https://doi.org/10.11646/zootaxa.4544.1.4
2324			accepted	species	Hilderaldo Bellini: This species is named in honor of Bellini (Hilderaldo Luiz Bellini), captain of the Brazilian soccer team of 1958	Neotrichia bellinii	Santos & Nessimian, 2009	2009	Santos_2009	FALSE	Animalia	Arthropoda	Insecta	Trichoptera	Hydroptilidae	https://doi.org/10.1590/S1984-46702009000400022
2325			accepted	species	Didi: This species is named in honor of Didi (Valdir Pereira), midfielder of the Brazilian soccer team of 1958	Neotrichia didii	Santos & Nessimian, 2009	2009	Santos_2009	FALSE	Animalia	Arthropoda	Insecta	Trichoptera	Hydroptilidae	https://doi.org/10.1590/S1984-46702009000400022
2326			accepted	species	Djalma Santos: This species is named in honor of Djalma Santos (Dejalma dos Santos), attacking full-back of the Brazilian soccer team of 1958	Neotrichia djalmasantosi	Santos & Nessimian, 2009	2009	Santos_2009	FALSE	Animalia	Arthropoda	Insecta	Trichoptera	Hydroptilidae	https://doi.org/10.1590/S1984-46702009000400022
2327			accepted	species	Garrincha: This species is named in honor of Garrincha (Manoel Francisco dos Santos), right winger and forward of the Brazilian soccer team of 1958	Neotrichia garrinchai	Santos & Nessimian, 2009	2009	Santos_2009	FALSE	Animalia	Arthropoda	Insecta	Trichoptera	Hydroptilidae	https://doi.org/10.1590/S1984-46702009000400022
2328			accepted	species	Gilmar: This new species is named in honor of Gilmar (Gilmar dos Santos Neves), goalkeeper of the Brazilian soccer team of 1958	Neotrichia gilmari	Santos & Nessimian, 2009	2009	Santos_2009	FALSE	Animalia	Arthropoda	Insecta	Trichoptera	Hydroptilidae	https://doi.org/10.1590/S1984-46702009000400022
2329			accepted	species	Nílton Santos: This species is named in honor of Nilton Santos, attacking full-back of the Brazilian soccer team of 1958	Neotrichia niltonsantosi	Santos & Nessimian, 2009	2009	Santos_2009	FALSE	Animalia	Arthropoda	Insecta	Trichoptera	Hydroptilidae	https://doi.org/10.1590/S1984-46702009000400022
2330			accepted	species	Orlando: This species is named in honor of Orlando (Orlando Peçanha de Carvalho), defender of the Brazilian soccer team of 1958	Neotrichia orlandoi	Santos & Nessimian, 2009	2009	Santos_2009	FALSE	Animalia	Arthropoda	Insecta	Trichoptera	Hydroptilidae	https://doi.org/10.1590/S1984-46702009000400022
2331			accepted	species	Pelé: This species is named in honor of Pelé (Edson Arantes do Nascimento), center forward of the Brazilian soccer team of 1958	Neotrichia pelei	Santos & Nessimian, 2009	2009	Santos_2009	FALSE	Animalia	Arthropoda	Insecta	Trichoptera	Hydroptilidae	https://doi.org/10.1590/S1984-46702009000400022
2332			accepted	species	Vavá: This species is named in honor of Vavá (Edvaldo Izídio Neto), center forward of the Brazilian soccer team of 1958	Neotrichia vavai	Santos & Nessimian, 2009	2009	Santos_2009	FALSE	Animalia	Arthropoda	Insecta	Trichoptera	Hydroptilidae	https://doi.org/10.1590/S1984-46702009000400022
2333			accepted	species	Mário Zagallo: This species is named in honor of Zagallo (Mário Zagallo), left forward of the Brazilian soccer team of 1958	Neotrichia zagalloi	Santos & Nessimian, 2009	2009	Santos_2009	FALSE	Animalia	Arthropoda	Insecta	Trichoptera	Hydroptilidae	https://doi.org/10.1590/S1984-46702009000400022
2334			accepted	species	Zito: This species is named in honor of Zito (José Ely de Miranda), defensive [midfielder] of the Brazilian soccer team of 1958	Neotrichia zitoi	Santos & Nessimian, 2009	2009	Santos_2009	FALSE	Animalia	Arthropoda	Insecta	Trichoptera	Hydroptilidae	https://doi.org/10.1590/S1984-46702009000400022
2335			accepted	species	Susan Roces: serves as a tribute to the illustrious legacy of Jesusa Sonora Poe, affectionately known as Susan Roces, the revered "Queen of Philippine Movies" [...]. Beyond her status as a celebrity, Roces exemplified modest living and philanthropy through her support of various charitable endeavors, including the Rivers of Living Water Catholic community, Carmelite Sisters, and the Movie Workers Welfare Foundation (Mowelfund). As the widow of presidential candidate Fernando Poe Jr. and the mother of Senator Grace Poe (19th Congress), Roces left an indelible mark on Philippine society. Her passing on 20 May 2022 at the age of 80 adds a poignant context to the naming of this new species in her honor	Neurigona susanrocesae	Deocaris, Alinsug, Cabelin & Jose, 2024	2024	Deocaris_2024	FALSE	Animalia	Arthropoda	Insecta	Diptera	Dolichopodidae	https://doi.org/10.69721/TPS.J.2024.16.1.01
2336			accepted	species	Marilyn Monroe	Norasaphus monroeae	Fortey & Shergold, 1984	1984		TRUE	Animalia	Arthropoda	Trilobita	Asaphida		
2337			accepted	species	John Lennon	Notiospathius johnlennoni	De Jesús-Bonilla et al., 2011	2011	Zaldivar_Riveron_2011	FALSE	Animalia	Arthropoda	Insecta	Hymenoptera	Braconidae	https://doi.org/10.3897/zookeys.122.1243
2338			accepted	species	Wangarĩ Maathai: Wangari Maathai, the Nobel Peace laureate for 2004 and the first African woman to be honoured with this prize, was rewarded for her tireless effort to protect Africa's natural environment through sustainable solutions for human development. She has focused on the protection of Africa's last remaining and fast shrinking forests, which led to the foundation of the Green Belt Movement. The Nobel Committee's choice for 2004 emphasizes the importance of the protection of the world's natural resources in the fight against poverty. Safeguarding forests and watersheds will not only benefit the livelihood of individual human beings, but also secure a peaceful future for mankind. We wish to acknowledge Wangari Maathai and her achievements by naming a forest dwelling odonate from Kenya in her honour	Notogomphus maathaiae	Clausnitzer & Dijkstra, 2005	2005	Clausnitzer_2005	FALSE	Animalia	Arthropoda	Insecta	Odonata	Gomphidae	https://doi.org/10.1080/13887890.2005.9748251
2339			accepted	species	Lou Reed	Nyssus loureedi	Raven, 2015	2015		FALSE	Animalia	Arthropoda	Arachnida	Araneae	Corinnidae	
2340			accepted	species	Nikos Dimou	Ocyolinus dimoui	Chatzimanolis & Ashe, 2009	2009	CHATZIMANOLIS_2009	FALSE	Animalia	Arthropoda	Insecta	Coleoptera	Staphylinidae	https://doi.org/10.11646/zootaxa.2162.1.1
2341			accepted	species	Schafik Handal: Named in honor of Commander Dr. Schafik Handal, officially recognized as "Hijo Meritísimo de la Ciudad de San Salvador" ["Meritorious Son of the City of San Salvador"] and "Honor al Mérito Centroamericano" ["Central American Merit Honor"], for his efforts in favor of the peace in Central America	Ogyges handali	Cano, 2014	2014	CANO_2014	FALSE	Animalia	Arthropoda	Insecta	Coleoptera	Passalidae	https://doi.org/10.11646/zootaxa.3889.4.1
2342			accepted	species	Jim Henson: named in honor of Jim Henson, creator of the muppets who educated and entertained generations of children while they ate their eggs for breakfast. As Kermit the Frog famously sang, "It's Not Easy Bein' Green," a fitting allusion to the one lineage of sacoglossans that evolved away from herbivory among their many green relatives	Olea hensoni	Filho, Paulay, & Krug, 2019	2019	FILHO_2019	FALSE	Animalia	Mollusca	Gastropoda		Limapontiidae	https://doi.org/10.11646/zootaxa.4614.3.7
2343			accepted	species	Akihito: honours Akihito, Emperor Emeritus of Japan and renowned ichthyologist, for his remarkable contributions to the study of extant gobies	Oniketia akihitoi	Marramà, Giusberti & Carnevale, 2022	2022		TRUE						
2344			accepted	species	Chico Mendes	Onocephala chicomendes	Monné, Monné, Botero & Carelli, 2016	2016	Monn__2016	FALSE	Animalia	Arthropoda	Insecta	Coleoptera	Cerambycidae	https://doi.org/10.11646/zootaxa.4137.3.3
2345			accepted	species	George R. R. Martin: Named after the author, George R.R. Martin, because the large marginal disc spines of the new species look similar to the crown on the cover of his second book in the Game of Thrones series, A Clash of Kings	Ophiohamus georgemartini	O'Hara & Harding, 2015	2015	O_Hara_2015	FALSE	Animalia	Echinodermata	Ophiuroidea	Ophiacanthida	Ophiacanthidae	https://doi.org/10.24199/j.mmv.2015.73.06
2346			accepted	genus	Joe Petagno: honours "heavy metal painter" Joe Petagno in recognition of his artistic talent and ability to integrate palaeontological imagery into his art pieces, to the enrichment of both the music scene and the world of science	Ophiopetagno	Thuy, Eriksson & Numberger-Thuy, 2022	2022	Thuy_2022	TRUE	Animalia	Echinodermata	Ophiuroidea			https://doi.org/10.1038/s42003-021-02971-9
2347			accepted	species	John Bonham: named after John H. Bonham (RIP), also known as 'Bonzo', former drummer of rock band Led Zeppelin, for raising drumming in rock music to a new level	Ophiopetagno bonzo	Thuy, Eriksson, Kutscher & Numberger-Thuy, 2024	2024	Thuy_2024	TRUE	Animalia	Echinodermata	Ophiuroidea			https://doi.org/10.5852/ejt.2024.947.2631
2348			accepted	species	Kansas: named after American rock band Kansas, for producing some of the most inspiring songs in the history of rock music, including "Carry On Wayward Son" and "Dust in the Wind"	Ophiopetagno kansas	Thuy, Eriksson, Kutscher & Numberger-Thuy, 2024	2024		TRUE	Animalia	Echinodermata	Ophiuroidea			
2349			accepted	species	Ian Paice: honours Ian A. Paice, drummer of legendary rock band Deep Purple, one of the last common ancestors in heavy metal	Ophiopetagno paicei	Thuy, Eriksson & Numberger-Thuy, 2022	2022		TRUE	Animalia	Echinodermata	Ophiuroidea			
2350			accepted	species	Ronnie James Dio	Orbitestella dioi	Hybertsen & Kiel, 2018	2018	Hybertsen_2018	TRUE	Animalia	Mollusca	Gastropoda		Orbitestellidae	https://doi.org/10.4202/app.00525.2018
2351			accepted	species	Klaus Meine: in honor of Klaus Meine, the frontman of the German band Scorpions; many classic rock songs he wrote accompanied the growth of the first author	Orcevia meinei	Yu, Maddison & Zhang, 2023	2023	YU_2023	FALSE	Animalia	Arthropoda	Arachnida	Araneae	Salticidae	https://doi.org/10.11646/zootaxa.5384.1.1
2352			accepted	species	Freddie Mercury: in honor of Freddie Mercury (1946–1991), the leader of the British band "Queen". Many classic rock songs he wrote accompanied the growth of the first author	Orcevia mercuryi	Yu, Maddison & Zhang, 2023	2023	YU_2023	FALSE	Animalia	Arthropoda	Arachnida	Araneae	Salticidae	https://doi.org/10.11646/zootaxa.5384.1.1
2353			accepted	species	Choekyi Gyaltsen, 10th Panchen Lama: in honor of Losang Chinlä Lhünchub Qögyi Gyäcän, the 10th Panchen Lama, who made significant contributions to upholding the reunification of China and promoting internal unity in Xizang	Orcevia qogyigyacani	Yu & Zhang, 2024	2024		FALSE	Animalia	Arthropoda	Arachnida	Araneae	Salticidae	https://doi.org/10.3969/j.issn.1005-9628.2024.01.002
2354			accepted	species	Jeannette Kawas: named after Blanca Jeannette Kawas Fernández [...] in honor of her never-ending efforts to conserve the fauna and flora of Honduras. She co-established the Prolansate Foundation, which is still committed to protecting the environment while improving the quality of life of the local communities. Jeanette was murdered at her home in February 1995	Oreodera kawasae	Santos-Silva, Van Roie & Jocqué, 2021	2021	Santos_Silva_2021	FALSE	Animalia	Arthropoda	Insecta	Coleoptera	Cerambycidae	https://doi.org/10.5852/ejt.2021.764.1469
2355			accepted	species	Hayao Miyazaki: dedicated to animation director Hayao Miyazaki, a highly notorious animator and filmmaker. He animated the fantasy film Princess Mononoke, and illustrated the character Forest Spirit [...], that at nighttime turns [in]to Daidarabotchi, resembling the specimen	Ornamentula miyazakii	Minowa & Garraffoni, 2021	2021	Minowa_2021	FALSE	Animalia	Gastrotricha		Chaetonotida	Dasydytidae	https://doi.org/10.3897/zoologia.38.e56781
2356			accepted	species	Jack Nicholson: in honour of Jack Nicholson, an actor who so brilliantly portrays diverse personalities	Ornodolomedes nicholsoni	Raven & Hebron, 2018	2018	Raven_2018	FALSE	Animalia	Arthropoda	Arachnida	Araneae	Dolomedidae	https://doi.org/10.17082/j.2204-1478.60.2018.2017-06
2357			accepted	species	Deep Purple: Named after the British rock band Deep Purple, and in allusion to Las Violetas Farm, the locality in which the holotype was found (Spanish violeta, purple)	Orome deepi	Bauzá, Gelfo & López, 2019	2019	Bauz__2019	TRUE						https://doi.org/10.4202/app.00565.2018
2358			accepted	species	John Prine: This species is named in memory of the late John Prine (1946–2020), American folk singer and songwriter who sadly passed away due to Coronavirus while we were completing this paper	Oxymorus johnprinei	Borovec & Meregalli, 2020	2020	BOROVEC_2020	FALSE	Animalia	Arthropoda	Insecta	Coleoptera	Curculionidae	https://doi.org/10.14411/eje.2020.048
2359			accepted	species	Akihito: The name heisei is Japanese for "peace succeeds" or "realized peace." This is the name of the era of Emperor Akihito. It was chosen to recognize the many contributions to gobioid systematics made by Emperor Akihito and members of the Laboratory of Ichthyology, Akasaka Imperial Palace, working under his direction	Oxyurichthys heisei	Pezold, 1998	1998	Pezold_1998	FALSE	Animalia	Chordata	Teleostei	Gobiiformes	Gobiidae	https://doi.org/10.2307/1447798
2360			accepted	species	Ross Perot and family: In recognition of members of the Perot family (Margot and H. Ross Perot and their children), who have demonstrated a long history of supporting science and science education for the public	Pachyrhinosaurus perotorum	Hanelt et al., 2012	2012	Fiorillo_2012	TRUE						https://doi.org/10.4202/app.2011.0033
2361			accepted	species	Arvo Pärt: Named after Arvo Pärt, an Estonian composer of classical and sacred music, including the violin concerto Tabula Rasa	Paerticrinus arvosus	Wright & Toom, 2017	2017	Wright_2017	TRUE						https://doi.org/10.1111/pala.12324
2362			accepted	species	Haroldo Conti: The specific epithet honours the writer and journalist Haroldo Conti (1925–1976), kidnapped and disappeared by the last Argentine dictatorship	Palaelodus haroldocontii	Agnolin, Álvarez Herrera, Rozadilla & Contreras, 2025	2025	Agnol_n_2025	TRUE						https://doi.org/10.1080/08912963.2025.2475538
2363			accepted	species	Judith Resnik	Pandelleola resnikae	Lehrer, 1996	1996	WHITMORE_2011	FALSE	Animalia	Arthropoda	Insecta	Diptera	Sarcophagidae	https://doi.org/10.11646/zootaxa.2778.1.1
2364			accepted	species	Thom Wainggai	Panjange thomi	Huber, 2019	2019		FALSE	Animalia	Arthropoda	Arachnida	Araneae	Pholcidae	
2365			accepted	species	Bhumibol Adulyadej: The specific epithet refers to the collection locality in the Bhumibol Dam area in Lamphun and Tak Provinces in Thailand. The name also honours His Majesty King Bhumibol of Thailand who has taken a keen interest in the conservation of forests and the relationship between people and the environment. This species is dedicated to him on the occasion of his 84th Birthday." The plant was given the vernacular name "bhumibolin	Paraboea bhumiboliana	Triboun & Chuchan			FALSE	Plantae	Tracheophyta	Magnoliopsida	Lamiales	Gesneriaceae	
2366			accepted	species	Elvis Presley: in honor of Elvis Aaron Presley, king of rock and roll and subject of innumerable black velvet paintings	Paradonea presleyi	Miller et al., 2012	2012	Miller_2012	FALSE	Animalia	Arthropoda	Arachnida	Araneae	Eresidae	https://doi.org/10.3897/zookeys.195.2342
2367			accepted	species	Carl Sagan: This species is named after the astrophysicist and science communicator Carl Sagan, philosopher, and one of the greatest minds of the twentieth century	Paramacrobiotus sagani	Daza, Caicedo, Lisi & Quiroga, 2017	2017	DAZA_2017	FALSE	Animalia	Tardigrada	Eutardigrada	Parachela	Macrobiotidae	https://doi.org/10.11646/zootaxa.4362.1.2
2368			accepted	species	Richard Hell	Paraplethopeltis helli	Adrain, Westrop, Karim & Landing 2014	2014		TRUE	Animalia	Arthropoda	Trilobita	Aulacopleurida	Hystricuridae	
2369			accepted	species	Andrea Camilleri: This new species is dedicated to the Sicilian writer, Andrea Camillieri [sic], whose books accompanied [the first author's] work on Chinese Sericini over all the years	Paraserica camillerii	Ahrens, Fabrizi, & Liu, 2017	2017	Liu_2017	FALSE	Animalia	Arthropoda	Insecta	Coleoptera	Scarabaeidae	https://doi.org/10.3897/zookeys.721.13918
2370			accepted	species	Paul McCartney: refers to the nickname of Sir Paul McCartney, creative motor of the legendary band The Beatles and an icon of contemporary culture	Paratropis macca	Tauber, Perafán & Pérez-Miles, 2025	2025	Tauber_2025	FALSE	Animalia	Arthropoda	Arachnida	Araneae	Paratropididae	https://doi.org/10.5852/ejt.2025.997.2921
2371			accepted	species	Murray McLauchlan	Parayoungia mclaughlini	Adrain, 1998	1998		TRUE	Animalia	Arthropoda	Trilobita	Phacopida	Cheiruridae	
2372			accepted	subspecies	Francesco Guccini: Dedicated to Mr. Francesco Guccini, to whose songs the first author is ever tied	Parnassius mnemosyne guccinii	Sala & Bollino, 1992	1992		FALSE	Animalia	Arthropoda	Insecta	Lepidoptera	Papilionidae	
2373			accepted	species	Elvis Presley: named after the legendary King of Rock and Roll, Elvis Presley; the iridescent golden/pink elytra are reminiscent of the sparkly, sequined costumes he favored in his late career	Peinaleopolynoe elvisi	Hatch & Rouse, 2020	2020	Hatch_2020	FALSE	Animalia	Annelida	Polychaeta	Phyllodocida	Polynoidae	https://doi.org/10.3897/zookeys.932.48532
2374			accepted	species	Chris Squire: in honor of the British musician Christopher Russell Edward Squire (1948–2015), known as Chris Squire, who was one of the founding members and bass player of the progressive rock band "Yes"	Pelecium chrissquirei	Orsetti & Lopes-Andrade, 2024	2024	Orsetti_2024	FALSE	Animalia	Arthropoda	Insecta	Coleoptera	Carabidae	https://doi.org/10.5852/ejt.2024.922.2443
2375			accepted	species	Caetano Veloso: named in honour of the artist Caetano Veloso, an icon of Brazilian culture in the struggle for freedom of expression mainly during the military dictatorship	Penicillium reconvexovelosoi	J.P. Andrade et al. (2019)	2019	Crous_2019	FALSE	Fungi	Ascomycota	Eurotiomycetes	Eurotiales	Aspergillaceae	https://doi.org/10.3767/persoonia.2019.43.06
2376			accepted	genus	The Rolling Stones: Burmese amber is one of the oldest resins with insect inclusions, and stoneflies are one of the oldest pterygote lineages. What lies closer at hand than to link fossil stoneflies in ancient stones with the Rolling Stones and to name the new species after the members of the oldest and greatest Rock 'n' Roll Band in the world. The [...] new family and genera are named after 'the Stones', and all present and former members of the Rolling Stones are honoured with their own species.[...] The first part of the compound noun refers to the Rolling Stones and is derived from Latin 'petra', meaning 'stone', the second part 'perla', refers to the stonefly genus Perla	Petroperla	Sroka, Staniczek & Kondratieff, 2018	2018	Sroka_2018	TRUE	Animalia	Arthropoda	Insecta	Plecoptera	Petroperlidae	https://doi.org/10.7717/peerj.5354
2377			accepted	species	Mick Jagger: The name refers to Sir Mick Jagger, founding member, harmonica player, and lead singer of the Rolling Stones	Petroperla mickjaggeri	Sroka, Staniczek & Kondratieff, 2018	2018	Sroka_2018	TRUE	Animalia	Arthropoda	Insecta	Plecoptera	Petroperlidae	https://doi.org/10.7717/peerj.5354
2378			accepted	genus	Petula Clark	Petula	Clarke, 1971	1971		FALSE	Animalia	Arthropoda	Insecta	Lepidoptera	Tineidae	
2379			accepted	species	Harrison Ford: Named in honor of Harrison Ford, in recognition of his outstanding contribution in service and support to tropical conservation, hence the habitats in which the Pheidole ants will continue to exist	Pheidole harrisonfordi	Wilson, 2003	2003		FALSE	Animalia	Arthropoda	Insecta	Hymenoptera	Formicidae	
2380			accepted	species	Gordon Moore and Betty Moore: in recognition of their outstanding contribution in service and support to tropical conservation, hence the habitats in which the Pheidole ants will continue to exist	Pheidole mooreorum	Wilson, 2003	2003		FALSE	Animalia	Arthropoda	Insecta	Hymenoptera	Formicidae	
2381			accepted	species	Chico Mendes	Phelister chicomendesi	Caterino & Tishechkin, 2020	2020	Caterino_2020	FALSE	Animalia	Arthropoda	Insecta	Coleoptera	Histeridae	https://doi.org/10.3897/zookeys.1001.58447
2382			accepted	species	Frank Zappa: There is nothing I'd like better than having a jellyfish named after me	Phialella zappai	Boero, 1987	1987		FALSE	Animalia	Cnidaria	Hydrozoa	Leptothecata	Phialellidae	
2383			accepted	species	Gordon Moore and Betty Moore: honouring the benefactors of the Moore Foundation, Dr. Gordon and Betty Moore (b. California, 1929 and 1928, respectively), in appreciation of their support of the Global Amphibian Assessment and decades of philanthropic work in science and conservation	Philautus mooreorum	Meegaskumbura & Manamendra-Arachchi, 2005	2005		FALSE	Animalia	Chordata	Amphibia	Anura	Rhacophoridae	
2384			accepted	species	Abebe Bikila	Pholcus bikilai	Huber, 2011	2011		FALSE	Animalia	Arthropoda	Arachnida	Araneae	Pholcidae	
2385			accepted	species	Martin Luther King Jr.	Pholcus kingi	Huber, 2011	2011		FALSE	Animalia	Arthropoda	Arachnida	Araneae	Pholcidae	
2386			accepted	species	George Lilanga	Pholcus lilangai	Huber, 2011	2011		FALSE	Animalia	Arthropoda	Arachnida	Araneae	Pholcidae	
2387			accepted	species	Pira Sudham	Pholcus sudhami	Huber, 2011	2011	Huber_2018	FALSE	Animalia	Arthropoda	Arachnida	Araneae	Pholcidae	https://doi.org/10.3897/zookeys.789.22781
2388			accepted	species	Víctor Jara: as a recognition to Victor Jara, famous Chilean singer who was killed in 1973, during the government of the dictator Augusto Pinochet	Phrixotrichus jara	Perafán & Pérez-Miles, 2014	2014	Peraf_n_2014a	FALSE	Animalia	Arthropoda	Arachnida	Araneae	Theraphosidae	https://doi.org/10.1080/00222933.2014.902142
2389			accepted	species	Emil Salim: after Prof Emil Salim, former Minister of Environment of the Republic of Indonesia and eminent environmentalist whose actions have contributed to more stringent international guidelines regulating extractive industries and mining, thereby benefitting many countries' natural communities, including Indonesia	Phylloscopus emilsalimi	Rheindt et al., 2020	2020		FALSE	Animalia	Chordata	Aves	Passeriformes	Phylloscopidae	
2390			accepted	species	Eric Clapton	Physalaemus claptoni	Leal et al., 2020	2020	LEAL_2020	FALSE	Animalia	Chordata	Amphibia	Anura	Leptodactylidae	https://doi.org/10.11646/zootaxa.4766.2.3
2391			accepted	species	Pink Floyd: derived from "Floyd" (honoring the band Pink Floyd) and "muraria" (from Latin mūrus, wall), alluding to both the album The Wall and the species' wall-dwelling habitat	Pikelinia floydmuraria	Villarreal et al., 2026	2026	Villarreal_2026	FALSE	Animalia	Arthropoda	Arachnida	Araneae	Filistatidae	https://doi.org/10.3897/zse.102.175423
2392			accepted	genus	Pink Floyd: Pink Floyd was an innovative group that created music (with) an eclectic mixture of styles. Pinkfloydia has very unusual morphological features and its name aims to reflect its uniqueness	Pinkfloydia	Dimitrov & Hormiga, 2011	2011	DIMITROV_2011	FALSE	Animalia	Arthropoda	Arachnida	Araneae	Tetragnathidae	https://doi.org/10.1111/j.1096-3642.2010.00662.x
2393			accepted	species	Stephen Hawking: Honouring the English theoretical physicist, cosmologist and author Stephen William Hawking, who passed away the day this manuscript was submitted, 14 March 2018	Pleurothallis hawkingii	Karremans & J.E.Jiménez		KARREMANS_2018	FALSE	Plantae	Tracheophyta	Liliopsida	Asparagales	Orchidaceae	https://doi.org/10.11646/phytotaxa.349.2.10
2394			accepted	species	Akihito	Platygobiopsis akihito	Springer & Randall, 1992	1992	Springer_1992	FALSE	Animalia	Chordata	Teleostei	Gobiiformes	Gobiidae	https://doi.org/10.1007/BF02905596
2395			accepted	species	Donald Trump	Pliotoxaster donaldtrumpi	Thompson, 2020	2020		TRUE	Animalia	Echinodermata	Echinoidea	Spatangoida	Toxasteridae	
2396			accepted	species	Troels Kløvedal: named in honour of the Danish pioneer, longtime sailor, author and lecturer Troels Kløvedal (born Troels Beha Erichsen), in recognition of his trips with the Nordkaperen ship	Podistra kloevedali	Fanti & Damgaard, 2018	2018		TRUE						
2397			accepted	species	Leonard Nimoy: named in honor of the passing of Leonard Nimoy, an actor in the Star Trek television series and movies. His fictional character, Mr. Spock, and his career strongly influenced one of us in childhood to pursue a career in science	Podocotyle nimoyi	Blend, Dronen & Armstrong, 2016	2016	BLEND_2016	TRUE	Animalia	Platyhelminthes	Trematoda	Plagiorchiida	Opecoelidae	https://doi.org/10.11646/zootaxa.4117.4.3
2398			accepted	species	Elvis Presley: The species epithet is from Elvis Presley (1935–1977), rock star, whose curl of hair resembled the terminal curl of the male palpal embolus	Poecilipta elvis	Raven, 2015	2015		FALSE	Animalia	Arthropoda	Arachnida	Araneae	Corinnidae	
2399			accepted	species	Brian Martin: Named in honour of Brian Martin, University of Wollongong, New South Wales, for his contributions on power and suppression in science	Polycheles martini	Ahyong & Brown, 2002	2002		FALSE	Animalia	Arthropoda	Malacostraca	Decapoda	Polychelidae	
2400			accepted	species	Merrill J. Fernando: This new species honours the founder of Dilmah Conservation Mr. Meril J. Fernando [sic] who has funded lichen research projects conducted in Sri Lanka in 2015 and 2017, including the publication of "Fascinating Lichens of Sri Lanka"	Polymeridium fernandoi	Aptroot & Weerakoon (2018)	2018	Aptroot_2018	FALSE	Fungi	Ascomycota	Dothideomycetes	Trypetheliales	Trypetheliaceae	https://doi.org/10.7872/crym/v39.iss3.2018.373
2401			accepted	species	Bhumibol Adulyadej: Named after the King of Thailand Bhumibol Adulyadej who died on October 13, 2016	Polyzonus bhumiboli	Skale, 2018	2018		FALSE	Animalia	Arthropoda	Insecta	Coleoptera	Cerambycidae	
2402			accepted	species	Bhumibol Adulyadej: in honour of His Majesty King Bhumibol Adulyadej at the occasion of His Majesty's 72nd birthday, as a token of respect and recognition of the great interest shown by His Majesty in the natural history and conservation of wildlife in Thailand. His Majesty the King graciously permitted the use of His name for this remarkable and most interesting species, which is the largest species of freshwater crab known from Thailand	Potamon bhumibol	Naiyanetr, 2001	2001	Naiyanetr_2001	FALSE	Animalia	Arthropoda	Malacostraca	Decapoda	Potamidae	https://doi.org/10.1163/156854001505541
2403			accepted	species	Arnold Schwarzenegger: is a contraction of "Predator Oonops," taken from the science-fiction action movie Predator. The name refers the fact that all species show the frontal area of the male chelicerae with modified structures that resemble the face of the Predator character [...]. It is also a homage to the 25th anniversary of this blockbuster success	Predatoroonops schwarzeneggeri	Brescovit, Rheims & Ott, 2012	2012	Brescovit_2012	FALSE	Animalia	Arthropoda	Arachnida	Araneae	Oonopidae	https://doi.org/10.1206/766.1
2404			accepted	species	Stan Winston: Stan" Winston, responsible for the visual effects in the movie Predator of 1987, a category in which the movie was nominated for an Oscar in 1988	Predatoroonops stani	Pereira & Labarque, 2021	2021	PEREIRA_2021	FALSE	Animalia	Arthropoda	Arachnida	Araneae	Oonopidae	https://doi.org/10.11646/zootaxa.4964.2.11
2405			accepted	species	Akihito: Named for the Emperor of Japan, Akihito, for his significant and innovative contributions to the systematics of gobioid fishes." "This species is known under the name Koku-ten-benkeihaze in Japan and Emperor Reefgoby in Australia	Priolepis akihitoi	Hoese & Larson, 2010	2010	Hoese_2010	FALSE	Animalia	Chordata	Teleostei	Gobiiformes	Gobiidae	https://doi.org/10.1007/s10228-010-0170-6
2406			accepted	species	Noam Chomsky: a patronym for Noam Chomsky, US-born theoretical linguist and one of the most cited modern scholars. Chomsky is the founder of modern linguistics. He developed the concept of "universal grammar," an innate cognitive capacity, shared by all humans, which allows to learn and communicate through complex speech	Pristimantis chomskyi	Páez & Ron, 2019	2019	P_ez_2019	FALSE	Animalia	Chordata	Amphibia	Anura	Strabomantidae	https://doi.org/10.3897/zookeys.868.26766
2407			accepted	species	Led Zeppelin: The name honours Led Zeppelin and their extraordinary music. Led Zeppelin was a British rock band formed in London in 1968, one of the most influential bands throughout the 1970s, and progenitors of both hard rock and heavy metal	Pristimantis ledzeppelin	Brito-Zapata & Reyes-Puig, 2021	2021	Brito_Zapata_2021	FALSE	Animalia	Chordata	Amphibia	Anura	Strabomantidae	https://doi.org/10.1080/23766808.2021.1940048
2408			accepted	species	Antônio Carlos Jobim: in homage to the great musician and composer Tom Jobim (1927-1994)	Prophorostoma tomjobimi	Nihei, 2006	2006	Nihei_2006	FALSE	Animalia	Arthropoda	Insecta	Diptera	Tachinidae	https://doi.org/10.1590/S0031-10492006002100001
2409			accepted	species	Frank Zappa: This bacterium is so unconventional in its behavior, and its new habitat is so unexpected that we thought of Frank Zappa	Propionibacterium acnes	Campisano et al., 2014	2014	Caspermeyer_2014	FALSE	Bacillati	Actinomycetota	Actinomycetes	Propionibacteriales	Propionibacteriaceae	https://doi.org/10.1093/molbev/msu096
2410			accepted	species	Steven Spielberg: We are pleased to dedicate this exceptional species to the director Stephen [sic] Spielberg, whose film Jurassic Park contributed to the revival of interest in the earth's ancient past	Protognathinus spielbergi	Chalumeau & Brochier, 2001	2001		TRUE	Animalia	Arthropoda	Insecta	Coleoptera	Lucanidae	
2411			accepted	species	Quini: Dedicated to Quini (Enrique Castro) in heartfelt tribute to "the sorcerer", a master of soccer and a great human being", "Named in honour of Quini [...], a football sage and a good person of the generation of the authors, who passed away on a sad day of February leaving us his spirit, his legend and a rallying cry for ever: Now Quini now, now Quini... GOOOAL, from heaven	Prunum quini	Ortea & Espinosa, 2018	2018		FALSE	Animalia	Mollusca	Gastropoda	Neogastropoda	Marginellidae	
2412			accepted	species	Paul Newman	Psalikilopsis newmani	Adrain, McAdams, Westrop & Karim, 2011	2011		TRUE	Animalia	Arthropoda	Trilobita	Proetida	Bathyuridae	
2413			accepted	species	Robert Redford	Psalikilopsis redfordi	Adrain, McAdams, Westrop & Karim, 2011	2011		TRUE	Animalia	Arthropoda	Trilobita	Proetida	Bathyuridae	
2414			accepted	species	Alfio Piva: Named for Dr Alfio Piva, former Director of the INBio and ex vice-president of the Republic of Costa Rica, recognising his contribution to the conservation of biodiversity	Psathyrella pivae	Heykoop, G. Moreno & M. Mata (2019)	2019		FALSE	Fungi	Basidiomycota	Agaricomycetes	Agaricales	Psathyrellaceae	
2415			accepted	species	Terry Pratchett: In honour of the British novelist Terry Pratchett, whose wonderful style and great sense of humour, combined with his deep affection for turtles, merits the naming of this new species after him	Psephophorus terrypratchetti	Kohler, 1995	1995	Kohler_1995	TRUE						https://doi.org/10.1080/03014223.1995.9517495
2416			accepted	species	Alfio Piva: in recognition of his many years of administrative support to ... INBio ... and of his policy efforts on behalf of conserving biodiversity in Costa Rica	Pseudapanteles alfiopivai	Fernández-Triana & Whitfield, 2014	2014	Fernandez_Triana_2014	FALSE	Animalia	Arthropoda	Insecta	Hymenoptera	Braconidae	https://doi.org/10.3897/zookeys.446.8195
2417			accepted	species	Margarita Penón: who listened patiently ... and thereby set the process in motion that protects all of these wasps and hundreds of thousands of other ACG species	Pseudapanteles margaritapenonae	Fernández-Triana & Whitfield, 2014	2014	Fernandez_Triana_2014	FALSE	Animalia	Arthropoda	Insecta	Hymenoptera	Braconidae	https://doi.org/10.3897/zookeys.446.8195
2418			accepted	species	Óscar Arias: who, upon listening to Margarita Penon's summary of the ACG concept in 1986, set ACG survival policy in motion	Pseudapanteles oscarariasi	Fernández-Triana & Whitfield, 2014	2014	Fernandez_Triana_2014	FALSE	Animalia	Arthropoda	Insecta	Hymenoptera	Braconidae	https://doi.org/10.3897/zookeys.446.8195
2419			accepted	species	John Bonham: Named after John Bonham (1948–1980), drummer of the band Led Zeppelin, who inspired many generations of musicians with his outstanding talent and unique way of playing	Pseudharpinia bonhami	Andrade & Senna, 2020	2020	ANDRADE_2020	FALSE	Animalia	Arthropoda	Malacostraca	Amphipoda	Phoxocephalidae	https://doi.org/10.11646/zootaxa.4763.4.3
2420			accepted	species	John Paul Jones (musician): Named after John Paul Jones, artistic name of John Richard Baldwin also known as Jonesy, bassist/keyboardist of the band Led Zeppelin, as a homage to his brilliance and contributions to music as a multi-instrumentalist	Pseudharpinia jonesyi	Andrade & Senna, 2020	2020	ANDRADE_2020	FALSE	Animalia	Arthropoda	Malacostraca	Amphipoda	Phoxocephalidae	https://doi.org/10.11646/zootaxa.4763.4.3
2421			accepted	species	Jimmy Page: Named after Jimmy Page, artistic name of James Patrick Page, guitarist and founder of the band Led Zeppelin, considered one of the most influential guitarists in the world, inspiring not only musicians but we both authors during scientific discussions	Pseudharpinia pagei	Andrade & Senna, 2020	2020	ANDRADE_2020	FALSE	Animalia	Arthropoda	Malacostraca	Amphipoda	Phoxocephalidae	https://doi.org/10.11646/zootaxa.4763.4.3
2422			accepted	species	Robert Plant: Named after Robert Plant, artistic name of Robert Anthony Plant, lead singer of the band Led Zeppelin and owner of one of the greatest voices in the world	Pseudharpinia planti	Andrade & Senna, 2020	2020	ANDRADE_2020	FALSE	Animalia	Arthropoda	Malacostraca	Amphipoda	Phoxocephalidae	https://doi.org/10.11646/zootaxa.4763.4.3
2423			accepted	species	Harrison Ford: named in honor of actor Harrison Ford, whose commitment to environmental protection has helped conserve natural resources around the world	Pseudoloxops harrisonfordi	Balukjian & Van Dam, 2024	2024	Balukjian_2024	FALSE	Animalia	Arthropoda	Insecta	Hemiptera	Miridae	https://doi.org/10.1093/isd/ixae012
2424			accepted	species	Marilyn Monroe	Pseudotanais monroeae	Jakiel, Palero & Błażewicz, 2020	2020		FALSE	Animalia	Arthropoda	Malacostraca	Tanaidacea	Pseudotanaidae	
2425			accepted	species	The Beatles: Named for the band The Beatles, which no beetle has yet been named after. The name also commemorates the 'Bed in for Peace' by John Lennon and Yoko Ono in the nearby Hilton Hotel [of Amsterdam], exactly 50 years (to the day) prior to the collection date of the holotype	Ptomaphagus thebeatles	Schilthuizen, Latella & Njunjić, 2020	2020	Schilthuizen_2021	FALSE	Animalia	Arthropoda	Insecta	Coleoptera	Leiodidae	https://doi.org/10.1163/18759866-BJA10007
2426			accepted	species	Julieta Fierro: The species is dedicated to Dr Julieta Fierro Gossman. [...] Dr Fierro is a Mexican scientist renowned for her extensive career in physics and astrophysics studies, as well as being a passionate science communicator. The epithet was proposed and selected by public participation through the call for entries "Name a new species of firefly" with the theme "Illustrious Mexican Women" during the Second Firefly Festival Mexico	Pyropyga julietafierroae	Gutiérrez-Carranza & Zaragoza-Caballero, 2023	2023	Guti_rrez_Carranza_2023	FALSE	Animalia	Arthropoda	Insecta	Coleoptera	Lampyridae	https://doi.org/10.21829/azm.2023.3912587
2427			accepted	species	Roger Daltrey	Quadrophenia daltreyi	Rifkind, 2017	2017		FALSE						
2428			accepted	species	John Entwistle	Quadrophenia entwistlei	Rifkind, 2017	2017		FALSE						
2429			accepted	species	Keith Moon	Quadrophenia mooni	Rifkind, 2017	2017		FALSE						
2430			accepted	species	Pete Townshend	Quadrophenia townshendi	Rifkind, 2017	2017		FALSE						
2431			accepted	species	Dave Davies	Radiolichas davedaviesi	Adrain & Ramsköld, 1996	1996	Adrain_1996	TRUE	Animalia	Arthropoda	Trilobita	Lichida	Lichidae	https://doi.org/10.1017/S0016756800008669
2432			accepted	species	Ray Davies	Radiolichas raydaviesi	Adrain & Ramsköld, 1996	1996	Adrain_1996	TRUE	Animalia	Arthropoda	Trilobita	Lichida	Lichidae	https://doi.org/10.1017/S0016756800008669
2433			accepted	species	Azlan Shah of Perak: The species name is in honor of HRH Paduka Seri Sultan Perak, Sultan Azlan Shah, the patron of the Malaysian Nature Society Heritage and Scientific Expedition to Belum. Populations are known from Perak and Pahang states of peninsular Malaysia	Rafflesia azlanii	Latiff & M.Wong			FALSE	Plantae	Tracheophyta	Magnoliopsida	Malpighiales	Rafflesiaceae	
2434			accepted	species	Winfried Kretschmann: The species is dedicated to Winfried Kretschmann, the political mastermind and founder of the Black Forest National Park	Ramazzottius kretschmanni	Guidetti et al., 2022	2022	Guidetti_2022	FALSE	Animalia	Tardigrada	Eutardigrada	Parachela	Ramazzottiidae	https://doi.org/10.1080/24750263.2022.2043468
2435			accepted	species	Noam Chomsky: This peculiar spider species is named in honour [of] Noam Chomsky, who – according to the New York Times – is probably the most important and influential living intellectual human and an excellent social critic. In my opinion Chomsky's view of anarchism makes sense in a world full of corrupt, inhuman and criminal political, economic and religious leaders. [...] This many-sided author compared also excellently the evolution of languages with the evolution of animals	Retrooecobius chomskyi	Wunderlich, 2015	2015		TRUE						
2436			accepted	species	Gilberto Gil: in homage to the Brazilian musician (singer and composer), Gilberto Passos Gil Moreira, better known as "Gilberto Gil" (born in 1942), in recognition of his great contributions to Brazilian music. "Aqui e agora," "Drão," "Esotérico," "Estrela," "Palco," and "Tempo Rei" are some of the most beautiful songs produced by Gilberto Gil. The artist is also known for participating in environmental protection projects	Rhinatrema gilbertogili	Maciel, Sampaio, Hoogmoed & Schneider, 2018	2018	Maciel_2018	FALSE	Animalia	Chordata	Amphibia	Gymnophiona	Rhinatrematidae	https://doi.org/10.2994/SAJH-D-17-00054.1
2437			accepted	species	B. J. Habibie: in honor of the late Bacharuddin Jusuf Habibie (deceased 11 Sep 2019), the third president of the Republic of Indonesia. President Habibie was known as a keen environmentalist and contributed greatly to the science and conservation of nature in Indonesia	Rhipidura habibiei	Rheindt et al., 2020	2020	Rheindt_2020	FALSE	Animalia	Chordata	Aves	Passeriformes	Rhipiduridae	https://doi.org/10.1126/science.aax2146
2438			accepted	species	Tenzin Gyatso, 14th Dalai Lama	Rhodinia tenzingyatsoi	Naumann, 2001	2001		FALSE	Animalia	Arthropoda	Insecta	Lepidoptera	Saturniidae	
2439			accepted	species	Donald Rumsfeld: to honor Donald Rumsfeld who immortalized the quote: "there are known knowns; there are things we know we know. We also know there are known unknowns; that is to say we know there are some things we do not know. But there are also unknown unknowns – the ones we don't know we don't know." He said that when referring to the uncertainties of war, but we think it applies perfectly to the taxonomy of MCE species: We only realized this species was new after we took a good look at it here at the [[California Academy of Sciences|[Steinhart] aquarium in San Francisco]], so we think it's a perfect example of an unknown unknown	Roa rumsfeldi	Rocha et al., 2017	2017	Rocha_2017	FALSE	Animalia	Chordata	Teleostei	Acanthuriformes	Chaetodontidae	https://doi.org/10.3897/zookeys.709.20404
2440			accepted	species	Corazón Aquino: named in honor of our late former President, Corazon C. Aquino (known to all Filipinos by her nickname "Cory"), who led the country out of the dictatorship era. It is fitting that a genus named after a Philippine island (Romblon) has a species named after a modern Filipino hero	Romblonella coryae	General & Buenavente, 2015	2015	General_2015	FALSE	Animalia	Arthropoda	Insecta	Hymenoptera	Formicidae	https://doi.org/10.5281/zenodo.17483
2441			accepted	species	Fernando Botero	Rustitermes boteroi	Constantini, Castro & Scheffrahn, 2020	2020	Castro_2020	FALSE						https://doi.org/10.3897/zookeys.922.47347
2442			accepted	genus	Black Sabbath: named after the British rock band "Black Sabbath", and the Greek word "ἰχθύς" meaning fish	Sabbathichthys	Calzoni, Giusberti & Carnevale, 2026	2026	Calzoni_2026	TRUE						https://doi.org/10.1371/journal.pone.0338490
2443			accepted	species	Ozzy Osbourne: Species name dedicated to Ozzy Osbourne (1948-2025), frontman of the British heavy metal band Black Sabbath, who passed away during the preparation of this paper	Sabbathichthys osbournei	Calzoni, Giusberti & Carnevale, 2026	2026	Calzoni_2026	TRUE						https://doi.org/10.1371/journal.pone.0338490
2444			accepted	species	Bob Brown: Named in honor of Robert James "Bob" Brown, former Parliamentary Leader of the Australian Greens, for his life's work fighting to protect the environment and to achieve equality for all people regardless of sexual orientation	Sacoproteus browni	Krug et al., 2018	2018	Krug_2018	FALSE	Animalia	Mollusca	Gastropoda		Limapontiidae	https://doi.org/10.1111/zsc.12310
2445			accepted	species	Inger Christensen	Sanaungulus christensenae	Fanti & Damgaard, 2019	2019		TRUE						
2446			accepted	species	Ghita Nørby: named in honor of the Danish actress Ghita Nørby, as thank[s] for decades (over 60 years: 1956-today) of contributions to the Danish theater and film scene	Sanaungulus ghitaenoerbyae	Fanti, Damgaard & Ellenberger 2018	2018	Fanti_2018	TRUE						https://doi.org/10.1016/j.cretres.2018.02.015
2447			accepted	species	Troels Kløvedal: In honor of the Danish pioneer, longtime sailor, author and lecturer Troels Kløvedal	Sanaungulus troelsikloevedali	Fanti & Damgaard, 2019	2019		TRUE						
2448			accepted	species	Werner Herzog: named in honor of the great poet and filmmaker Werner Herzog (Munich, 1942), whose iconic films Aguirre, the Wrath of God (1972) and Fitzcarraldo (1982) reveal the natural magnificence of Machupicchu and the Peruvian Amazon	Sarcoglottis wernerherzogii	Collantes, Edquén & Salazar		Collantes_2023	FALSE	Plantae	Tracheophyta	Liliopsida	Asparagales	Orchidaceae	https://doi.org/10.15517/lank.v23i3.58135
2449			accepted	species	Abdullah Ahmad Badawi: named in honour of the Prime Minister of Malaysia, Datuk Seri Abdullah Ahmad Badawi, for his strong interest in nature conservation and protection of the environment	Scaphochlamys abdullahii	Y.Y.Sam & Saw			FALSE	Plantae	Tracheophyta	Liliopsida	Zingiberales	Zingiberaceae	
2450			accepted	species	Roberto Fontanarrosa: named in honor [of] the writer and cartoonist Roberto "El Negro" Fontanarrosa (1944–2007), in recognition of his vast contribution to the Argentinean culture. His work always included elements of nature, like the amphibians	Scinax fontanarrosai	Baldo et al., 2019	2019	Baldo_2019	FALSE	Animalia	Chordata	Amphibia	Anura	Hylidae	https://doi.org/10.1371/journal.pone.0225543
2451			accepted	species	Rita Lee: Rita Lee Jones de Carvalho, known as Rita Lee, was a Brazilian rock singer whose lyrics criticized the conservative, far-right, military dictatorship of the Brazilian government, which lasted from 1964 to 1985. She was a feminist activist, an ally of the LGBTQIAPN+ movement, and an environmentalist. Notably, Rita Lee is famous for her musical compositions and for her red-dyed hair, the latter trait considered unusual in her time. The reddish blotches in the iris of the new species are also an uncommon characteristic when compared to its congeners in the S. granulatus group. In this sense, we propose the new species epithet honoring the Queen of Brazilian rock music	Scinax ritaleeae	Marinho, Faivovich, Haddad & Araujo-Vieira, 2024	2024	Marinho_2024	FALSE	Animalia	Chordata	Amphibia	Anura	Hylidae	https://doi.org/10.1643/h2024012
2452			accepted	species	Mohammad-Reza Shajarian: named in honor of Mr. Mohammadreza Shajarian, the living legend of Persian traditional music	Scutacarus shajariani	Sobhi & Hajiqanbar, 2017	2017	Sobhi_2017	FALSE						https://doi.org/10.1111/ens.12255
2453			accepted	species	John Coltrane: The specific name is a patronym honoring the late American jazz saxophonist, band leader and composer John Coltrane (23 September 1926–17 July 1967), known for his major influence on genres such as Bebop, Modal Jazz and Hard Bop, and for his pioneering work at the forefront of Free Jazz	Scytodes coltranei	Iost, Alayón & Rheims, 2025	2025	IOST_2025	FALSE	Animalia	Arthropoda	Arachnida	Araneae	Scytodidae	https://doi.org/10.11646/zootaxa.5728.3.3
2454			accepted	species	George Harrison: The specific name is a patronym honoring the late British musician George Harrison (25 February 1943 – 29 November 2001), best known as the lead guitarist of The Beatles. He was also recognized for his contributions to music as a solo artist and for his interest in Indian culture and spirituality	Scytodes harrisoni	Iost, Alayón & Rheims, 2025	2025	IOST_2025	FALSE	Animalia	Arthropoda	Arachnida	Araneae	Scytodidae	https://doi.org/10.11646/zootaxa.5728.3.3
2455			accepted	species	Jim Morrison: The specific name is a patronym honoring the late musician and poet Jim Morrison (8 December 1943–3 July 1971), lead singer of the American rock band The Doors, known for his distinctive voice, lyrical writing, and influence on rock music and counterculture	Scytodes jimmorrisoni	Iost, Alayón & Rheims, 2025	2025	IOST_2025	FALSE	Animalia	Arthropoda	Arachnida	Araneae	Scytodidae	https://doi.org/10.11646/zootaxa.5728.3.3
2456			accepted	species	Joni Mitchell: The specific name is a matronym honoring the Canadian singer-songwriter Joni Mitchell, known for her influential work in folk, jazz, and pop music, and for her complex compositions and poetic lyrics	Scytodes joniae	Iost, Alayón & Rheims, 2025	2025	IOST_2025	FALSE	Animalia	Arthropoda	Arachnida	Araneae	Scytodidae	https://doi.org/10.11646/zootaxa.5728.3.3
2457			accepted	species	Stevie Nicks: The specific name is a matronym honoring American singer and songwriter Stevie Nicks, known for her work as a solo artist and as a member of Fleetwood Mac, and recognized for her distinctive voice, lyrical style, and influence on rock music	Scytodes nicksae	Iost, Alayón & Rheims, 2025	2025	IOST_2025	FALSE	Animalia	Arthropoda	Arachnida	Araneae	Scytodidae	https://doi.org/10.11646/zootaxa.5728.3.3
2458			accepted	species	Rita Lee: The specific name is a matronym honoring the late Brazilian singer, songwriter, and multi-instrumentalist Rita Lee (31 December 1947 – 8 May 2023), known as the "Queen of Brazilian Rock." She was a founding member of the band Os Mutantes and a key figure in the Tropicália movement, with a long solo career marked by innovation and cultural impact	Scytodes ritae	Iost, Alayón & Rheims, 2025	2025	IOST_2025	FALSE	Animalia	Arthropoda	Arachnida	Araneae	Scytodidae	https://doi.org/10.11646/zootaxa.5728.3.3
2459			accepted	species	Black Sabbath: The specific name honors the British heavy metal band Black Sabbath, formed in Birmingham in 1968 and widely regarded as the pioneers of heavy metal. Known for their dark themes and heavy riffs, the band concluded their career with a farewell concert, titled Back to the Beginning, at Villa Park, Birmingham, on July 2025, featuring the original lineup and numerous guest artists	Scytodes sabbath	Iost, Alayón & Rheims, 2025	2025	IOST_2025	FALSE	Animalia	Arthropoda	Arachnida	Araneae	Scytodidae	https://doi.org/10.11646/zootaxa.5728.3.3
2460			accepted	species	Alice Cooper: In honor of musician Alice Cooper for his lifelong dedication to music as a performing artist." "his music has been firmly playing in the background during much of my research	Serpula alicecooperi	Kočí, Milàn, Jakobsen & Bashforth, 2024	2024	2024	TRUE	Animalia	Annelida	Polychaeta	Sabellida	Serpulidae	https://doi.org/10.37570/bgsd-2024-73-02
2461			accepted	species	Piero Angela: The species name honors the Italian journalist and science writer Piero Angela (1928-2022) for his extraordinary contribution to the popularization of scientific knowledge and the promotion of rational thinking	Shuilingornis angelai	Wang et al., 2025	2025	Wang_2025	TRUE						https://doi.org/10.1016/j.cretres.2024.106014
2462			accepted	species	The Rolling Stones: The epithet is formed by the contraction of volutabundus, a, um: rolling, and silex: pebble/stone, because the shape of the epigynum closely resembles the tongue logo used by the rock band the Rolling Stones	Sisicus volutasilex	Dupérré & Paquin, 2007	2007	DUP_RR__2007	FALSE	Animalia	Arthropoda	Arachnida	Araneae	Linyphiidae	https://doi.org/10.11646/zootaxa.1632.1.1
2463			accepted	species	Elvis Presley: in honour of the late Elvis Aaron Presley (1935–1977), an iconic American singer and actor and known as 'the King of Rock and Roll', due to some resemblance of the apical lobe of the terminal apophysis of the male pedipalp to his pompadour tuft, a haircut very common in the 1950s and a very characteristic feature of Elvis	Socca elvispresleyi	Framenau, Castanheira & Vink, 2022	2022	Framenau_2022	FALSE	Animalia	Arthropoda	Arachnida	Araneae	Araneidae	https://doi.org/10.1080/03014223.2021.2014899
2464			accepted	species	Johnny Warren: honouring the late Johnny Warren MBE, OAM (1943–2004), who was an Australian international soccer player, but also coach, administrator, writer and broadcaster who was instrumental in bringing 'The World Game' to a wider audience in Australia. He played 42 international matches for Australia, including 24 as a team captain and also played in Australia's first world cup in Germany in 1974	Socca johnnywarreni	Framenau, Castanheira & Vink, 2022	2022	Framenau_2022	FALSE	Animalia	Arthropoda	Arachnida	Araneae	Araneidae	https://doi.org/10.1080/03014223.2021.2014899
2465			accepted	species	Lev Yashin: honouring the 'Black Spider', the late Lev Yashin (1929–1990), one of the greatest goalkeepers football has ever seen. He played 78 games for the Soviet Union's soccer team, winning the 1956 Olympic Games [held in Melbourne, Australia] and the first European championship, the 1960 European Nations' Cup	Socca levyashini	Framenau, Castanheira & Vink, 2022	2022	Framenau_2022	FALSE	Animalia	Arthropoda	Arachnida	Araneae	Araneidae	https://doi.org/10.1080/03014223.2021.2014899
2466			accepted	species	Chico Mendes	Solaropsis chicomendesi	Cuezzo & Fernández, 2001	2001		FALSE	Animalia	Mollusca	Gastropoda		Solaropsidae	
2467			accepted	species	A. P. J. Abdul Kalam	Solibacillus kalamii	Checinska Sielaff et al., 2017	2017	Checinska_Sielaff_2017	FALSE	Bacillati	Bacillota	Bacilli	Caryophanales	Caryophanaceae	https://doi.org/10.1099/ijsem.0.001706
2468			accepted	species	Mongo Beti: Named for the Cameroonian writer Alexandre Biyidi Awala (1932-2001), known as Mongo Beti	Spermophora awalai	Huber, 2014	2014		FALSE	Animalia	Arthropoda	Arachnida	Araneae	Pholcidae	
2469			accepted	species	Wangarĩ Maathai: named in honor of Prof. Wangari Maathai, founder of the Green Belt Movement and first African woman to win the Nobel peace prize	Spermophora maathaiae	Huber & Warui, 2012	2012	Huber_2012	FALSE	Animalia	Arthropoda	Arachnida	Araneae	Pholcidae	https://doi.org/10.5852/ejt.2012.29
2470			accepted	species	Henning Mankell: Named in honor of Henning Mankell [...], who is a renowned Swedish crime writer that is best known for his detective novels involving Inspector Kurt Wallander	Sphaeropthalma mankelli	Pitts, 2010	2010	PITTS_2010	FALSE						https://doi.org/10.11646/zootaxa.2553.1.1
2471			accepted	species	Frank Zappa: The specific name honors the late Frank Zappa, musician, composer, politician, whose mission paralleled that of the earliest paleontologists: to challenge conventional and traditional beliefs when such beliefs lacked roots in logic and reason	Spygoria zappania	Salak & Lescinsky, 1999	1999	Salak_1999	TRUE						https://doi.org/10.1017/s002233600003239x
2472			accepted	species	Hayao Miyazaki: Named in honour of Hayao Miyazaki, co-founder of Studio Ghibli, an animation studio in Japan, to pay tribute to his anime lifework, in particular the masterpiece Ponyo that celebrates marine biodiversity. In addition, Hayao Miyazaki's favourite novelist, Soseki Natsume, lived in Kumamoto Prefecture, where the new ophiuroid fossils were found	Stegophiura miyazakii	Ishida et al., 2018	2018	Ishida_2018	TRUE	Animalia	Echinodermata	Ophiuroidea	Ophiurida	Ophiopyrgidae	https://doi.org/10.1007/s13358-018-0168-7
2473			accepted	species	Hayao Miyazaki	Stenetra miyazakii	Tselikh & Burks, 2020	2020	TSELIKH_2020a	FALSE	Animalia	Arthropoda	Insecta	Hymenoptera	Pteromalidae	https://doi.org/10.11646/zootaxa.4759.2.3
2474			accepted	genus	Henry Stephen: named in remembrance of the internationally renowned Venezuelan musician, actor, composer and extraordinary singer, Henry Stephen	Stephenympha	Viloria, 2022	2022	Viloria_2022	FALSE						https://doi.org/10.5281/zenodo.7131323
2475			accepted	species	Paul McCartney: This new species is named after Paul McCartney [...], an animal rights advocate, but best known and celebrated as a highly creative and original songwriter, singer and musician. His remarkable artistic work has achieved an unprecedented cultural impact worldwide over the last sixty years	Stephenympha pauliana	Viloria, 2022	2022	Viloria_2022	FALSE						https://doi.org/10.5281/zenodo.7131323
2476			accepted	species	Jimmy Page: named after the guitarist of the rock band Led Zeppelin and acclaimed guitar hero, James Patrick Page, known as Jimmy Page. While Jimmy Page wanted to become a biologist as a child but turned into music instead, there is no doubt that he has inspired generations of biologists, including the authors of this work	Stigmatomma pagei	Hamer, Pierce & Guénard, 2023	2023	Hamer_2023	FALSE	Animalia	Arthropoda	Insecta	Hymenoptera	Formicidae	https://doi.org/10.20362/am.016005
2477			accepted	species	Eduardo Gatti: dedicated to the great Eduardo Gatti for his outstanding contribution to Chilean popular music	Strepsicrates gattii	Vargas-Ortiz & Vargas, 2018	2018	VARGAS_ORTIZ_2018	FALSE	Animalia	Arthropoda	Insecta	Lepidoptera	Tortricidae	https://doi.org/10.11646/zootaxa.4370.5.8
2478			accepted	species	Jeremy Ayers: In contrast to the traditional naming practices that identify individuals as one of two distinct genders, we have chosen a non-Latinized portmanteau [...] representing people that do not identify with conventional binary gender assignments [...]. The 'they' recognizes non-binary gender identifiers in order to reflect recent evolution in English pronoun use – 'they, them, their' and address a more inclusive and expansive understanding of non-neutral gender identification. Strumigenys ayersthey sp. nov. is thus inclusively named in honor of Jeremy Ayers for the multitude of humans among the spectrum of gender who have been unrepresented under traditional naming practices. Jeremy was a multifaceted and beloved Athens-based (GA, USA) artist and activist whose humanity and achievements defied the limits of categorized classification. Jeremy brought an intellectual and playful, Pan-like curiosity to every aspect of his life. He was a writer, philosopher, painter, musician, activist, photographer, gardener, and exploder of boundaries who transformed the culture that surrounded him. His deep appreciation of the variety and minute details of the natural world astounded all who knew him. In the spirit of Jeremy, we also propose that the -they suffix can be used for singular honorific names of non-binary identifiers in compliance with the ICZN	Strumigenys ayersthey	Booher & Hoenle, 2021	2021	Booher_2021	FALSE	Animalia	Arthropoda	Insecta	Hymenoptera	Formicidae	https://doi.org/10.3897/zookeys.1036.62034
2479			accepted	species	John Lennon	Struszia lennoni	Edgecombe & Chatterton, 1993	1993		TRUE	Animalia	Arthropoda	Trilobita	Phacopida	Encrinuridae	
2480			accepted	species	Ringo Starr	Struszia starri	Edgecombe & Chatterton, 1993	1993		TRUE	Animalia	Arthropoda	Trilobita	Phacopida	Encrinuridae	
2481			accepted	species	Paul McCartney	Struszia mccartneyi	Edgecombe & Chatterton, 1993	1993		TRUE	Animalia	Arthropoda	Trilobita	Phacopida	Encrinuridae	
2482			accepted	species	Brian Epstein	Struszia epsteini	Adrain & Edgecombe, 1997	1997		TRUE	Animalia	Arthropoda	Trilobita	Phacopida	Encrinuridae	
2483			accepted	species	George Martin	Struszia martini	Adrain & Edgecombe, 1997	1997		TRUE	Animalia	Arthropoda	Trilobita	Phacopida	Encrinuridae	
2484			accepted	species	Yoko Ono	Struszia onoae	Adrain & Edgecombe, 1997	1997		TRUE	Animalia	Arthropoda	Trilobita	Phacopida	Encrinuridae	
2485			accepted	species	Pete Best	Struszia petebesti	Adrain & Edgecombe, 1997	1997		TRUE	Animalia	Arthropoda	Trilobita	Phacopida	Encrinuridae	
2486			accepted	species	Bernie Sanders: The species name reflects upon field collection. The field collection site is in a private property, and while collecting, the caretaker of the property mentioned we could collect sand as long as we would support a progressive such as Bernie Sanders. The species honours Bernie Sanders for his efforts of inclusiveness, diversity and protection of minorities and underrepresented groups	Stygocapitella berniei	Cerca, Meyer, Purschke & Struck, 2020	2020	Cerca_2020	FALSE	Animalia	Annelida	Polychaeta		Parergodrilidae	https://doi.org/10.1016/j.ympev.2019.106663
2487			accepted	species	José Mário Branco: The name honors José Mário Branco, an important Portuguese singer whose music inspired whole generations. JC was hearing his music in the field	Stygocapitella josemariobrancoi	Cerca, Meyer, Purschke & Struck, 2020	2020	Cerca_2020	FALSE	Animalia	Annelida	Polychaeta		Parergodrilidae	https://doi.org/10.1016/j.ympev.2019.106663
2488			accepted	species	José Afonso: While collecting in Henningsvær, JC was hearing Zeca Afonso, an important freedom fighter whose songs inspired generations. The name honors him	Stygocapitella zecai	Cerca, Meyer, Purschke & Struck, 2020	2020	Cerca_2020	FALSE	Animalia	Annelida	Polychaeta		Parergodrilidae	https://doi.org/10.1016/j.ympev.2019.106663
2489			accepted	species	Jean-Louis Étienne: Named after Jean-Louis Etienne, the leader of the 2004/5 Expedition to Île Clipperton, who brought the significant collection of Clipperton sponges to the Muséum national d'Histoire naturelle, Paris	Suberea etiennei	van Soest, Kaiser & Van Syoc, 2011	2011	VAN_SOEST_2011	FALSE	Animalia	Porifera	Demospongiae	Verongiida	Aplysinellidae	https://doi.org/10.11646/zootaxa.2839.1.1
2490			accepted	species	José Antonio Abreu: named after José Antonio Abreu, a Venezuelan composer and founder of El Sistema, a network which enables underprivileged children to get a musical education	Sulawesidrobia abreui	Zielske, Glaubrecht & Haase, 2011	2011	Zielske_2011	FALSE	Animalia	Mollusca	Gastropoda	Littorinimorpha	Tateidae	https://doi.org/10.1111/j.1463-6409.2010.00469.x
2491			accepted	species	Muhammad Yunus: named after the Nobel Peace Prize Laureate Muhammad Yunus, a Bangladeshi economist and founder of Grameen Bank, which among other activities makes micro credits available for the foundation of small companies	Sulawesidrobia yunusi	Zielske, Glaubrecht & Haase, 2011	2011	Zielske_2011	FALSE	Animalia	Mollusca	Gastropoda	Littorinimorpha	Tateidae	https://doi.org/10.1111/j.1463-6409.2010.00469.x
2492			accepted	species	Eusebio Leal: named in honour of Dr. Eusebio Leal Spengler, Historian of the City of Havana, who is part of the city's history in his own right. Finding a new species, born of the bay's past, can have no better destiny than to bear the name of the man who has made Havana a different city in a uniform world	Suturoglypta leali	Espinosa & Ortea, 2018	2018		FALSE	Animalia	Mollusca	Gastropoda	Neogastropoda	Columbellidae	
2493			accepted	species	Julián Orbón: named after Julián Orbon (Avilés, 1925), a Spanish-Cuban musician who in 1958 adapted simple verses by José Martí to the melody of "La Guantanamera" [sic], composed in the 1930s by the popular musician Joseíto Fernández. From that moment on, the humble song reached a universal dimension	Suturoglypta orboniana	Espinosa & Ortea, 2018	2018		FALSE	Animalia	Mollusca	Gastropoda	Neogastropoda	Columbellidae	
2494			accepted	species	Joe Biden: to celebrate the recently inaugurated (at the time of submission) 46th President of the United States, Joseph R. Biden	Syllipsimopodi bideni	Whalen & Landman, 2022	2022	Whalen_2022	TRUE	Animalia	Mollusca	Cephalopoda	Donovaniconida	Gordoniconidae	https://doi.org/10.1038/s41467-022-28333-5
2495			accepted	subspecies	Hugh Hefner: named for Hugh M. Hefner, whose corporation has generously supported field work on this and other species	Sylvilagus palustris hefneri	Lazell, 1984	1984	Lazell_1984	FALSE	Animalia	Chordata	Mammalia	Lagomorpha	Leporidae	https://doi.org/10.2307/1381196
2496			accepted	species	Lech Wałęsa	Synagelides walesai	Bohdanowicz, 1987	1987		FALSE	Animalia	Arthropoda	Arachnida	Araneae	Salticidae	
2497			accepted	species	Pink Floyd: Named after the well-known British rock band Pink Floyd, inspired by the bright pink-red claw of the new species. Suggested vernacular name: Pink Floyd pistol shrimp	Synalpheus pinkfloydi	Anker et al., 2017	2017	ANKER_2017	FALSE	Animalia	Arthropoda	Malacostraca	Decapoda	Alpheidae	https://doi.org/10.11646/zootaxa.4254.1.7
2498			accepted	species	Harrison Ford: We dedicate this species to Harrison Ford, actor and conservationist, in recognition of his work for Conservation International and his voice for nature (e.g., 'Nature is speaking – Harrison Ford is The Ocean')	Tachymenoides harrisonfordi	Lehr, Cusi, Fernandez, Vera & Catenazzi, 2023	2023	Lehr_2023	FALSE	Animalia	Chordata	Reptilia	Squamata	Colubridae	https://doi.org/10.5281/zenodo.8248668
2499			accepted	species	Lata Mangeshkar: after the Indian playback singer Lata Mangeshkar (1929–2022) known as the Nightingale of India, one of the greatest and most influential singers with a distinguished career spanning over seven decades. We dedicate the species to her memory, fondly remembering the timeless song "Lag Ja Gale" from the film Woh Kaun Thi (1964)	Taeniogonalos latae	Polaszek & Binoy, 2022	2022	Binoy_2022	FALSE						https://doi.org/10.1080/00222933.2022.2088311
2500			accepted	species	Freddie Mercury: The discoverer of this species (P. Nicolai) wishes that it will be named after the great singer and artist Freddie Mercury [...], who died prematurely in London in 1991. Dr. Nicolai, in such way, wishes to pay homage to him and to his musical work, with the certainty of awarding a kind of honour that Freddie has not yet received	Taeniopteryx mercuryi	Fochetti & Nicolai, 1996	1996		FALSE	Animalia	Arthropoda	Insecta	Plecoptera	Taeniopterygidae	
2501			accepted	species	Chico Mendes: a tribute to Francisco Alves Mendes Filho, better known as "Chico Mendes", a Brazilian rubber tapper, trade union leader and environmentalist. He fought to preserve the Amazon rainforest and advocated for the human rights of Brazilian peasants and Indigenous peoples. Chico Mendes was born and lived in Acre, the same Brazilian state where the new species was found, and he was cowardly assassinated on 22 December 1988	Tanytarsus chicomendesi	Dantas, Hamada & Gilka, 2023	2023	DANTAS_2023	FALSE	Animalia	Arthropoda	Insecta	Diptera	Chironomidae	https://doi.org/10.11646/zootaxa.5271.1.4
2502			accepted	species	Bill Clinton: named in honor of President William Jefferson Clinton, in recognition of his efforts to provide protection for the ecosystems and landscapes now set aside in the Grand Staircase–Escalante National Monument	Tapinothrix clintonii	Bohunická & Johansen, 2011	2011	Bohunick__2011	FALSE	Bacillati	Cyanobacteriota	Cyanophyceae	Leptolyngbyales	Leptolyngbyaceae	https://doi.org/10.5507/fot.2011.013
2503			accepted	species	Gennadiy Prashkevich	Tarsozeuzera prashkevitchi	Yakovlev, 2020	2020	Yakovlev_2020a	FALSE	Animalia	Arthropoda	Insecta	Lepidoptera	Cossidae	https://doi.org/10.15298/rusentj.29.2.15
2504			accepted	species	Salah Montaser	Technomyrmex montaseri	Sharaf, Collingwood & Aldawood, 2011	2011	Sharaf_2011a	FALSE	Animalia	Arthropoda	Insecta	Hymenoptera	Formicidae	https://doi.org/10.3897/zookeys.108.930
2505			accepted	species	Wangarĩ Maathai: honoring Wangari Muta Maathai (1940, Ihithe–2011, Nairobi). She was the first woman to earn a doctorate degree in East and Central Africa, becoming chair of the Department of Veterinary Anatomy at the University of Nairobi. Wangari Maathai was internationally recognized for her persistent struggle for democracy and environmental conservation, and received numerous awards, most notably the 2004 Nobel Peace Prize	Telescopus wangariae	Ribeiro-Júnior et al., 2025	2025	Ribeiro_J_nior_2025	FALSE	Animalia	Chordata	Reptilia	Squamata	Colubridae	https://doi.org/10.1093/zoolinnean/zlaf117
2506			accepted	species	Fred Williams (artist): Named after the Australian painter Fred Williams (1927–1982), well known for his evocative paintings of the Australian landscape	Teresirogas williamsi	Quicke & van Achterberg, 2014	2014	QUICKE_2014	FALSE						https://doi.org/10.11646/zootaxa.3881.3.3
2507			accepted	species	Daniel Dennett: after Daniel Clement Dennett III, the American philosopher, writer, and cognitive scientist. Dennett's work has been the focus of many late night debates in close social circles just as he adds the necessary philosophical spice to the New Athiests [sic]	Testudacarus dennetti	O'Neill & Dowling, 2016	2016	Dowling_2016	FALSE	Animalia	Arthropoda	Arachnida	Trombidiformes	Torrenticolidae	https://doi.org/10.3897/zookeys.582.7684
2508			accepted	species	Christopher Hitchens: after the late Christopher Eric Hitchens, the English author, journalist, and literary critic. As Sam Harris' wife, Annaka, said: "Nothing Hitchens does is ever boring." Hitchens has inspired thousands of free-thinkers to remain clever and engaged in our attempts to understand the world around us	Testudacarus hitchensi	O'Neill & Dowling, 2016	2016	Dowling_2016	FALSE	Animalia	Arthropoda	Arachnida	Trombidiformes	Torrenticolidae	https://doi.org/10.3897/zookeys.582.7684
2509			accepted	species	Bhumibol Adulyadej: in honour of His Majesty King Bhumibol Adulyadej the Great of Thailand, King Rama IX on the auspicious celebration of His Majesty’s 84th Birthday in December, 2011	Teutamus rama	Dankittipakul, Tavano & Singtripop, 2012	2012	Dankittipakul_2012	FALSE	Animalia	Arthropoda	Arachnida	Araneae	Liocranidae	https://doi.org/10.1080/00222933.2012.681314
2510			accepted	species	Mercedes Sosa: The species is named in honor of the singer and performer Haydeé Mercedes Sosa (1935-2009) who represented the northwestern Argentinean roots in the folk music	Thegornis sosae	Agnolín, 2023	2023		TRUE						
2511			accepted	species	Benny Andersen: named in honour of the Danish songwriter, poet, author, composer and pianist Benny Andersen, in recognition of his long, successful career	Themus bennyianderseni	Fanti & Damgaard, 2018	2018		TRUE						
2512			accepted	species	Peter Weir	Theognete weiri	Anderson, 2010	2010		FALSE	Animalia	Arthropoda	Insecta	Coleoptera	Curculionidae	
2513			accepted	species	Maria Bethânia	Tmesiphantes bethaniae	Yamamoto et al., 2007	2007	Yamamoto_2007	FALSE	Animalia	Arthropoda	Arachnida	Araneae	Theraphosidae	https://doi.org/10.1590/S0101-81752007000400013
2514			accepted	species	Raul Seixas	Tmesiphantes raulseixasi	Fabiano-da-Silva, Guadanucci & DaSilva, 2019	2019	Fabiano_Da_Silva_2019	FALSE	Animalia	Arthropoda	Arachnida	Araneae	Theraphosidae	https://doi.org/10.1080/14772000.2019.1685021
2515			accepted	species	Carl Sagan	Tolegnaro sagani	Álvarez-Padilla, Ubick & Griswold, 2012	2012	_lvarez_Padilla_2012	FALSE	Animalia	Arthropoda	Arachnida	Araneae	Oonopidae	https://doi.org/10.1206/3745.2
2516			accepted	species	H. R. Giger: In honour of Hans Ruedi Giger, the designer of the monster of the movie Alien (1979), a beast that possesses an inner mouth reminiscent of the dermopalatine/coronoid jaw of the fossil studied	Tomognathus gigeri	Cavin & Giner, 2012	2012	Cavin_2012	TRUE						https://doi.org/10.1016/j.cretres.2012.03.020
2517			accepted	species	Gabriel García Márquez	Trichomycterus garciamarquezi	Ardila Rodríguez, 2016	2016		FALSE	Animalia	Chordata	Teleostei	Siluriformes	Trichomycteridae	
2518			accepted	species	Che Guevara: in honour of Ernesto "Che" Guevara, an Argentinian revolutionary (later a nationalized Cuban), who fought for the liberation of Cuba and Latin America	Trichopelma cheguevarai	Ríos-Tamayo, 2024	2024	R_os_Tamayo_2024	FALSE	Animalia	Arthropoda	Arachnida	Araneae	Theraphosidae	https://doi.org/10.61186/jibs.10.2.347
2519			accepted	species	Fidel Castro: in honour of Fidel Alejandro Castro Ruz, the historical leader of the Cuban revolution who was born in Holguín province	Trichopelma fidelcastroi	Ríos-Tamayo, 2024	2024	R_os_Tamayo_2024	FALSE	Animalia	Arthropoda	Arachnida	Araneae	Theraphosidae	https://doi.org/10.61186/jibs.10.2.347
2520			accepted	species	Chico Mendes: Named after Chico Mendes, a worldwide known rubber worker, unionist, city councillor and political activist who was born and lived in Xapuri, Acre State, Brazil, where T. chicomendesi was collected. He fought for the rights of rubber workers and protection of the Amazon, under the idea that their subsistence strongly relied on a well-preserved forest. His pro-Amazon activism culminated in his assassination in 1988, at age 44	Tridens chicomendesi	Henschel & Costa, 2023	2023	Henschel_2023	FALSE						https://doi.org/10.1111/jfb.15403
2521			accepted	species	Gabriel García Márquez: The specific name honors the Nobel Prize Gabriel García Márquez, as Colombian and Neotropical as the Triplocania species here studied	Triplocania garciamarquezi	González-Obando, Carrejo-Gironza & García Aldrete, 2017	2017	GONZ_LEZ_OBANDO_2017	FALSE	Animalia	Arthropoda	Insecta	Psocodea	Ptiloneuridae	https://doi.org/10.11646/zootaxa.4336.1.1
2522			accepted	species	Stephen Hawking: This species is dedicated to Stephen William Hawking, theoretical physicist, cosmologist, and author. In works of popular science he wrote several books, among them A Brief History of Time: From the Big Bang to Black Holes	Triplocania hawkingi	González-Obando, Carrejo-Gironza & García Aldrete, 2021	2021	GONZ_LEZ_OBANDO_2021	FALSE	Animalia	Arthropoda	Insecta	Psocodea	Ptiloneuridae	https://doi.org/10.11646/zootaxa.5080.1.1
2523			accepted	species	Jim Morrison: Named after the poet James Douglas Morrison and his passion for deserts and the hidden mysteries of nature	Trithemis morrisoni	Damm & Hadrys, 2009	2009	Damm_2009	FALSE	Animalia	Arthropoda	Insecta	Odonata	Libellulidae	https://doi.org/10.1080/13887890.2009.9748333
2524			accepted	species	Martin Scorsese	Tschaidicancha scorsesei	Benedetti & Pinto-da-Rocha, 2022	2022		FALSE	Animalia	Arthropoda	Arachnida	Opiliones	Metasarcidae	
2525			accepted	genus	Desmond Tutu: When I was thinking about names for them, it occurred to me that these tetrapods led the way from these rather anoxic swamps out into the sunshine. And it seems to me that in many ways, that was a metaphor for what Desmond Tutu had done	Tutusius	Gess & Ahlberg, 2018	2018	Gess_2018	TRUE						https://doi.org/10.1126/science.aaq1645
2526			accepted	species	Nichelle Nichols: named in honour of the late American actress Nichelle Nichols [...], best known for her portrayal of communications officer Nyota Uhura on board the starship USS Enterprise in the science-fiction television series Star Trek as well as in six following feature films	Udea nicholsae	Mally, 2022	2022	Mally_2022	FALSE	Animalia	Arthropoda	Insecta	Lepidoptera	Crambidae	https://doi.org/10.3897/nl.45.94938
2527			accepted	species	Eric Carle: dedicated to Eric Carle (b. 1929), the American illustrator and author of more than 70 books for children and adults. His most renowned books include The Very Hungry Caterpillar, which chronicles the growth and metamorphosis of a caterpillar, and The Very Busy Spider. Indeed, these and other books by Eric Carle provide the first conscious contact of young readers with the natural world, being innovative tools for early-age environmental and biodiversity education	Uroballus carlei	Logunov & Obenauer, 2019	2019		FALSE	Animalia	Arthropoda	Arachnida	Araneae	Salticidae	
2528			accepted	species	Gholamreza Takhti	Valgothrombium takhtii	Saberi-Riseh & Saboori, 2020	2020	SABERI_RISEH_2020	FALSE						https://doi.org/10.47121/acarolstud.768044
2529			accepted	species	Frank Zappa	Vallaris zappai	Wessels et al., 2001	2001		TRUE	Plantae	Tracheophyta	Magnoliopsida	Gentianales	Apocynaceae	
2530			accepted	genus	The Velvet Underground: named after the Velvet Underground, an American rock band that represent underground music and is often considered as one of the most important and influential groups of the 1960s	Velundella	Pánek, Táborský & Čepička, 2015	2015	P_nek_2015	FALSE	Protozoa	Loukozoa	Jakobea	Jakobida	Stygiellidae	https://doi.org/10.3389/fmicb.2015.01288
2531			accepted	species	Jorge Oñate: named after the Vallenata musician Jorge Antonio González Oñate, also known as "El Jilguero de América"." ("America's goldfinch	Venezillo jilguero	López-Orozco, Carpio-Díaz & Campos-Filho, 2026	2026	L_PEZ_OROZCO_2026	FALSE	Animalia	Arthropoda	Malacostraca	Isopoda	Armadillidae	https://doi.org/10.11646/zootaxa.5804.1.1
2532			accepted	species	Moraes Moreira: named in memoriam of the Brazilian musician Antônio Carlos Moraes Pires, also known as Moraes Moreira. The musician was born in the municipality of Ituaçu [the type locality], and he was famous for his engagement with the Brazilian cultural movement "Novos Baianos", with compositions allusive to the culture of the country	Venezillo moreirai	Campos-Filho, Carpio-Díaz & Bichuette, 2023	2023	Campos_Filho_2023	FALSE	Animalia	Arthropoda	Malacostraca	Isopoda	Armadillidae	https://doi.org/10.5252/zoosystema2023v45a19
2533			accepted	species	Antonio Cervantes: named after Antonio Cervantes Reyes, also known as "Kid Pambelé", the first Colombian boxing world champion	Venezillo pambele	López-Orozco, Borja-Arrieta & Campos-Filho, 2026	2026		FALSE	Animalia	Arthropoda	Malacostraca	Isopoda	Armadillidae	
2534			accepted	species	Vigdís Finnbogadóttir: The genus name, feminine in gender, honors Vigdís Finnbogadóttir, former president of Iceland (1980–1996) and the first democratically elected female president in the world. Vigdís shares the spider's elegance and wits."; "The species ephithet praesidens is a noun in apposition, honoring the presidential legacy of Vigdís Finnbogadóttir	Vigdisia praesidens	Agnarsson, Kuntner, Yu & Gregorič, 2024	2024	Gregori__2024	FALSE	Animalia	Arthropoda	Arachnida	Araneae	Theridiidae	https://doi.org/10.1080/03014223.2024.2373185
2535			accepted	species	The Rolling Stones: Named after British Rock'n'Roll band The Rolling Stones for the song "Gimme Shelter" (1969) and all the rest	Vologesia rollingstones	Schlüter & Wiese, 2017	2017	SCHL_TER_2017	TRUE	Animalia	Echinodermata	Echinoidea		Echinolampadidae	https://doi.org/10.11646/zootaxa.4306.2.6
2536			accepted	species	Pablo Milanés: Dedicated to the Cuban singer-songwriter Pablo Milanés (Bayamo, 1943 – Madrid, 2022), one of the founders of the Nueva Trova Cubana [...] With Pablo we shared a way of thinking about our daily work. If I don't live the song I don't sing it, Pablo used to say. If we don't collect the new species we don't describe them, we use to say	Volvarina milanesi	Espinosa, Ortea & Pina-Amargós, 2022	2022		FALSE	Animalia	Mollusca	Gastropoda	Neogastropoda	Marginellidae	
2537			accepted	species	Queen Sofía of Spain: Gardens of the King") islands in Cuba, and named after Queen Sofía to celebrate the visit of the King and Queen of Spain to Cuba arranged for the following year after publication (1999) (the first ever by Spanish monarchs). The sea slug species Chelidonura juancarlosi, found in Jardines de la Reina ("Gardens of the Queen	Volvarina sofiae	Ortea & Espinosa, 1998	1998		FALSE	Animalia	Mollusca	Gastropoda	Neogastropoda	Marginellidae	
2538			accepted	genus	The Velvet Underground and Nico: Vunicothoe is a combination of the root "nicothöe" from the copepod genus name derived from the name of one of the harpies of Greek mythology, with the prefix "vu" as a contraction of the words "Velvet Underground." This generic epithet pays homage to the seminal musical recording The Velvet Underground & Nico, as performed by Lou Reed, John Cale, Sterling Morrison, Maureen Tucker, and Nico (a pseudonym for Christa Paffgen), released in 1967 with the infamous peel-a-banana cover art by producer Andy Warhol	Vunicothoe	Boyko, 2009	2009	Boyko_2009	FALSE	Animalia	Arthropoda	Copepoda		Nicothoidae	https://doi.org/10.2988/08-49.1
2539			accepted	species	Scott Carpenter: Named for Lt. Cmdr. Malcolm Scott Carpenter., USA, who completed three orbits of the earth in the Aurora VII, 24 May 1962	Whartonia carpenteri	Brennan, 1962	1962		FALSE	Animalia	Arthropoda	Arachnida	Trombidiformes	Leeuwenhoekiidae	
2540			accepted	species	Pope Francis: This species is dedicated to Pope Francis, the present reigning Pope of the Catholic Church in honour of his great contributions as an environmental conservationist	Wolongia papafrancisi	Malamel, Nafin, Sankaran & Sebastian, 2018	2018	MALAMEL_2018	FALSE	Animalia	Arthropoda	Arachnida	Araneae	Tetragnathidae	https://doi.org/10.11646/zootaxa.4407.1.13
2541			accepted	species	Fernando Botero: named in honor of the Colombian painter and sculptor Dr. Fernando Botero (born in Medellín, 1932), in recognition of his outstanding artwork. The widened inferior appendages of the male genitalia of this new species, remind us of the fat or inflated forms of the characters of Dr. Botero	Wormaldia boteroi	Muñoz-Quesada & Holzenthal, 2015	2015	MU_OZ_QUESADA_2015	FALSE	Animalia	Arthropoda	Insecta	Trichoptera	Philopotamidae	https://doi.org/10.11646/zootaxa.3998.1.1
2542			accepted	species	Sirikit: in honour of Her Majesty Queen Sirikit of Thailand who has long been interested in the diversity and complexity of natural ecological systems. She has initiated a number of projects related to the conservation of biological diversity	Wrightia sirikitiae	D.J.Middleton & Santisuk			FALSE	Plantae	Tracheophyta	Magnoliopsida	Gentianales	Apocynaceae	
2543			accepted	genus	Tangerine Dream: The genus is named after the musical group Tangerine Dream, the choice of discriminating ichneumonologists. From the Greek xanthos, yellow or yellowish-red (the closest equivalent to 'tangerine' in a classical language) and the Latin somnium, dream	Xanthosomnium	Wahl & Sime, 2002	2002	SIME_2002	FALSE	Animalia	Arthropoda	Insecta	Hymenoptera	Ichneumonidae	https://doi.org/10.1046/j.1096-3642.2002.00006.x
2544			accepted	species	Edgar Froese: Named after Edgar Froese, the founder and continuity behind Tangerine Dream	Xanthosomnium froesei	Wahl & Sime, 2002	2002	SIME_2002	FALSE	Animalia	Arthropoda	Insecta	Hymenoptera	Ichneumonidae	https://doi.org/10.1046/j.1096-3642.2002.00006.x
2545			accepted	species	Ted Joans: The specific epithet [...] is to commemorate the American-cosmopolitan poet Ted Joans (1928–2003), a surrealist, beat, black power and jazz activist who made Mali [where this species is found] one of his several homes in the world. The Xyalophora spine may suggest the horn of Joans' totemic rhino	Xyalophora tedjoansi	van Noort, Buffington & Forshage, 2014	2014	van_Noort_2014	FALSE						https://doi.org/10.3897/zookeys.453.8511
2546			accepted	species	Václav Havel: dedicated to Václav Havel (1936–2011), writer, playwright, Defender of Human and Civil Rights, the last President of Czechoslovakia and the first President of the Czech Republic	Xylotrechus haveli	Viktora, 2021	2021		FALSE	Animalia	Arthropoda	Insecta	Coleoptera	Cerambycidae	
2547			accepted	species	Karel Kryl: dedicated to Karel Kryl (1944–1994), Czech singer and poet, one of the most important representatives of the Czech protest song in 1968–1989	Xylotrechus kryli	Viktora, 2021	2021		FALSE	Animalia	Arthropoda	Insecta	Coleoptera	Cerambycidae	
2548			accepted	species	Raoni Metuktire	Yanomamius raonii	Bertani & Almeida, 2021	2021	BERTANI_2021	FALSE	Animalia	Arthropoda	Arachnida	Araneae	Theraphosidae	https://doi.org/10.11646/zootaxa.4933.3.2
2549			accepted	species	Chico Buarque: Ypsolopha chicoi sp. n. is named in honour of the eminent Brazilian musician and composer Chico Buarque (Francisco Buarque de Hollanda), for all his wonderful contribution to the "Música Popular Brasileira"	Ypsolopha chicoi	Vargas, 2021	2021	Vargas_2021a	FALSE						https://doi.org/10.3897/BDJ.9.e72306
2550			accepted	genus	Frank Zappa: The generic name is in honour of Frank Zappa for his articulate and sagacious defense of the First Amendment of the U.S. Constitution	Zappa	Murdy, 1989	1989	Murdy_1989	FALSE	Animalia	Chordata	Teleostei	Gobiiformes	Gobiidae	https://doi.org/10.3853/j.0812-7387.11.1989.93
2551			accepted	genus	Frank Zappa	Zappaichthys	Carnevale & Collette, 2014	2014	Carnevale_2014	TRUE						https://doi.org/10.1080/02724634.2014.854801
2552			accepted	species	Patrice Lumumba	Zasphinctus lumumbai	Hita Garcia & Gómez, 2025	2025	Hita_Garcia_2025	FALSE	Animalia	Arthropoda	Insecta	Hymenoptera	Formicidae	https://doi.org/10.3897/zookeys.1223.131238
2553			accepted	species	Ken Saro-Wiwa: in honour of the famous Nigerian writer, environmentalist, and human rights activist Kenule Beeson "Ken" Saro-Wiwa. By naming a species from threatened rainforest habitats after him, we want to acknowledge his environmental legacy and draw attention to the often-problematic conservation situation in most Afrotropical rainforests	Zasphinctus sarowiwai	Hita Garcia et al., 2017	2017	Hita_Garcia_2017	FALSE	Animalia	Arthropoda	Insecta	Hymenoptera	Formicidae	https://doi.org/10.3897/zookeys.693.13012
2554			accepted	species	Ronnie James Dio: in honor of Ronnie James Dio, for his outstanding contributions to hard rock and heavy metal music with the bands Rainbow, Black Sabbath, and Dio	Zeballolagus ronniejamesdioi	Martin, Novo, González Ruiz & Tejedor, 2024	2024		TRUE						
2555			accepted	species	Chico Mendes: Francisco "Chico" Alves Mendes Filho (1944–1988) was a man wise beyond the borders of his time and space. He learned to use the Amazon rainforest by living in it and understood the fundamental importance of preservation of natural resources as well as the dire socio-economic consequences of their destruction – and [...] [he] was able to make that knowledge count in the international arena. We have no doubt that Mendes and his message, during the last few years of his short life, did more to educate such agencies as the Inter-American Development Bank to more wisely distribute funding toward sustainable uses in Amazonia than has any other individual. If Mendes were alive today, we cannot help but imagine that Brazil would be far ahead of where it is in the development of a truly sustainable Amazonia in reasonable harmony with indigenous peoples and colonists. In bringing this obscure little bird to the light of science, we call up the spirit of Chico Mendes to help us all get it right	Zimmerius chicomendesi	Whitney, Schunck, Rêgo & Silveira2, 2013	2013		FALSE	Animalia	Chordata	Aves	Passeriformes	Tyrannidae	
2556			accepted	species	Carl Zimmer: named for Carl Zimmer who, through his colourful contributions to the popular literature, has done much to enhance the reputation of parasites." Zimmer wrote in his blog: "When I first discovered I was going to have a species named for me, I was overwhelmed by delusions of grandeur. But at [a] parasitology meeting, I was quickly brought back down to Earth. Fyler mentioned to another tapeworm expert that she was naming a species for me, and he said, "Yeah, I guess that makes sense. Acanthrobothrium is kind of tall and thin like you." [...] I'm still grateful for Fyler's gesture, and I still can't help feeling some vaguely paternal pleasure at seeing how A. zimmeri helps scientists learn a little bit more about the diversity of life and how that diversity evolved	Acanthobothrium zimmeri	Fyler, Caira & Jensen, 2009	2009	Fyler_2009	FALSE	Animalia	Platyhelminthes	Cestoda	Onchoproteocephalidea	Onchobothriidae	https://doi.org/10.14411/fp.2009.016
2557			accepted	species	Sirindhorn: The specific name is given in honour of Her Royal Highness Princess Maha Chakri Sirindhorn, as a token of respect and in recognition of Her great interest in the study of the natural history of Thailand. Her Royal Highness graciously permitted the use of Her name for this beautiful and interesting species. It seems the more appropriate to attach the name of Her Royal Highness to the present stomatopod, because in 1983 Her Royal Highness (under the pseudonym Waen Kaeo) published a book for small children, entitled Kaeo Chom Kaen, in the first chapter of which a stomatopod, somewhat similar to the present, plays a dominant role	Acanthosquilla sirindhorn	Naiyanetr, 1995	1995	Naiyanetr_1995	FALSE	Animalia	Arthropoda	Malacostraca	Stomatopoda	Nannosquillidae	https://doi.org/10.1163/156854095X00629
2558			accepted	species	Mohamed bin Zayed Al Nahyan: The specific epithet honors a philanthropist committed to the protection of the environment and the preservation of species, His Highness Sheikh Mohammed bin Zayed Al Nahyan, Crown Prince of Abu Dhabi and Deputy Supreme Commander of the United Arab Emirates Armed Forces. Through his philanthropic endowment, the first author was able to conduct phylogeographic and taxonomic studies of Acer in tropical America; this research led to the discovery and recognition of this new species	Acer binzayedii	Vargas-Rodriguez, 2017	2017	Vargas_Rodriguez_2017	FALSE	Plantae	Tracheophyta	Magnoliopsida	Sapindales	Sapindaceae	https://doi.org/10.1007/s12228-017-9465-5
2559			accepted	species	Jackie Chan: The specific epithet, "jackiechani", is the Latinized genitive form of the name Jackie Chan, chinese actor and director of several films, in [sic] which the first author is a fan	Acrotaphus jackiechani	Pádua & Sääksjärvi, 2020	2020	P_DUA_2020	FALSE	Animalia	Arthropoda	Insecta	Hymenoptera	Ichneumonidae	https://doi.org/10.11646/zootaxa.4719.1.1
2560			accepted	species	Albert II, Prince of Monaco: in honour of His Serene Highness Albert II, Prince of Monaco, patron of the PAPUA NIUGINI Expedition and several other biodiversity expeditions of the "Our Planet Reviewed" programme conducted by MNHN and Pro-Natura International. The red and white colour pattern of the new species also alludes to the colours associated with the House of Grimaldi	Actaea grimaldii	Ng & Bouchet, 2015	2015	Ng_2015	FALSE	Animalia	Arthropoda	Malacostraca	Decapoda	Xanthidae	https://doi.org/10.5852/ejt.2015.140
2561			accepted	species	Phil Anselmo: The specific name refers to musician Philip Hansen Anselmo, or Phil Anselmo, the main singer of Pantera, one of the most respected thrash metal bands of the world	Actinopus anselmoi	Miglio, Pérez-Miles & Bonaldo, 2020	2020	MIGLIO_2020	FALSE	Animalia	Arthropoda	Arachnida	Araneae	Actinopodidae	https://doi.org/10.11646/megataxa.2.1.1
2562			accepted	species	Chris Cornell: The specific name is a patronym honoring musician Chris Cornell, one of the founders of grunge music	Actinopus cornelli	Miglio, Pérez-Miles & Bonaldo, 2020	2020	MIGLIO_2020	FALSE	Animalia	Arthropoda	Arachnida	Araneae	Actinopodidae	https://doi.org/10.11646/megataxa.2.1.1
2563			accepted	species	Trent Reznor: The specific name refers to musician and multi-instrumentalist Michael Trent Reznor, founder of industrial music, leader of the Nine Inch Nails and affiliated to many other bands, in addition to his producer career	Actinopus reznori	Miglio, Pérez-Miles & Bonaldo, 2020	2020	MIGLIO_2020	FALSE	Animalia	Arthropoda	Arachnida	Araneae	Actinopodidae	https://doi.org/10.11646/megataxa.2.1.1
2564			accepted	species	Sirindhorn: named in honor of Her Royal Highness Princess Maha Chakri Sirindhorn of the Kingdom of Thailand after her name in Chinese	Aenictus shilintongae	Jaitrong & Schultz, 2016	2016		FALSE	Animalia	Arthropoda	Insecta	Hymenoptera	Formicidae	
2565			accepted	species	John Ondawame: named for Papuan activist John Ondawame (1953–2014) who promoted a peaceful solution to the conflict in West Papua	Aetana ondawamei	Huber, 2019	2019	HUBER_2019	FALSE	Animalia	Arthropoda	Arachnida	Araneae	Pholcidae	https://doi.org/10.11646/zootaxa.4546.1.1
2566			accepted	species	Stephen Colbert: Stephen shamelessly asked the science community to name something cooler than a spider to honor him. His top choices were a giant ant or a laser lion. While those would be cool species to discover, our research involves beetles, and they are 'way cooler' than a spider any day	Agaporomorphus colberti	Miller & Wheeler, 2008	2008		FALSE	Animalia	Arthropoda	Insecta	Coleoptera	Dytiscidae	
2567			accepted	species	Boy George	Agerina boygeorgei	Karim & Adrain, 2022	2022	Karim_2022	TRUE	Animalia	Arthropoda	Trilobita	Corynexochida	Leiostegiidae	https://doi.org/10.1139/cjes-2021-0105
2568			accepted	species	Catherine Bell: The specific epithet, catbellae, is the Latinized genitive form of the combined name of the actress starring on the current TV program "JAG", Catherine Bell. These beetles share the forest with an elegant cat, the jaguar	Agra catbellae	Erwin, 2002	2002	ERWIN_2002	FALSE	Animalia	Arthropoda	Insecta	Coleoptera	Carabidae	https://doi.org/10.11646/zootaxa.119.1.1
2569			accepted	species	LeVar Burton: honoring LeVar Burton, an iconic American actor, director, and children's television host renowned for his influential work in promoting literacy and education, particularly through his long-running role as the host of Reading Rainbow. Additionally, Burton is celebrated for his inspirational portrayal of Lieutenant Commander Geordi La Forge in Star Trek: The Next Generation and its spin-offs. His contributions to education and his advocacy for intellectual and cultural enrichment make him a fitting namesake for a species that thrives in the Big Bend region of Texas where deep history, nature, and vast starry skies come together in a unique American landscape	Agroecotettix burtoni	Hill, 2024	2024	Hill_2024	FALSE	Animalia	Arthropoda	Insecta	Orthoptera	Acrididae	https://doi.org/10.3897/zookeys.1218.133703
2570			accepted	species	Michael Dorn: honoring Michael Dorn, an American actor and narrator born in Texas who is most famous for portraying the Star Trek character Worf in the television series Star Trek: The Next Generation and its spin-offs. The name highlights a unique morphological characteristic of the species, drawing a creative parallel between the blade like aedeagus valves of the male genitalia and the form of the kur'leth, a traditional Klingon weapon used by Worf	Agroecotettix dorni	Hill, 2024	2024	Hill_2024	FALSE	Animalia	Arthropoda	Insecta	Orthoptera	Acrididae	https://doi.org/10.3897/zookeys.1218.133703
2571			accepted	species	Prince: This species is named for Prince (born Prince Rogers Nelson; 1958–2016), composer and performer of the song "Raspberry Beret," who died shortly before the larva was discovered mining a leaf of black raspberry	Agromyza princei	Eiseman & Lonsdale, 2019	2019	EISEMAN_2019	FALSE	Animalia	Arthropoda	Insecta	Diptera	Agromyzidae	https://doi.org/10.11646/zootaxa.4661.1.1
2572			accepted	species	Daniel Bélanger: in honor of Daniel Bélanger, a Québécois author-composer and singer, for his music and poetry that accompanied countless hours of spider studies	Agyneta danielbelangeri	Dupérré, 2013	2013	DUP_RR__2013	FALSE	Animalia	Arthropoda	Arachnida	Araneae	Linyphiidae	https://doi.org/10.11646/zootaxa.3674.1.1
2573			accepted	species	30Y: honours the alternative rock band 30Y. In Hungarian, the band's name is phonetically written as "harminc ipszilon". The band got its name after the Szombathely (western Hungary) bus service nr 30Y. Three members of the band, namely Zoltán Beck, László Beck and Zoltán Sárközy spent part of their childhood in the city of Ajka, from where the holotype specimen originates	Ajkanesia harmincipsziloni	Szabó & Brazidec, 2022	2022	Szab__2022	TRUE						https://doi.org/10.1016/j.cretres.2022.105314
2574			accepted	species	Jim Butcher	Aleiodes butcheri	Butcher et al., 2012	2012	BUTCHER_2012	FALSE	Animalia	Arthropoda	Insecta	Hymenoptera	Braconidae	https://doi.org/10.11646/zootaxa.3457.1.1
2575			accepted	species	Stephen Colbert	Aleiodes colberti	Shimbori & Shaw, 2014	2014	Shimbori_2014	FALSE	Animalia	Arthropoda	Insecta	Hymenoptera	Braconidae	https://doi.org/10.3897/zookeys.405.7402
2576			accepted	species	Ellen DeGeneres	Aleiodes elleni	Shimbori & Shaw, 2014	2014		FALSE	Animalia	Arthropoda	Insecta	Hymenoptera	Braconidae	
2577			accepted	species	Jimmy Fallon	Aleiodes falloni	Shimbori & Shaw, 2014	2014		FALSE	Animalia	Arthropoda	Insecta	Hymenoptera	Braconidae	
2578			accepted	species	Jon Stewart	Aleiodes stewarti	Shimbori & Shaw, 2014	2014		FALSE	Animalia	Arthropoda	Insecta	Hymenoptera	Braconidae	
2579			accepted	species	Muhammad V of Kelantan: named for HRH Tengku Mohammad Faris Petra Ibni Tengku Ismail Petra, now known as Sultan Mohamad V, the Sultan of the Malaysian State of Kelantan, in recognition of his great enthusiasm in conserving rare and endemic species in Kelantan	Alocasia farisii	Zulhazman, Norziel. & P.C.Boyce		Hamzah_2017	FALSE	Plantae	Tracheophyta	Liliopsida	Alismatales	Araceae	https://doi.org/10.1111/njb.01436
2580			accepted	species	Luis Alberto Spinetta: The name chosen for the new genus and species honours the memory of the Argentine musician and composer Luis Alberto Spinetta (1950–2012)	Aluis spinettai	López-Gappa & Pérez, 2019	2019	L_pez_Gappa_2019	TRUE						https://doi.org/10.5710/AMGH.30.08.2019.3281
2581			accepted	species	Joe Strummer: The name highlights the 'hardcore' nature of Alviniconcha snails, that inhabit the hottest, most acidic and most sulphidic microhabitats at Indo-Pacific hydrothermal vents. The name also recognizes the surface of Alviniconcha shells: the spiky periostracum resembles the fashion of punk rock bands	Alviniconcha strummeri	Johnson et al., 2014	2014	Johnson_2014	FALSE	Animalia	Mollusca	Gastropoda		Paskentanidae	https://doi.org/10.1080/14772000.2014.970673
2582			accepted	species	Zaha Hadid: dedicated to a renowned contemporary Iraqi-British architect Ms Zaha Hadid, who is designing one of the most ambitious projects in Seoul: the Dongdaemun Design Plaza & Park. Senior author's admiration of her work worldwide may contribute to a view of this architectural complex as an embodiment of modern Korea	Ameira zahaae	Karanovic & Cho, 2012	2012	KARANOVIC_2012	FALSE	Animalia	Arthropoda	Copepoda		Ameiridae	https://doi.org/10.11646/zootaxa.3368.1.5
2583			accepted	species	Chulabhorn: named in honour of H.R.H. Princess Chulabhorn Mahidol of Thailand in recognition of her interest and patronage of research and development in science and technology, including biology and fisheries. The Thai vemacular name is "Siew Chao Pha Chulabhorn" (ซิวเจ้าฟ้าจุฬาภรณ์)	Amblypharyngodon chulabhornae	Vidthayanon & Kottelat, 1990	1990		FALSE	Animalia	Chordata	Teleostei	Cypriniformes	Cyprinidae	
2584			accepted	species	Henry Rollins: The species is named in honor of Henry Rollins, artist, activist, and philosopher. It is the best way I know to thank him for his much appreciated and noble United Service Organizations (USO) service	Amphinema rollinsi	Widmer, 2007	2007	WIDMER_2007	FALSE	Animalia	Cnidaria	Hydrozoa	Anthoathecata	Pandeidae	https://doi.org/10.11646/zootaxa.1595.1.5
2585			accepted	species	Diego Maradona: in honour of Diego Armando Maradona. First, because I think that he [has] been the greatest football player of [all] time, and his performances will continue to be impressed in my mind (and of all supporters of S.S.C. Napoli) forever, and second because the new species develops (indirectly) on a plant from which the ephedrine is extracted (alkaloid to which Maradona was discovered positive at [the] [[1994 FIFA World Cup|Football World Cup carried [out in the] U.S.A in 1994]])	Anaphes maradonae	Jesu, 2003	2003	HUBER_2018aa	FALSE	Animalia	Arthropoda	Insecta	Hymenoptera	Mymaridae	https://doi.org/10.11646/zootaxa.4376.1.1
2586			accepted	species	Jim Holland (ski jumper): in honour of Jim Holland, American olympic skier who enjoys the natural world and the challenges of outdoor exploration, for his generous contribution to the conservation of cloud forests in Colombia	Anadia hollandi	Amézquita et al., 2022	2022	AM_ZQUITA_2022	FALSE	Animalia	Chordata	Reptilia	Squamata	Gymnophthalmidae	https://doi.org/10.11646/zootaxa.5150.2.3
2587			accepted	species	Sylvia Rivera: The specific name honours Sylvia Rivera [...], a trans woman activist, who led the LGBTQI+ liberation movements that started in June of 1969, in the United States of America	Anaulacomera sylviae	Fianco, 2021	2021	FIANCO_2021	FALSE	Animalia	Arthropoda	Insecta	Orthoptera	Tettigoniidae	https://doi.org/10.11646/zootaxa.4952.1.2
2588			accepted	species	Chris Hadfield: It is a privilege to name this new species after Canadian astronaut Col. Chris Hadfield for his many achievements as a pilot, astronaut, author, lecturer, and science educator	Andrena hadfieldi	Sheffield, 2020	2020	Sheffield_2020	FALSE	Animalia	Arthropoda	Insecta	Hymenoptera	Andrenidae	https://doi.org/10.3897/jhr.77.53704
2589			accepted	species	Leonardo DiCaprio: honouring Leonardo DiCaprio, an American actor, film producer, and environmentalist who has been actively involved in creating awareness about global climate change, increased biodiversity loss, and human health issues through pollution. In addition to this, he has made funds available for field conservation activities and research	Anguiculus dicaprioi	Mirza et al., 2024	2024	Mirza_2024	FALSE	Animalia	Chordata	Reptilia	Squamata	Colubridae	https://doi.org/10.1038/s41598-024-74271-1
2590			accepted	species	J. K. Rowling: The species is named after the famous British writer Mrs. J.K. Rowling to honor her for all her efforts to make children read books again, a first step in a possible future career as a scientist	Angusticopula rowlingiana	Van de Vijver, Wilfert, D.M.John & Houk, 2019	2019	VAN_DE_VIJVER_2019	FALSE						https://doi.org/10.11646/phytotaxa.388.2.1
2591			accepted	species	Bruno Manser: dedicated to Bruno Manser, a Swiss rain forest and human rights activist who is missing in Sarawak since 2000	Anomala manseri	Zorn, 2007	2007	Zorn_2007	FALSE	Animalia	Arthropoda	Insecta	Coleoptera	Scarabaeidae	https://doi.org/10.21248/contrib.entomol.57.1.81-91
2592			accepted	species	Thomas Remengesau Jr.: named after Tommy Esang Remengesau, Jr., the current president of the Republic of Palau, who has greatly contributed to marine research and conservation in Palau	Antipathozoanthus remengesaui	Kise et.al., 2017	2017	Kise_2017	FALSE	Animalia	Cnidaria	Anthozoa	Zoantharia	Parazoanthidae	https://doi.org/10.3897/zookeys.725.21006
2593			accepted	species	Ola Elvestuen	Aphelinus elvestueni	Japoshvili & Hansen, 2014	2014	JAPOSHVILI_2014	FALSE	Animalia	Arthropoda	Insecta	Hymenoptera	Aphelinidae	https://doi.org/10.3906/zoo-1309-36
2594			accepted	species	Bruno Manser: dedicated to Bruno Manser (*1954, missing, presumed dead), a Swiss environmental activist and ethnologist, most famous for his support of the nomadic indigenous Penan people against the destruction of pristine rain forest in the Malaysian state of Sarawak	Aposphragisma brunomanseri	Thoma		THOMA_2014	FALSE	Animalia	Arthropoda	Arachnida	Araneae	Oonopidae	https://doi.org/10.11646/zootaxa.3798.1.1
2595			accepted	species	Bono	Aptostichus bonoi	Bond, 2012	2012		FALSE	Animalia	Arthropoda	Arachnida	Araneae	Euctenizidae	
2596			accepted	species	Penn Jillette: advocacy of freethinking and scientific skepticism	Aptostichus pennjillettei	Bond, 2012	2012		FALSE	Animalia	Arthropoda	Arachnida	Araneae	Euctenizidae	
2597			accepted	species	Stephen Colbert: The specific epithet is a patronym, named in honor of Mr. Stephen Colbert. Mr. Colbert is a fellow citizen who truly has the courage of his convictions and is willing to undertake the very difficult and sometimes unpopular work of speaking out against those who have done irreparable harm to our country and the world through both action and inaction. He will be especially remembered [...] for his speech at the 2006 White House Correspondents Dinner	Aptostichus stephencolberti	Bond & Stockman, 2008	2008	Bond_2008	FALSE	Animalia	Arthropoda	Arachnida	Araneae	Euctenizidae	https://doi.org/10.1080/10635150802302443
2598			accepted	species	Steve Jones	Arcticalymene jonesi	Adrain & Edgecombe, 1997	1997	Adrain_1997	TRUE						https://doi.org/10.1017/S0022336000040130
2599			accepted	species	Joko Widodo: This new species is dedicated to Mr. Joko Widodo for his exemplary leadership, his simplicity, and more importantly for his concern for the development of Tanah Papua (the Indonesian Provinces of Papua and West Papua)	Areca jokowi	Heatubun		HEATUBUN_2016	FALSE	Plantae	Tracheophyta	Liliopsida	Arecales	Arecaceae	https://doi.org/10.11646/phytotaxa.288.2.8
2600			accepted	species	| Douglas Adams: This species is named in honor and fond remembrance of Douglas Adams, whose writing makes me laugh, and who loved and respected all life on this planet	Arenivaga adamsi	Hopkins, 2014	2014	Hopkins_2014	FALSE	Animalia	Arthropoda	Insecta		Corydiidae	https://doi.org/10.3897/zookeys.384.6197
2601			accepted	species	Stupeflip: dedicated to the French musical group Stupeflip, which explores several musical genres such as hip-hop, punk, electronic music and pop." Genus Argemiones, created concurrently, refers to the Argémiones, "a people in Stupeflip's musical universe ('Humans are bitter, the music grows louder / The Argemiones attacked in defiance' – Stupeflip: "Stup Monastère" [2005])	Argemiones stupeflip	Brazidec, 2023	2023	BRAZIDEC_2023	TRUE						https://doi.org/10.11646/palaeoentomology.6.3.12
2602			accepted	species	Cristina Fernández de Kirchner: in honour of Argentinean (twice) President (2007–2015) Cristina Fernández de Kirchner. She elevated the Secretary of Science to Ministry rank, creating in 2007 the Ministerio de Ciencia, Tecnología e Innovación Productiva (Ministry of Science, Technology and Productive Innovation). Within the Ministry, the CONICET experienced a quali-quantitative leap in all fields: infrastructure, number of workers, projects, organization and production	Argentinala cristinae	Petrulevičius & Gutiérrez, 2016	2016		TRUE						
2603			accepted	species	Legião Urbana: The specific name honors Legião Urbana (Urban Legion), a rock band from Brasília and one of the most important musical groups from Brazil at the end of the 20th century	Argiope legionis	Motta & Levi, 2009	2009	Motta_2009	FALSE	Animalia	Arthropoda	Arachnida	Araneae	Araneidae	https://doi.org/10.1590/S1984-46702009000200017
2604			accepted	species	Neil Peart: The species name is in honor of the recently deceased Neil Peart, the drummer from the rock band Rush, whose wonderful and engaging lyrics accompanied the second author for many years while observing polychaetes through optical microscopy	Aricidea pearti	Barroso, Paiva & Ranauro, 2020	2020	BARROSO_2020	FALSE	Animalia	Annelida	Polychaeta		Paraonidae	https://doi.org/10.11646/zootaxa.4838.3.6
2605			accepted	species	Sirindhorn: named after Princess Sirindhorn on the occasion the 84th birthday of her father, who have both been supportive of natural heritage studies in Thailand and as a token of respect and recognition of the great interest shown by Her Majesty in the natural history and conservation of natural resources of Thailand	Astraeus sirindhorniae	Watling et al., 2014	2014	Phosri_2014	FALSE	Fungi	Basidiomycota	Agaricomycetes	Boletales	Diplocystidiaceae	https://doi.org/10.1371/journal.pone.0071160
2606			accepted	species	Rammstein: [Genus] name formed by combining 'Astro', derived from the Greek 'astron' (meaning celestrial body) and referring to the superficial similarity with the non-related, star-shaped [genus] Astrophiura, and 'sombra', in reference to the Spanish word 'sombra' (meaning shade) and the French word 'sombre' (meaning dark), thus collectively translating into 'dark star'. [...] Species named in honour of German rock band Rammstein, in recognition of their musical achievements, and because they are true dark stars	Astrosombra rammsteinensis	Thuy, Gale & Numberger-Thuy, 2019	2019	Thuy_2019	TRUE	Animalia	Echinodermata	Ophiuroidea	Amphilepidida	Amphilimnidae	https://doi.org/10.7717/peerj.8008
2607			accepted	species	James Hetfield: for the inspiration, endurance and sanity that his music provides to the authors while roaming the academic world. [...] The authors said "[We] are big fans of Metallica and James Hetfield since a very young age. We wanted to honor him, as a thank you for all the good vibes his music has transmitted to us during all of our personal lives and careers. Also, we think that a mysterious venomous and cool looking snake, who lives in the base of a volcano lost in the middle of the tropical forest is very relatable to heavy metal! On another hand, naming a new species after someone as James brings more attention to the much needed biodiversity studies and field surveys. We are in race against the extinction of a large proportion of the world's biodiversity, and many species may go extinct before we even know they exist!." This snake lives in Bioko island in Equatorial Guinea and is characterised by "a triangular-shaped head and strongly-keeled scales, which gives them a dragon-like appearance, which certainly is consonant with the image of a singer of a heavy metal band	Atheris hetfieldi	Ceríaco, Marques & Bauer, 2020	2020	CER_ACO_2020a	FALSE	Animalia	Chordata	Reptilia	Squamata	Viperidae	https://doi.org/10.11646/zootaxa.4838.4.9
2608			accepted	species	Mariza: named in honor of Marisa dos Reis Nunes, known professionally as Mariza, a famous Portuguese fado singer in the appreciation of the enjoyment her music brings to the authors	Atractides marizae	Pešić, 2023	2023	Pe_i__2023	FALSE	Animalia	Arthropoda	Arachnida	Trombidiformes	Hygrobatidae	https://doi.org/10.3897/zookeys.1151.100766
2609			accepted	species	Neil Peart: named in honor of Neil Ellwood Peart [...]. He was an influential Canadian musician and writer, best known as the drummer and primary lyricist of the unparalleled progressive rock band, Rush. Peart received numerous awards for his amazing musical performances and multifaceted lyrics, including fantasy, science fiction, mythology, and philosophy. [...] The penultimate and 19th Rush studio album was named Snakes & Arrows and brings to its loyal fanbase another piece of their brilliant artwork. We dedicate this species to him for his life example that inspires integrity, commitment, sophistication, and perseverance to generations of rock listeners around world. [sic]	Atractus pearti	Passos et al., 2024	2024	Passos_2024	FALSE	Animalia	Chordata	Reptilia	Squamata	Colubridae	https://doi.org/10.2994/SAJH-D-23-00022.1
2610			accepted	species	Glenn Anderson	Aulacopleura andersoni	Adrain & Chatterton, 1995	1995	Adrain_1995	TRUE						https://doi.org/10.1017/S002233600003465X
2611			accepted	species	Bill Ranford	Aulacopleura ranfordi	Adrain & Chatterton, 1995	1995	Adrain_1995	TRUE						https://doi.org/10.1017/S002233600003465X
2612			accepted	species	Yegor Letov: Dedicated to Igor Fedorovich "Yegor" Letov, Russian poet, musician, singer, songwriter, audio engineer and conceptual art painter, best known as the founder and leader of the post-punk/psychedelic rock band Grazhdanskaya Oborona (Civil Defense)	Augyles letovi	Sazhnev, 2018	2018	SAZHNEV_2018	FALSE	Animalia	Arthropoda	Insecta	Coleoptera	Heteroceridae	https://doi.org/10.11646/zootaxa.4521.4.9
2613			accepted	species	Daft Punk	Baicalellia daftpunka	Stephenson, Van Steenkiste & Leander, 2018	2018	Stephenson_2018	FALSE	Animalia	Platyhelminthes		Rhabdocoela	Provorticidae	https://doi.org/10.1111/jzs.12243
2614			accepted	species	Ian Curtis	Bathyurina curtisi	Adrain, Karim & Westrop, 2014	2014		TRUE	Animalia	Arthropoda	Trilobita	Proetida	Bathyuridae	
2615			accepted	species	Peter Hook	Bathyurina hooki	Adrain, Karim & Westrop, 2014	2014		TRUE	Animalia	Arthropoda	Trilobita	Proetida	Bathyuridae	
2616			accepted	species	Stephen Morris	Bathyurina morrisi	Adrain, Karim & Westrop, 2014	2014		TRUE	Animalia	Arthropoda	Trilobita	Proetida	Bathyuridae	
2617			accepted	species	Bernard Sumner	Bathyurina sumneri	Adrain, Karim & Westrop, 2014	2014		TRUE	Animalia	Arthropoda	Trilobita	Proetida	Bathyuridae	
2618			accepted	species	Sirindhorn: by gracious permission, dedicated to Her Royal Highness Princess Maha Chakri Sirindhorn, who has made great efforts to conserve the natural environments in Thailand	Bauhinia sirindhorniae	K.Larsen & S.Larsen		Larsen_1997	FALSE	Plantae	Tracheophyta	Magnoliopsida	Fabales	Fabaceae	https://doi.org/10.1111/j.1756-1051.1997.tb00295.x
2619			accepted	species	Doris Bigornia: a tribute to broadcaster Doris Bigornia whose name became an informal, yet very useful monicker of the genus Begonia especially for local communities. Many Filipino botanists, particularly in this series of expeditions, find that the easiest way to make citizens remember the genus Begonia is to associate it with 'Bigornia'. Across different islands and demographics, the best way to capture citizens' interest when communicating the biology of Philippine Begonia is, in fact, Doris Bigornia	Begonia dorisiae	Bucay, Tandang & K.F.Chung		BUCAY_2025	FALSE	Plantae	Tracheophyta	Magnoliopsida	Cucurbitales	Begoniaceae	https://doi.org/10.11646/phytotaxa.698.4.4
2620			accepted	species	Nora Aunor: named after Nora Aunor, to honor her achievements in the entertainment industry. Born Nora Cabaltera Villamayor (1953–), 'Ate Guy' as fondly called by her colleagues, friends and fans is the only Filipino actor to have won international acting awards from five continents. Film producer, TV host, actor, singer, philanthropist and National Artist for Film and Broadcast Arts awardee (the highest national recognition given to a Filipino artist)	Begonia noraaunorae	F.A.Blasco, Tandang, Alejandro & Rubite		BLASCO_2023	FALSE	Plantae	Tracheophyta	Magnoliopsida	Cucurbitales	Begoniaceae	https://doi.org/10.11646/phytotaxa.620.2.8
2621			accepted	species	Sirindhorn: in honour of Her Royal Highness Princess Maha Chakri Sirindhorn for her dedication to science and encouragement of conservation in Thailand	Begonia sirindhorniana	Phutthai, Thanant., Srisom & Suddee		2021a	FALSE	Plantae	Tracheophyta	Magnoliopsida	Cucurbitales	Begoniaceae	https://doi.org/10.20531/tfb.2021.49.2.07
2622			accepted	genus	Blixa Bargeld	Blixaea	Gottschling, 2017	2017	GOTTSCHLING_2017	FALSE						https://doi.org/10.11646/phytotaxa.306.4.6
2623			accepted	species	Till Lindemann	Bloszykiella lindemanni	Kontschán & Ermilov, 2020	2020	Kontsch_n_2020	FALSE						https://doi.org/10.11158/saa.25.10.14
2624			accepted	species	Rammstein	Bloszykiella rammsteini	Kontschán & Ermilov, 2020	2020	Kontsch_n_2020	FALSE						https://doi.org/10.11158/saa.25.10.14
2625			accepted	species	Rigoberta Menchú: dedicated to Rigoberta Menchú Tum, winner of the Nobel Prize for Peace 1992, herself from Highland Guatemala and a staunch defender of the rights of the indigenous people of Guatemala	Bombus menchuae	Asperen de Boer, 1995	1995		FALSE	Animalia	Arthropoda	Insecta	Hymenoptera	Apidae	
2626			accepted	species	Chilly Gonzales	Bouchardium chillygonzalesi	Kamiński, 2024	2024	KAMI_SKI_2024	FALSE						https://doi.org/10.11646/zootaxa.5446.1.4
2627			accepted	species	Nicolas Cage: Named in honor of trilobite enthusiast and Hollywood actor Nicolas Cage	Bradyfallotaspis nicolascagei	Gapp, Lieberman, Pope & Dilliard, 2011	2011	GAPP_2011	TRUE	Animalia	Arthropoda	Trilobita	Redlichiida	Archaeaspididae	https://doi.org/10.11646/zootaxa.2918.1.2
2628			accepted	species	Sakis Tolis and Themis Tolis: honour their unorthodox yet powerful approach to music. The[se] ophiuroids [...] merit in many ways a Black-Metal-referenced name: they gathered in great numbers in a spooky, toxic environment on top of their dead predecessors' remains." Sakis Tolis said "This is one of the greatest honors I have received as an individual and musician and it gives me power to keep on creating and offer these wild times	Brezinacantha tolis	Thuy et al., 2018	2018	Thuy_2018	TRUE	Animalia	Echinodermata	Ophiuroidea	Ophiacanthida	Ophiacanthidae	https://doi.org/10.1038/s41598-018-27326-z
2629			accepted	species	Shyam Selvadurai: Named for Shyam Selvadurai, a Sri Lankan Canadian novelist best known for the novels Funny Boy and Cinnamon Gardens." Selvadurai said "This came as a complete surprise and I was thrilled. It's so surprising too that anyone would think to honour writers. Usually it's other scientists or political and social leaders [...] I also felt particularly happy to be recognized in Sri Lanka in this way. It validated all the work I do in the country in terms of reconciliation and also my work as curator of the Galle Literary Festival. And of course my novels too	Brignolia shyami	Ranasinghe & Benjamin, 2016	2016	RANASINGHE_2016	FALSE	Animalia	Arthropoda	Arachnida	Araneae	Oonopidae	https://doi.org/10.11646/zootaxa.4144.4.1
2630			accepted	species	Stephen Colbert	Bristolia colberti	Gapp & Lieberman, 2014	2014	GAPP_2014	TRUE	Animalia	Arthropoda	Trilobita	Redlichiida	Olenellidae	https://doi.org/10.11646/zootaxa.3866.4.2
2631			accepted	species	Iriana Joko Widodo: named in honour of Lady Iriana Joko Widodo, First Lady of Indonesia, at the occasion of the 2018 International Conference on Biodiversity, Ecotourism, and Creative Economy (ICBE), Manokwari, 2018, in recognition of her efforts to stimulate and support the development processes in Papua and West Papua Provinces	Bulbophyllum irianae	de Vogel, Suhartawan, Hoogend. & Heatubun			FALSE	Plantae	Tracheophyta	Liliopsida	Asparagales	Orchidaceae	
2632			accepted	species	Sirindhorn: to honour Her Royal Highness Princess Maha Chakri Sirindhorn of Thailand, who is a strong advocate for the preservation of biodiversity in the country	Buxus sirindhorniana	W.K.Soh, M.von Sternburg, Hodk. & J.Parn.		Soh_2014	FALSE	Plantae	Tracheophyta	Magnoliopsida	Buxales	Buxaceae	https://doi.org/10.1111/njb.00314
2633			accepted	species	Nick Abbot	Caccothryptus abboti	Matsumoto, 2021	2021	Matsumoto_2021	FALSE	Animalia	Arthropoda	Insecta	Coleoptera	Limnichidae	https://doi.org/10.5852/ejt.2021.739.1275
2634			accepted	species	Hiromu Arakawa	Caccothryptus arakawae	Matsumoto, 2021	2021	Matsumoto_2021	FALSE	Animalia	Arthropoda	Insecta	Coleoptera	Limnichidae	https://doi.org/10.5852/ejt.2021.739.1275
2635			accepted	species	Michael Kvium	Cantharis kviumi	Fanti & Damgaard, 2020	2020		TRUE	Animalia	Arthropoda	Insecta	Coleoptera	Cantharidae	
2636			accepted	species	Lars Mikkelsen and Mads Mikkelsen: This new species is named in honour of the Danish actors Lars Dittmann Mikkelsen and Mads Dittmann Mikkelsen, in recognition of their contribution to the television, theatre and film industries	Cantharis mikkelsenorum	Fanti & Damgaard, 2018	2018		TRUE	Animalia	Arthropoda	Insecta	Coleoptera	Cantharidae	
2637			accepted	species	Conan O'Brien: named after the social commentator and comedian Conan O'Brien. The physical similarities between the new species and Mr. O'Brien are remarkable; both exhibit a long and pale soma with slight tints of orange	Carcinonemertes conanobrieni	Simpson, Ambrosio & Baeza, 2017	2017	Simpson_2017	FALSE	Animalia	Nemertea	Hoplonemertea	Monostilifera	Carcinonemertidae	https://doi.org/10.1371/journal.pone.0177021
2638			accepted	genus	Carmen Electra	Carmenelectra	Evenhuis, 2002	2002		TRUE	Animalia	Arthropoda	Insecta	Diptera	Mythicomyiidae	
2639			accepted	species	Berta Cáceres: named in memory and recognition of the bravery of Berta Isabel Cáceres Flores (1971–2016), one of 123 environmental activists assassinated in retaliation for their opposition to environmental destruction and loss of indigenous land in Honduras, between 2009 and 2016 [...]. Berta Cáceres [...], in particular, was murdered because of her opposition to the [[Agua Zarca Dam|Agua Zarcas [sic] hydroelectric project]]. She won the Goldman Environmental Prize in 2015	Carpotroche caceresiae	D. Santam		Santamar_a_Aguilar_2021	FALSE	Plantae	Tracheophyta	Magnoliopsida	Malpighiales	Achariaceae	https://doi.org/10.3100/hpib.v26iss2.2021.n12
2640			accepted	species	Chico Science: named after Francisco de Assis França (stage name Chico Science), a remarkable Brazilian singer and songwriter (13 March 1966–02 February 1997), and one of the main collaborators and influencers in the manguebeat musical movement, along with the band 'Nação Zumbi'	Caulleryaspis chicosciencei	Craveiro & Rosa Filho, 2023	2023	Craveiro_2022	FALSE	Animalia	Annelida	Polychaeta		Sternaspidae	https://doi.org/10.1017/S0025315422000650
2641			accepted	species	Rambod Javan: named after Mr Rambod Javan, an Iranian actor, director and comedian in recognition of his invaluable movements seeking to improve and protect natural environments and wildlife of Iran, especially via his most popular TV-program, Khandevaneh	Cebrennus rambodjavani	Moradmand, Zamani & Jäger, 2016	2016	Moradmand_2016	FALSE	Animalia	Arthropoda	Arachnida	Araneae	Sparassidae	https://doi.org/10.11646/zootaxa.4121.2.9
2642			accepted	species	Ryan Adams: Named after the author's favorite singer/songwriter, Ryan Adams, whose music has enriched his life over the years	Cerapus ryanadamsi	Drumm, 2018	2018	DRUMM_2018	FALSE	Animalia	Arthropoda	Malacostraca	Amphipoda	Ischyroceridae	https://doi.org/10.11646/zootaxa.4441.3.4
2643			accepted	species	Slayer: Named after the thrash metal band, Slayer, who has a song entitled "Beauty Through Order," which reminds the author of an homage to taxonomy	Cerapus slayeri	Drumm, 2018	2018	DRUMM_2018	FALSE	Animalia	Arthropoda	Malacostraca	Amphipoda	Ischyroceridae	https://doi.org/10.11646/zootaxa.4441.3.4
2644			accepted	species	Sirindhorn: in honour of Her Royal Highness Princess Maha Chakri Sirindhorn for her dedication to, and encouragement of, the Flora of Thailand Project	Chayamaritia sirindhorniana	D.J.Middleton, Tetsana & Suddee		2024a	FALSE	Plantae	Tracheophyta	Magnoliopsida	Lamiales	Gesneriaceae	https://doi.org/10.20531/tfb.2024.52.2.14
2645			accepted	species	Sahra Wagenknecht: named after Sahra Wagenknecht, an outstanding German left-wing politician, economist, author and publicist. She inspired the first author to fight determinedly for a better and fairer future for us all. This is the best way we know to thank her for her much appreciated service and effort to represent the socially disadvantaged, her fight for freedom, peace and a rare talent to unite morals and politics	Cherax wagenknechtae	Lukhaup & Eprilurahman, 2022	2022	Lukhaup_2022	FALSE	Animalia	Arthropoda	Malacostraca	Decapoda	Parastacidae	https://doi.org/10.3897/zse.98.94753
2646			accepted	species	Sirindhorn: The specific epithet is named in honor of Her Royal Highness Princess Maha Chakri Sirindhorn of Thailand, who has initiated and implemented the Plant Genetic Conservation Project for maintenance and conservation of biodiversity both on land and in the ocean	Chironephthya sirindhornae	Imahara et al., 2020	2020	IMAHARA_2020	FALSE	Animalia	Cnidaria	Octocorallia	Malacalcyonacea	Siphonogorgiidae	https://doi.org/10.11646/zootaxa.4780.2.6
2647			accepted	species	Amy Tan: The species is named for the celebrated author Amy Tan in recognition of her years of support [of the American Museum of Natural History], and whose writings, charm and companionship in the field have been highly valued, as has her provoking much thought about the foibles of fieldwork with Saving Fish from Drowning, her novel that in three instances makes mention of terrestrial leeches." Tan said she was "thrilled to be immortalised" with this naming and jokingly added that she was "now planning my trip to Queensland, Australia, where I hope to take leisurely walks through the jungle, accompanied by a dozen or so of my namesakes feeding on my ankles	Chtonobdella tanae	Tessler et al., 2016	2016	Tessler_2016	FALSE						https://doi.org/10.1111/zsc.12165
2648			accepted	species	Mel Gibson: This new species is named after Mel Gibson, famous Irish-American actor, film director, producer and screen director, in recognition for his contribution and support to El Mirador project, species discovered during collecting in this archaeological zone	Cicinnus melgibsoni	Herbin & Monzón Sierra, 2015	2015		FALSE	Animalia	Arthropoda	Insecta	Lepidoptera	Mimallonidae	
2649			accepted	species	Sirindhorn	Cladomyrma sirindhornae	Jaitrong et al., 2013	2013	Jaitrong_2013	FALSE	Animalia	Arthropoda	Insecta	Hymenoptera	Formicidae	https://doi.org/10.12782/sd.18.1.015
2650			accepted	species	Stephen Hillenburg	Clathria hillenburgi	Annunziata, Cavalcanti, Santos & Pinheiro, 2019	2019	ANNUNZIATA_2019	FALSE	Animalia	Porifera	Demospongiae	Poecilosclerida	Microcionidae	https://doi.org/10.11646/zootaxa.4671.4.2
2651			accepted	species	André Olbrich	Clavus andreolbrichi	Fedosov & Puillandre, 2020	2020	Fedosov_2020	FALSE	Animalia	Mollusca	Gastropoda	Neogastropoda	Drilliidae	https://doi.org/10.1080/13235818.2020.1788695
2652			accepted	species	Kirk Hammett	Clavus kirkhammetti	Fedosov & Puillandre, 2020	2020	Fedosov_2020	FALSE	Animalia	Mollusca	Gastropoda	Neogastropoda	Drilliidae	https://doi.org/10.1080/13235818.2020.1788695
2653			accepted	species	Bruce Dickinson	Clusia dickinsoniana	J. E. Nascim		DO_NASCIMENTO_JR_2019	FALSE	Plantae	Tracheophyta	Magnoliopsida	Malpighiales	Clusiaceae	https://doi.org/10.11646/phytotaxa.400.3.6
2654			accepted	species	Jackie Chan: The new species was found to be very fast and moved rapidly on rock boulders, sneaking into the smallest crevices to escape when approached, reminiscent of the stunts of Jackie Chan. His many screen characters as an explorer and adventurer have been an inspiration for the authors	Cnemaspis jackieii	Pal, Mirza, Dsouza & Shanker, 2021	2021	Pal_2021	FALSE	Animalia	Chordata	Reptilia	Squamata	Gekkonidae	https://doi.org/10.24272/j.issn.2095-8137.2021.074
2655			accepted	species	Basuki Tjahaja Purnama: in dedication to the phenomenal public figure, Basuki Tjahaja Purnama, regent of Belitung Timur Regency from 3 August 2005 until 22 December 2006 and Governor of Jakarta from 19 November 2014 until 9 May 2017, who ran a strong and honest government in these administrative areas	Cnemaspis purnamai	Riyanto, Hamidy, Sidik & Gunalen, 2017	2017	RIYANTO_2017	FALSE	Animalia	Chordata	Reptilia	Squamata	Gekkonidae	https://doi.org/10.11646/zootaxa.4358.3.12
2656			accepted	species	Sirindhorn: This species is named to honour Her Royal Highness Princess Maha Chakri Sirindhorn, who is passionately interested in natural history and plays an important role in promoting the conservation of biodiversity and the environment of Thailand	Coecobrya sirindhornae	Jantarit, Satasook & Deharveng, 2019	2019	Jantarit_2019	FALSE	Animalia	Arthropoda	Collembola	Entomobryomorpha	Entomobryidae	https://doi.org/10.3897/zookeys.824.31635
2657			accepted	genus	Ronnie Coleman: Named for bodybuilder Ronnie Coleman, who was famous for his back; referring to the robust and sculptured nature of the mesosomal dorsum	Colemanus	Fisher, 2015	2015	Fisher_2015	TRUE						https://doi.org/10.3897/JHR.44.4727
2658			accepted	species	Brad Pitt: Named after the senior author's favourite film actor Brad Pitt, whose poster adorned the wall of her laboratory during her doctoral studies	Conobregma bradpitti	Quicke & Butcher, 2016	2016	Butcher_2016	FALSE	Animalia	Arthropoda	Insecta	Hymenoptera	Braconidae	https://doi.org/10.3897/zookeys.584.7815
2659			accepted	species	Nick Saban: In honor of the legendary American college football coach Nick Saban, who led the University of Alabama team from 2007-2023, winning six national and nine SEC championships with the Crimson Tide. Also, Nick's Kids Foundation has made a tremendous societal impact in Alabama and beyond	Costacopluma nicksabani	Klompmaker et al., 2025	2025	Klompmaker_2025	TRUE	Animalia	Arthropoda	Malacostraca	Decapoda	Retroplumidae	https://doi.org/10.5252/geodiversitas2024v47a13
2660			accepted	species	Trivalia	Cotesia trivaliae	Žikić & Shaw, 2024	2024	_iki__2024	FALSE	Animalia	Arthropoda	Insecta	Hymenoptera	Braconidae	https://doi.org/10.3897/jhr.97.116378
2661			accepted	species	Bear Grylls: in honor of Bear Grylls, the survival instructor, in recognition of his remarkable efforts in spreading the culture of survival globally	Crematogaster gryllsi	Sharaf & Hita Garcia, 2019	2019	Sharaf_2019a	FALSE	Animalia	Arthropoda	Insecta	Hymenoptera	Formicidae	https://doi.org/10.3897/zookeys.898.37531
2662			accepted	species	Steve Irwin: In memory of the late Steve Irwin, wildlife warrior, environmental educator and Queensland Museum medallist." Genus Crikey was created concurrently, based on "The world famous 'catch-cry' of the 'Crocodile Hunter'	Crikey steveirwini	Stanisic, 2009	2009	STANISIC_2009	FALSE	Animalia	Mollusca	Gastropoda			https://doi.org/10.11646/zootaxa.2206.1.4
2663			accepted	species	Binomio de Oro de América: named after the Vallenata music group "Binomio de Oro", dedicated to its singer and founder Rafael Orozco	Ctenorillo binomio	Carpio-Díaz, Bichuette & Campos-Filho, 2023	2023	Carpio_D_az_2023	FALSE	Animalia	Arthropoda	Malacostraca	Isopoda	Armadillidae	https://doi.org/10.4081/tz.2023.141
2664			accepted	subspecies	Kurt Cobain	Cynaeda gigantea cobaini	Korb, 2019	2019	2019	FALSE	Animalia	Arthropoda	Insecta	Lepidoptera	Crambidae	https://doi.org/10.33910/2686-9519-2019-11-4-327-334
2665			accepted	species	Kelly Buchberger	Cyphaspis buchbergeri	Adrain & Chatterton, 1996	1996	Adrain_1996a	TRUE	Animalia	Arthropoda	Trilobita	Proetida	Otarionidae	https://doi.org/10.1017/S0022336000023131
2666			accepted	species	Kevin Lowe	Cyphaspis lowei	Adrain & Chatterton, 1996	1996	Adrain_1996a	TRUE	Animalia	Arthropoda	Trilobita	Proetida	Otarionidae	https://doi.org/10.1017/S0022336000023131
2667			accepted	species	Craig MacTavish	Cyphaspis mactavishi	Adrain & Chatterton, 1996	1996	Adrain_1996a	TRUE	Animalia	Arthropoda	Trilobita	Proetida	Otarionidae	https://doi.org/10.1017/S0022336000023131
2668			accepted	species	Craig Muni	Cyphaspis munii	Adrain & Chatterton, 1996	1996	Adrain_1996a	TRUE	Animalia	Arthropoda	Trilobita	Proetida	Otarionidae	https://doi.org/10.1017/S0022336000023131
2669			accepted	species	Kailash Satyarthi: Kailash Satyarthi was recipient of the 2014 Nobel Peace Prize, founder of multiple social organizations in favor of children's rights in India, from where the new species of Cyphochilus is described	Cyphochilus satyarthii	Sabatinelli, 2020	2020	Sabatinelli_2020	FALSE	Animalia	Arthropoda	Insecta	Coleoptera	Scarabaeidae	https://doi.org/10.35929/RSZ.0014
2670			accepted	species	Rodjaraeg Wattanapanit: refers to Rodjaraeg Wattanapanit the first Thai woman, human rights activist, who was the recipient of the 2016 International Women of Courage Award; she co-founded the nonprofit organization Creating Awareness for Enhanced Democracy (CAFÉ), which encourages the unfettered exchange of thoughts	Cyphochilus wattanapanit	Sabatinelli, 2020	2020		FALSE	Animalia	Arthropoda	Insecta	Coleoptera	Scarabaeidae	
2671			accepted	species	Sachin Tendulkar: to the 'master blaster', Sachin Ramesh Tendulkar, former Indian cricketer, for making cricket a passion among Indian youngsters	Cystomastacoides sachini	Ranjith, 2018	2018	RANJITH_2018	FALSE	Animalia	Arthropoda	Insecta	Hymenoptera	Braconidae	https://doi.org/10.11646/zootaxa.4387.2.7
2672			accepted	species	Sirindhorn: named to honor the celebration on the Auspicious Occasion of Her Royal Highness Princess Maha Chakri Sirindhorn's 6th Cycle Birthday Anniversary, April 2nd, 2025	Damarchus sirindhornae	Kunsete & Warrit, 2025	2025	Kunsete_2025	FALSE	Animalia	Arthropoda	Arachnida	Araneae	Bemmeridae	https://doi.org/10.58837/tnh.25.8.266793
2673			accepted	species	David Sedaris: as an appreciation for his fascination with the natural world. I spent many hours listening to Mr Sedaris' audiobooks while preparing the specimens and the figures for this and other manuscripts	Darwinilus sedarisi	Chatzimanolis, 2014	2014	Chatzimanolis_2014	FALSE	Animalia	Arthropoda	Insecta	Coleoptera	Staphylinidae	https://doi.org/10.3897/zookeys.379.6624
2674			accepted	species	Thom Yorke	Dasyomyliobatis thomyorkei	Marramà et al., 2023	2023	Marram__2023	TRUE						https://doi.org/10.1111/pala.12669
2675			accepted	species	John Epperson	Deltapliomera eppersoni	McAdams, Adrain & Karim, 2018	2018		TRUE						
2676			accepted	species	Lady Bunny	Deltapliomera inglei	McAdams, Adrain & Karim, 2018	2018		TRUE						
2677			accepted	species	Miss Understood	Deltapliomera heimbergi	McAdams, Adrain & Karim, 2018	2018		TRUE						
2678			accepted	species	Mano Negra: specific name manonegra [...] is Spanish for "black hand" making reference to the unusual black flash colors of the species, especially in the webbing. It is concurrently a tribute to Mano Negra, a rock band of the 80's and 90's. The band was in contact with the nature, culture and society of Colombia through their project "El Expreso del Hielo" (The Train of Ice), a fantastic train ride that crossed Colombia	Dendropsophus manonegra	Rivera-Correa & Orrico, 2013	2013	RIVERA_CORREA_2013	FALSE	Animalia	Chordata	Amphibia	Anura	Hylidae	https://doi.org/10.11646/zootaxa.3686.4.3
2679			accepted	species	The Ex	Depressizona exorum	Geiger, 2003	2003	Geiger_2003	FALSE	Animalia	Mollusca	Gastropoda	Lepetellida	Depressizonidae	https://doi.org/10.1071/MR02017
2680			accepted	species	ABBA: the Swedish pop supergroup renowned for hits like "Dancing Queen", "Chiquitita" and "Money, Money, Money" which served as a source of entertainment for the first author during the creation of the illustrations. The group's name is an acronym of the first letters of their first names arranged as a palindrome	Derogenes abba	Bouguerche et al., 2024	2024	Bouguerche_2024	FALSE	Animalia	Platyhelminthes	Trematoda	Plagiorchiida	Derogenidae	https://doi.org/10.1051/parasite/2024024
2681			accepted	species	Barack Obama	Desmopachria barackobamai	Makhan, 2015	2015	DrDewanandMakhan_2015	FALSE	Animalia	Arthropoda	Insecta	Coleoptera	Dytiscidae	https://doi.org/10.13140/RG.2.2.23166.38728
2682			accepted	species	Stephen Colbert: I am pleased to honor an entertaining, provocative, former American presidential candidate, Stephen Colbert, of The Colbert Report with this patronym	Diamphipnoa colberti	Stark, 2008	2008		FALSE	Animalia	Arthropoda	Insecta	Plecoptera	Diamphipnoidae	
2683			accepted	species	Steve Wynn	Dicranogmus wynni	Adrain, 2003	2003	Adrain_2003	TRUE	Animalia	Arthropoda	Trilobita	Lichida	Lichidae	https://doi.org/10.1139/e03-008
2684			accepted	species	Diego Maradona: is named in honour of Diego Maradona, the greatest Argentinean football player for the joy he brought to people regardless of nationality." The species "is named after Diego Maradona for the reasons mentioned above and for the love he always demonstrated for his country	Diegoglossidium maradonai	Montes et al., 2022	2022	Montes_2022	FALSE	Animalia	Platyhelminthes	Trematoda	Plagiorchiida	Alloglossidiidae	https://doi.org/10.1017/S0022149X22000670
2685			accepted	genus	Die Toten Hosen	Dietotenhosen	Santelli & del Río, 2019	2019	Santelli_2019	TRUE	Animalia	Mollusca	Bivalvia	Pectinida	Pectinidae	https://doi.org/10.1017/jpa.2019.50
2686			accepted	species	Ichiro Suzuki: This unique and remarkable species is named to honor the truly unique and remarkable Ichiro Suzuki, my favorite baseball player and one the best ever to play the game. At the time the research for this paper was being conducted, Ichiro was still playing for a Florida team and thus naming a species endemic from Florida after him made complete sense. Unfortunately, the new owners of the Miami Marlins did not keep Ichiro, an unpopular decision not liked by many Marlins fans. Hopefully soon another Major League team gives the Universal Hit King the chance to continue his extraordinary career in baseball	Diolcogaster ichiroi	Fernandez-Triana, 2018	2018	Fernandez_Triana_2018	FALSE	Animalia	Arthropoda	Insecta	Hymenoptera	Braconidae	https://doi.org/10.3897/zookeys.730.22869
2687			accepted	genus	Øystein Djupedal: In honour of Øystein Kåre Djupedal, Norway's Minister of Education and Research from 2005–2007, whose commitment to the Jurassic marine reptile project made the excavations in Svalbard possible	Djupedalia	Knutsen et al., 2012	2012		TRUE						
2688			accepted	species	Jon Stewart	Dokimocephalus stewarti	Westrop, Waskiewicz Poole & Adrain, 2010	2010	Westrop_2010	TRUE						https://doi.org/10.1080/14772019.2010.489364
2689			accepted	species	Brian Greene: in honour of Professor Brian Greene, world renowned physicist and co-founder of the World Science Festival, to celebrate Professor Greene's contributions to science. Professor Greene is one of the world's leading experts in exploring and explaining the effects of gravitational waves in the universe and the connection was due to the way pisaurids hunt their prey on water using waves and associated vibrations	Dolomedes briangreenei	Raven & Hebron, 2018	2018	Raven_2018	FALSE	Animalia	Arthropoda	Arachnida	Araneae	Dolomedidae	https://doi.org/10.17082/j.2204-1478.60.2018.2017-06
2690			accepted	species	Douglas Adams: The specific epithet is a patronym honouring the English author and satirist, Douglas Noel Adams. Adams was also a renowned environmental activist. His radio documentary on critically endangered animals for the British Broadcasting Corporation (BBC) titled Last Chance to See and its accompanying book influenced the thinking of a whole generation of wildlife biologists. The etymology also alludes to the number '42'—the number of precloacofemoral pores that most specimens of this species possess. The number 42 incidentally is also the answer to the "ultimate question of Life, The Universe and Everything" according to Adams' seminal book The Hitchhiker's Guide to the Galaxy	Dravidogecko douglasadamsi	Chaitanya et al., 2019	2019	CHAITANYA_2019	FALSE	Animalia	Chordata	Reptilia	Squamata	Gekkonidae	https://doi.org/10.11646/zootaxa.4688.1.1
2691			accepted	species	Ann Leckie	Eadya annleckieae	Ridenbaugh, 2018	2018	Ridenbaugh_2018	FALSE	Animalia	Arthropoda	Insecta	Hymenoptera	Braconidae	https://doi.org/10.3897/jhr.64.24282
2692			accepted	species	Madonna: We take great pleasure in dedicating this species to one of the most significant artists of our times, Madonna Louise Veronica Ritchie	Echiniscus madonnae	Michalczyk & Kaczmarek, 2006	2006	MICHALCZYK_2006a	FALSE	Animalia	Tardigrada	Heterotardigrada	Echiniscoidea	Echiniscidae	https://doi.org/10.11646/zootaxa.1154.1.1
2693			accepted	species	Kathleen Hanna: dedicated to the musician, artist, activist and rebel girl, Kathleen Hanna	Echinoderes kathleenhannae	Sørensen et al., 2025	2025	S_rensen_2025	FALSE	Animalia	Kinorhyncha	Cyclorhagida	Echinorhagata	Echinoderidae	https://doi.org/10.5852/ejt.2025.1000.2947
2694			accepted	species	Rafael Rebolo López: Dedicated to Dr. Rafael Rebolo López, researcher at the Instituto de Astrofísica de Canarias. In 1995 he discovered the first brown dwarfs in our galaxy. Canary Islands Award for Research 2002	Edmundsina reboloi	Ortea & Moro, 2020	2020		FALSE	Animalia	Mollusca	Gastropoda	Runcinida	Runcinidae	
2695			accepted	genus	Juan Gabriel: dedicated to the memory of Alberto Aguilera Valadez, known professionally as Juan Gabriel and colloquially as "El Divo". Juan Gabriel was a Mexican singer and songwriter that was known for his histrionic style, which overcame barriers within the Latin music	Eldivo	Hazzi & Hormiga, 2024	2024	Hazzi_2024	FALSE	Animalia	Arthropoda	Arachnida	Araneae	Ctenidae	https://doi.org/10.7717/peerj.17242
2696			accepted	species	Peter Thiel: Named in honour of Mr. Peter Thiel (San Francisco, USA) for his generous support of the research of the second author	Elektrogomphaeschna peterthieli	Pinkert, Bechly & Nel, 2017	2017	PINKERT_2017	TRUE						https://doi.org/10.11646/zootaxa.4272.2.7
2697			accepted	species	Steve Irwin	Elseya irwini	Cann, 1997	1997		FALSE	Animalia	Chordata	Reptilia	Testudines	Chelidae	
2698			accepted	species	Deborah Andollo: in honour of the Cuban freediver Deborah Andollo (Havana, 1967), world record holder in free diving, with 74 m depth (!) in 2001	Elysia deborahae	Ortea, Caballer, Moro & Espinosa, 2005	2005		FALSE	Animalia	Mollusca	Gastropoda		Plakobranchidae	
2699			accepted	species	Mohamed bin Zayed Al Nahyan: honoring Sheikh Mohamed bin Zayed Al Nahyan, Crown Prince of Abu Dhabi and Deputy Supreme Commander of the UAE, who created the Mohamed bin Zayed Species Conservation Fund (MBZSCF) to support species conservation projects around the globe. Field surveys leading to the discovery of the two species reported on in this paper were supported by a grant from the MBZSCF	Enyalioides binzayedi	Venegas et al., 2013	2013	Venegas_2013	FALSE	Animalia	Chordata	Reptilia	Squamata	Hoplocercidae	https://doi.org/10.3897/zookeys.277.3594
2700			accepted	species	Bruce Dickinson: honouring Paul Bruce Dickinson (born 7 August 1958), who is best known as the lead singer of the legendary heavy metal band Iron Maiden, though he is also a music producer, entrepreneur, competitive fencer, novelist, aviator, broadcaster and the recipient of numerous honorary degrees and awards. In 2016, he flew a loggerhead sea turtle, Caretta caretta, that washed up on a Jersey beach to the Canary Islands in his private plane, thus contributing to the awareness and protection of this vulnerable species. We also highlight that Iron Maiden is a popular band among taxonomists and museum curators who appreciate rock music	Enyalioides dickinsoni	Venegas et al., 2024	2024	Venegas_2024	FALSE	Animalia	Chordata	Reptilia	Squamata	Hoplocercidae	https://doi.org/10.25225/jvb.23074
2701			accepted	species	Temuera Morrison: a patronym in honour of Temuera Derek Morrison in recognition of his work as a "Clone of the Clone Army of the Republic" in George Lucas film, "Star Wars Episode II – The Clone Wars" [sic, the actual title is Star Wars: Episode II – Attack of the Clones]. Temuera lent his face and body to the soldiers of the republic's clone army, as this species resembles Epicratinus pugionifer	Epicratinus temuerai	Gonçalves & Brescovit, 2024	2024	GON_ALVES_2024	FALSE	Animalia	Arthropoda	Arachnida	Araneae	Zodariidae	https://doi.org/10.11646/zootaxa.5428.4.1
2702			accepted	species	Bon Jovi: honoring the American rock band Bon Jovi, composer of the music album Have a Nice Day and the singles "Because We Can" and "Living On A Prayer", which encouraged the author by their songs full of romance and freedom	Episinus bonjovi	Lin & Li, 2021	2021		FALSE	Animalia	Arthropoda	Arachnida	Araneae	Theridiidae	https://doi.org/10.11865/zs.2021201
2703			accepted	species	Jiang Wen: named after the famous director Mr. Wen Jiang, in honor of his tremendous impact on Chinese cinema	Episinus jiangweni	Lin & Li, 2021	2021		FALSE	Animalia	Arthropoda	Arachnida	Araneae	Theridiidae	
2704			accepted	species	Susanne Bier: named in honour of Danish film director Susanne Bier, to thank her for her films and to recognize her for the awards she has earned	Eridanula susannaebierae	Fanti & Damgaard, 2018	2018		TRUE						
2705			accepted	species	Paul Allen: named after Paul Allen, the co-founder of Microsoft, in recognition of his contributions to the PC revolution." On his website, the author also said this species "was named after Paul Allen in recognition of his great contributions to the science of Dipterology	Eristalis alleni	Thompson, 1997	1997		FALSE	Animalia	Arthropoda	Insecta	Diptera	Syrphidae	
2706			accepted	species	Bill Gates: named after William Gates III, the co-founder of Microsoft, in recognition of his contributions to the PC revolution." On his website, the author also said this species "was named after Bill Gates in recognition of his great contributions to the science of Dipterology	Eristalis gatesi	Thompson, 1997	1997		FALSE	Animalia	Arthropoda	Insecta	Diptera	Syrphidae	
2707			accepted	species	Evo Morales	Eualebra moralesi	Dietrich, 2013	2013	Dietrich_2013	FALSE	Animalia	Arthropoda	Insecta	Hemiptera	Cicadellidae	https://doi.org/10.1590/S1984-46702013000500008
2708			accepted	species	Mohamed bin Zayed Al Nahyan	Euastacus binzayedi	Coughran & Furse, 2013	2013	Furse_2013	FALSE	Animalia	Arthropoda	Malacostraca	Decapoda	Parastacidae	https://doi.org/10.5869/fc.2013.v19.103
2709			accepted	species	Sirindhorn	Eucosmogastra sirindhornae	Pinkaew & Leadprathom, 2016	2016		FALSE	Animalia	Arthropoda	Insecta	Lepidoptera	Tortricidae	
2710			accepted	species	Zubeen Garg: named in honour of the celebrated Indian singer and cultural icon Mr. Zubeen Garg, in recognition of his significant contributions to contemporary music in northeast India	Euthalia zubeengargi	Upadhaya & Sadasivan, 2026	2026	Upadhaya_2026	FALSE	Animalia	Arthropoda	Insecta	Lepidoptera	Nymphalidae	https://doi.org/10.33307/entomon.v51i1.1607
2711			accepted	species	Tim Burton: Named for Tim Burton, because the alga and its common substrate (polychaete worm tube) together resemble a macabre flower in the style of T. Burton's artistic contributions	Euthora timburtonii	Clarkston & G.W. Saunders, 2010	2010	Clarkston_2010	FALSE	Plantae	Rhodophyta	Florideophyceae	Gigartinales	Kallymeniaceae	https://doi.org/10.1139/B09-101
2712			accepted	species	Nino Konis Santana: named in honor of Connisso Antonino ("Nino Konis") Santana, a national hero in Timor-Leste's struggle for independence who was renowned for his environmental awareness. The type locality of this beautiful goby species is in Tutuala, just offshore of Santana's birthplace, and moreover is located within the Nino Konis Santana National Park	Eviota santanai	Greenfield & Erdmann, 2013	2013	Greenfield_2013	FALSE	Animalia	Chordata	Teleostei	Gobiiformes	Gobiidae	https://doi.org/10.11646/zootaxa.3741.4.9
2713			accepted	species	Andre Matos: The species name honors Andre Coelho Matos (1971–2019), Brazilian singer, composer, maestro and pianist, lead singer for the heavy metal bands Viper, Angra and Shaman. A great guy that left us too soon	Extraordinarius andrematosi	Rheims, 2019	2019	RHEIMS_2019	FALSE	Animalia	Arthropoda	Arachnida	Araneae	Sparassidae	https://doi.org/10.11646/zootaxa.4674.1.4
2714			accepted	species	Angus Young: The species name honors Angus Young, lead guitarist, songwriter and co-founder of the Australian rock band AC/DC. He is best known for his stage schoolboy uniform outfits and energetic performances	Extraordinarius angusyoungi	Rheims, 2022	2022	RHEIMS_2022	FALSE	Animalia	Arthropoda	Arachnida	Araneae	Sparassidae	https://doi.org/10.11646/zootaxa.5205.2.6
2715			accepted	species	Bruce Dickinson: The specific name honors Bruce Dickinson, singer, writer and airplane pilot, best known for being lead singer of the heavy metal band Iron Maiden	Extraordinarius brucedickinsoni	Rheims, 2019	2019		FALSE	Animalia	Arthropoda	Arachnida	Araneae	Sparassidae	
2716			accepted	species	Rick Allen: The species name honors Rick Allen, drummer for the British rock band Def Leppard, who lost an arm in a car accident but continues to play the drums with an especially adapted drum set	Extraordinarius rickalleni	Rheims, 2019	2019		FALSE	Animalia	Arthropoda	Arachnida	Araneae	Sparassidae	
2717			accepted	species	Sirindhorn: in honour of Her Royal Highness Princess Maha Chakri Sirindhorn of Thailand who has initiated the Plant Genetic Conservation Project under the Royal Initiative of H.R.H. Princess Maha Chakri Sirindhorn." The vernacular name "Thep-pa-mat	Flemingia sirindhorniae	Mattapha, Chantar. & Suddee			FALSE	Plantae	Tracheophyta	Magnoliopsida	Fabales	Fabaceae	
2718			accepted	species	Nima Arkani-Hamed: named after Prof. Nima Arkani Hamed from Institute for Advanced Study in Princeton, New Jersey - theoretical physicist with interests in high energy physics, string theory and cosmology - due to authority on some of the new debates of physics	Foenatopus nimaarkanii	Ghafouri Moghaddam & Rakhshani, 2018	2018	Moghaddam_2019	FALSE						https://doi.org/10.1163/1876312X-00002191
2719			accepted	species	Adam Ant	Forteyaspis adamanti	Karim & Adrain, 2022	2022		TRUE						
2720			accepted	species	Billy Idol	Forteyaspis idoli	Karim & Adrain, 2022	2022		TRUE						
2721			accepted	species	Ilaria Alpi: dedicated to Miss Ilaria Alpi, an Italian journalist, who together with her cameraman Miran Hrovatin, was assassinated in Mogadishu in 1994, while investigating trade in toxic cargoes between Italy and Somalia	Fukomys ilariae	Gippoliti & Amori, 2011	2011	GIPPOLITI_2011	FALSE	Animalia	Chordata	Mammalia	Rodentia	Bathyergidae	https://doi.org/10.11646/zootaxa.2918.1.4
2722			accepted	species	Andrzej Stasiuk: in honour of Andrzej Stasiuk, a very successful and internationally acclaimed Polish writer, journalist and literary critic. By this we pay tribute to his travel literature and essays that describe the natural and cultural environment of Eastern Europe, including the Carpathians, where he has chosen to settle	Gammarus stasiuki	Jażdżewski, Mamos & Grabowski, 2021	2021	Mamos_2021	FALSE	Animalia	Arthropoda	Malacostraca	Amphipoda	Gammaridae	https://doi.org/10.1038/s41598-021-00320-8
2723			accepted	species	Joe Arroyo: named in tribute to the late Colombian tropical music singer, composer, and songwriter Alvaro José Arroyo González (1 November 1955–26 July 2011). This artist, also known as Joe Arroyo or El Joe, was nationally and internationally known for his unique way of combining a diverse array of Caribbean music styles, including salsa, cumbia, porro, soca, kompa, and zouk	Geotrigona joearroyoi	Gonzalez & Engel, 2012	2012	Gonzalez_2012	FALSE	Animalia	Arthropoda	Insecta	Hymenoptera	Apidae	https://doi.org/10.3897/zookeys.172.2735
2724			accepted	species	Ingrid Betancourt: Named in honour of Colombian politician Ingrid Betancourt (Bogotá, Colombia, 1961), who was awarded the 2008 Prince of Asturias Award for Concord in recognition of her struggle in defence of human rights and against terrorist violence. In the same year she was awarded the French Legion of Honour	Gibberula betancourtae	Ortea, 2015	2015		FALSE	Animalia	Mollusca	Gastropoda	Neogastropoda	Cystiscidae	
2725			accepted	species	Hassiba Boulmerka: Named in honour of middle-distance runner Hassiba Boulmerka (Constantine, Algeria, 1968), winner of the 1995 Prince of Asturias Award for Sports, winner of her country's first gold medal at the Olympic Games (Barcelona 92) and a tireless fighter for women's rights	Gibberula boulmerkae	Ortea, 2015	2015		FALSE	Animalia	Mollusca	Gastropoda	Neogastropoda	Cystiscidae	
2726			accepted	species	Steffi Graf: Named in honour of tennis player Steffi Graf (Mannheim, Germany, 1969), winner of the 1999 Prince of Asturias Award for Sports, winner of 22 Grand Slam tournaments, including seven at Wimbledon and six at Roland Garros	Gibberula grafae	Ortea, 2015	2015		FALSE	Animalia	Mollusca	Gastropoda	Neogastropoda	Cystiscidae	
2727			accepted	species	Martina Navratilova: Named in honour of Czech-born American tennis player Martina Navratilova (Prague, Czech Republic, 1956), distinguished in 1994 with the Prince of Asturias Award for Sports, number one in the women's world ranking (1982-87) and winner of tournaments such as Wimbledon, eight times, and Roland Garros, twice	Gibberula navratilovae	Ortea, 2015	2015		FALSE	Animalia	Mollusca	Gastropoda	Neogastropoda	Cystiscidae	
2728			accepted	species	J. K. Rowling: Named in honour of British writer Joanne Rowling (Yate, 1965), winner of the 2003 Prince of Asturias Award for Concord, creator of the Harry Potter book series, a literary phenomenon with more than 500 million copies sold	Gibberula rowlingae	Ortea, 2015	2015		FALSE	Animalia	Mollusca	Gastropoda	Neogastropoda	Cystiscidae	
2729			accepted	species	Omayra Sánchez: a new genus of giant field cricket, from the middle Magdalena of Colombia, more precisely from the department of Tolima, in the region of the Armero tragedy, for which this species is dedicated to the memory of Omayra Sánchez" "Dedicated to the memory of Omayra Sánchez (1972–1985), a symbol of the most devastating natural tragedy in Colombia, a victim of the eruption of the Nevado del Ruiz volcano in 1985. She gained worldwide recognition by being trapped in the mud and remains of her own home for three days until her death	Gigagryllus omayrae	Cadena-Castañeda & García García, 2020	2020	CADENA_CASTA_EDA_2020	FALSE	Animalia	Arthropoda	Insecta	Orthoptera	Gryllidae	https://doi.org/10.11646/zootaxa.4830.2.3
2730			accepted	species	Russell Crowe	Gladiatoria crowei	Adrain, McAdams & Westrop 2011	2011		TRUE						
2731			accepted	species	Connie Nielsen	Gladiatoria nielsenae	Adrain, McAdams & Westrop 2011	2011		TRUE						
2732			accepted	species	Joaquin Phoenix	Gladiatoria phoenixi	Adrain, McAdams & Westrop 2011	2011		TRUE						
2733			accepted	species	David Byrne	Gladiopycnodus byrnei	Marramà, Villier, Dalla Vecchia & Carnevale, 2016	2016	Marram__2016	TRUE						https://doi.org/10.1016/j.cretres.2015.12.022
2734			accepted	species	Ali Daei: in honor of Ali Daei, due to his humanitarian activities after the 2018 earthquake in region, where the Seymareh River (type locality of G. alidaeii) is located	Glyptothorax alidaeii	Mousavi-Sabet, Eagderi, Vatandoust & Freyhof, 2021	2021	MOUSAVI_SABET_2021	FALSE	Animalia	Chordata	Teleostei	Siluriformes	Sisoridae	https://doi.org/10.11646/zootaxa.5067.4.1
2735			accepted	species	Megadeth	Goloboffia megadeth	Ferretti, Ríos-Tamayo & Goloboff, 2019	2019	FERRETTI_2019	FALSE	Animalia	Arthropoda	Arachnida	Araneae	Migidae	https://doi.org/10.11646/zootaxa.4712.2.5
2736			accepted	species	André Kuipers: named after the Dutch astronaut André Kuipers in recognition of his engagement against the loss of the planet's natural resources and his ambassadorship for various entomological organizations. The name was elected in an online public contest organized by the science program De Kennis van Nu of the Dutch public broadcaster NTR	Grouvellinus andrekuipersi	Freitag, Pangantihon & Njunjić, 2018	2018		FALSE	Animalia	Arthropoda	Insecta	Coleoptera	Elmidae	
2737			accepted	species	Niet: Named in tribute to the influential Slovenian punk rock band "Niet". It reflects both the context in which it was discovered – a mass mortality bed – and a reference to Niet's well-known song and album Lep dan za smrt (meaning 'A good day to die')	Habroichthys nietorum	Conedera et al., 2025	2025	Conedera_2025	TRUE						https://doi.org/10.1016/j.geobios.2025.06.001
2738			accepted	species	Tim Winton: in honour of Western Australian author and Kimberley conservationist Tim Winton, whose many novels espouse a love of fish and the Australian landscape	Hannia wintoni	Shelley et al., 2020	2020	SHELLEY_2020	FALSE	Animalia	Chordata	Teleostei	Centrarchiformes	Terapontidae	https://doi.org/10.11646/zootaxa.4869.4.5
2739			accepted	species	Olga Tokarczuk: named after Polish writer, laureate of the 2018 Nobel Prize in Literature Olga Tokarczuk to honour her work	Hantzschia tokarczukiana	M.Rybak, Kochman-Kędziora		MATEUSZ_2022	FALSE						https://doi.org/10.11646/phytotaxa.567.3.1
2740			accepted	species	Randy Gregg	Harpidella greggi	Adrain & Chatterton, 1995	1995	Adrain_1995a	TRUE	Animalia	Arthropoda	Trilobita	Proetida	Aulacopleuridae	https://doi.org/10.1017/S0022336000034648
2741			accepted	species	Jari Kurri	Harpidella kurrii	Adrain & Chatterton, 1995	1995	Adrain_1995a	TRUE	Animalia	Arthropoda	Trilobita	Proetida	Aulacopleuridae	https://doi.org/10.1017/S0022336000034648
2742			accepted	species	Esa Tikkanen	Harpidella tikkaneni	Adrain & Chatterton, 1995	1995	Adrain_1995a	TRUE	Animalia	Arthropoda	Trilobita	Proetida	Aulacopleuridae	https://doi.org/10.1017/S0022336000034648
2743			accepted	species	Siouxsie Sioux	Heckethornia ballionae	McAdams & Adrain, 2009	2009	McAdams_2009	TRUE	Animalia	Arthropoda	Trilobita	Proetida	Dimeropygidae	https://doi.org/10.1139/E09-060
2744			accepted	species	Chrissie Hynde	Heckethornia hyndeae	McAdams & Adrain, 2009	2009	McAdams_2009	TRUE	Animalia	Arthropoda	Trilobita	Proetida	Dimeropygidae	https://doi.org/10.1139/E09-060
2745			accepted	species	Steven Morrissey	Heckethornia morrisseyi	McAdams & Adrain, 2009	2009	McAdams_2009	TRUE	Animalia	Arthropoda	Trilobita	Proetida	Dimeropygidae	https://doi.org/10.1139/E09-060
2746			accepted	species	Gary Numan	Heckethornia numani	McAdams & Adrain, 2009	2009	McAdams_2009	TRUE	Animalia	Arthropoda	Trilobita	Proetida	Dimeropygidae	https://doi.org/10.1139/E09-060
2747			accepted	species	Robert Smith	Heckethornia smithi	McAdams & Adrain, 2009	2009	McAdams_2009	TRUE	Animalia	Arthropoda	Trilobita	Proetida	Dimeropygidae	https://doi.org/10.1139/E09-060
2748			accepted	species	Zubeen Garg: The specific epithet honours Zubeen Garg, Hon. D.Litt., the late legendary Assamese cultural icon, artist, and filmmaker, in recognition of his decades of cultural contribution to India and his vocal advocacy for nature conservation	Hedychium zubeengargianum	D.K.Roy, R.Lytan & N.Odyuo		Roy_2026	FALSE	Plantae	Tracheophyta	Liliopsida	Zingiberales	Zingiberaceae	https://doi.org/10.63589/pt.5.1.2026.39-45
2749			accepted	species	Diana, Princess of Wales: The species is named in memory of Diana, the Princess of Wales, a humanist, well-known benefactor, generous and sympathetic woman, the Queen of human hearts (1961−1997)	Hellinsia diana	Ustjuzhanin & Kovtunovich, 2021	2021	Ustjuzhanin_2021	FALSE	Animalia	Arthropoda	Insecta	Lepidoptera	Pterophoridae	https://doi.org/10.37828/em.2021.46.7
2750			accepted	species	John Frusciante: The species is named after one of my favourite musicians – John Frusciante. His music inspires me significantly and always accompanies my research	Henosepilachna frusciantei	Szawaryn, 2012	2012	Szawaryn_2012	FALSE	Animalia	Arthropoda	Insecta	Coleoptera	Coccinellidae	https://doi.org/10.3161/000345412X659740
2751			accepted	species	Berta Cáceres: named after Berta Isabel Cáceres Flores (Berta Cáceres for short) who supported indigenous communities and was an active opponent of illegal logging and mass plantations. She was murdered at her home in March 2016	Heterachthes caceresae	Santos-Silva, Van Roie & Jocqué, 2021	2021	Santos_Silva_2021	FALSE	Animalia	Arthropoda	Insecta	Coleoptera	Cerambycidae	https://doi.org/10.5852/ejt.2021.764.1469
2752			accepted	species	John Deacon	Heteragrion johndeaconi	Lencioni, 2013	2013	LENCIONI_2013	FALSE	Animalia	Arthropoda	Insecta	Odonata	Heteragrionidae	https://doi.org/10.11646/zootaxa.3685.1.1
2753			accepted	species	Craig Foster (filmmaker): named after well-know [sic] underwater-photographer and diver Craig Foster, who has accompanied and assisted the second author in many collecting expeditions and who made all in situ photographs and sampled all specimens of [...] this species	Heteromysis fosteri	Wittmann & Griffiths, 2017	2017	Wittmann_2017	FALSE	Animalia	Arthropoda	Malacostraca	Mysida	Mysidae	https://doi.org/10.3897/zookeys.685.13890
2754			accepted	species	Helge Schneider: in honour of Helge Schneider, a German comedian, for revolutionising the comedy scene	Heteropoda helge	Jäger, 2008	2008		FALSE	Animalia	Arthropoda	Arachnida	Araneae	Sparassidae	
2755			accepted	species	Nina Hagen: named after the German rock- and punk singer Nina hagen, who inspired the author with her unique songs and texts over many years, which were as unusual as the shape of the RTA [Retrolateral tibial apophysis] in this new species	Heteropoda ninahagen	Jäger, 2008	2008		FALSE	Animalia	Arthropoda	Arachnida	Araneae	Sparassidae	
2756			accepted	species	Mathias Richling: in honour of the German cabaret artist Mathias Richling for observing and commenting politicians in Germany and his tremendous sagacious neologisms	Heteropoda richlingi	Jäger, 2008	2008		FALSE	Animalia	Arthropoda	Arachnida	Araneae	Sparassidae	
2757			accepted	species	Moon Jae-in: This species is named after Mr Moon Jae-in, the President of the Republic of Korea, in recognition of his invaluable movements seeking to improve and protect natural environments and wildlife in the Republic of Korea	Holostaspis mooni	Keum, Jung & Joharchi, 2017	2017	KEUM_2017	FALSE						https://doi.org/10.11646/zootaxa.4353.3.5
2758			accepted	species	Wim Mertens: in honor of the Flemish composer Wim Mertens, protagonist of the European romantic minimalist school	Hortipes wimmertensi	Bosselaers & Jocqué, 2000	2000	BOSSELAERS_2000	FALSE	Animalia	Arthropoda	Arachnida	Araneae	Corinnidae	https://doi.org/10.1206/0003-0090(2000)256<0004:HAHGOT>2.0.CO;2
2759			accepted	species	Ray Troll: Named for Ray Troll, an artist of fishes, and one of the few true chimaeroid lovers of the world. This fish is named in his honor for his valiant efforts to increase ratfish awareness worldwide	Hydrolagus trolli	Didier & Séret, 2002	2002	Didier_2002	FALSE	Animalia	Chordata	Holocephali	Chimaeriformes	Chimaeridae	https://doi.org/10.26028/cybium/2002-263-007
2760			accepted	species	Seth MacFarlane: in honor of Seth MacFarlane, American writer, director, producer, actor, artist, musician and conservationist, with an outstanding passion for science, biodiversity and the natural world	Hyloscirtus sethmacfarlanei	Reyes-Puig et al., 2022	2022	Reyes_Puig_2022	FALSE	Animalia	Chordata	Amphibia	Anura	Hylidae	https://doi.org/10.7717/peerj.14066
2761			accepted	species	Oprah Winfrey: The specific epithet was chosen to honor Dr. Oprah Winfrey for her performances, media presence, and generous philanthropy that have substantially improved humanity." "The new species honors Dr. Oprah Winfrey, widely considered to be the world's most influential woman, to commemorate her lifelong accomplishments and contributions in the realms of media and philanthropy	Hypotrachyna oprah	Lendemer & J.L.Allen (2019)	2019	Lendemer_2019	FALSE	Fungi	Ascomycota	Lecanoromycetes	Lecanorales	Parmeliaceae	https://doi.org/10.2179/0008-7475.84.1.24
2762			accepted	species	Robin Zander	Hystricurus zanderi	Adrain, Westrop, Karim & Landing 2014	2014		TRUE	Animalia	Arthropoda	Trilobita	Aulacopleurida	Hystricuridae	
2763			accepted	species	Miss Coco Peru	Ibexaspis leuppi	McAdams, Adrain & Karim, 2018	2018	McADAMS_2018	TRUE						https://doi.org/10.11646/zootaxa.4525.1.1
2764			accepted	species	RuPaul	Ibexaspis rupauli	McAdams, Adrain & Karim, 2018	2018	McADAMS_2018	TRUE						https://doi.org/10.11646/zootaxa.4525.1.1
2765			accepted	species	Tukaram Omble: dedicated to a hero of the 26/11 Mumbai terror attack, ASI Tukaram Omble AC, who took 23 bullets and captured the terrorist of the attack	Icius tukarami	Prajapati, Kumbhar & Kamboj, 2021	2021	Prajapati_2021a	FALSE	Animalia	Arthropoda	Arachnida	Araneae	Salticidae	https://doi.org/10.15298/arthsel.30.2.10
2766			accepted	species	Vikram Batra: to the Indian Kargil war hero, Captain Vikram Batra, PVC, an officer of the Indian Army. He was posthumously awarded with the Param Vir Chakra (India's highest and most prestigious award for valour) for his tremendous actions during the 1999 Kargil War in Kashmir, for which he was also known as 'Sher Shah' ('Lion King')	Icius vikrambatrai	Prajapati, Malamel, Sudhikumar & Sebastian, 2018	2018	Prajapati_2018	FALSE	Animalia	Arthropoda	Arachnida	Araneae	Salticidae	https://doi.org/10.15298/arthsel.27.4.08
2767			accepted	species	Idris Elba: The epithet 'elba' is an arbitrary combination of letters that is to be treated as a noun in apposition." In a statement, Talamas elaborated on the choice, noting that were the species to be explicitly named after Idris Elba, it would then be a patronym, and thus, following Latin grammar rules, the wasp would have to be called Idris elbai. Treating the specific epithet as merely "an arbitrary combination of letters", however, avoided this grammar issue. Talamas also said that this wasp "might prove to be a Heimdall-like "protector" for many crops	Idris elba	Talamas, 2019	2019	Lomeli_Flores_2019	FALSE	Animalia	Arthropoda	Insecta	Hymenoptera	Scelionidae	https://doi.org/10.3897/jhr.73.38025
2768			accepted	species	Dorjee Khandu: after Late Dorjee Khandu, former Chief Minister of Arunachal Pradesh for his service to the nation and contribution for better development in the Himalayan state	Impatiens dorjeekhandui	Chowlu, S. S. Dash & Gogoi		Chowlu_2017	FALSE	Plantae	Tracheophyta	Magnoliopsida	Ericales	Balsaminaceae	https://doi.org/10.20324/nelumbo/v59/2017/120458
2769			accepted	species	K. K. Shailaja: eponymous to Mrs. K.K. Shailaja, former Health Minister of Kerala, honoring her efforts to tackle various epidemic and pandemic situations in the state of Kerala through scientific temper	Impatiens shailajae	Sindhu Arya & V.S.A Kumar		Arya_2021	FALSE	Plantae	Tracheophyta	Magnoliopsida	Ericales	Balsaminaceae	https://doi.org/10.3897/phytokeys.180.66748
2770			accepted	species	Sirindhorn: in honour of Her Royal Highness Princess Sirindhorn for her dedication and encouragement to the environmental sciences and biodiversity conservation in Thailand	Impatiens sirindhorniae	Triboun & Suksathan			FALSE	Plantae	Tracheophyta	Magnoliopsida	Ericales	Balsaminaceae	
2771			accepted	species	Neil deGrasse Tyson: The species is named after the famous Dr. Neil deGrasse Tyson, Director of the Hayden Planetarium in New York, for his effective, innovative, witty and entertaining contributions to popularizing and communicating science to the general public	Indirana tysoni	Dahanukar et al., 2016	2016	Dahanukar_2016	FALSE	Animalia	Chordata	Amphibia	Anura	Ranixalidae	https://doi.org/10.11609/jott.2532.8.10.9221-9288
2772			accepted	species	Orhan Pamuk	Kahlerosphaera pamuki	Kozur, Moix & Ozsvárt, 2007	2007		TRUE						
2773			accepted	species	Karl Pilkington	Karaops pilkingtoni	Crews & Harvey, 2011	2011	Crews_2011	FALSE	Animalia	Arthropoda	Arachnida	Araneae	Selenopidae	https://doi.org/10.3897/zookeys.99.723
2774			accepted	species	Jeremy Clarkson	Kerevata clarksoni	Butcher & Quicke, 2014	2014	BUTCHER_2014	FALSE	Animalia	Arthropoda	Insecta	Hymenoptera	Braconidae	https://doi.org/10.11646/zootaxa.3811.3.4
2775			accepted	species	Richard Hammond	Kerevata hammondi	Butcher & Quicke, 2014	2014	BUTCHER_2014	FALSE	Animalia	Arthropoda	Insecta	Hymenoptera	Braconidae	https://doi.org/10.11646/zootaxa.3811.3.4
2776			accepted	species	James May	Kerevata jamesmayi	Butcher & Quicke, 2014	2014	BUTCHER_2014	FALSE	Animalia	Arthropoda	Insecta	Hymenoptera	Braconidae	https://doi.org/10.11646/zootaxa.3811.3.4
2777			accepted	species	Bruce Dickinson	Kettneraspis dickinsoni	Viersen, Lerouge & Kesselaer, 2025	2025	Viersen_2025	TRUE	Animalia	Arthropoda	Trilobita	Lichida	Odontopleuridae	https://doi.org/10.1127/njgpa/2025/1242
2778			accepted	genus	Néstor Kirchner: in honour of Argentinean President (2003–2007) Néstor Kirchner, who on October 27th, 2010 and the Latin "ala" meaning wing. On July 16, 2003, he agreed to a public meeting requested by two designed delegates of CONICET External Postdoctoral Fellows in the Argentinean Embassy in Paris. In relation to our concerns, he explained us the promissory future plans of the government for the scientific system in our country. After our return to Argentina in 2004, his sayings were corroborated year by year and continued in the same way by the next (twice) President of the country, Cristina Fernández de Kirchner." The type species is named Kirchnerala treintamil, "Dedicated to the 30,000, in Spanish "treinta mil" (presentes, ahora y siempre!), detained [or] disappeared by the Argentinean Military-Civil-Ecclesiastic Dictatorship 1976–1983. Mil is also a linguistic morph in Kakán (Diaguita) language from La Rioja province whose meaning has unfortunately disappeared	Kirchnerala	Petrulevicius & Gutiérrez, 2016	2016		TRUE						
2779			accepted	species	Tim Winton: honouring the Western Australian author Tim Winton for his ongoing environmental advocacy [...]. His novels have given the senior author hours of pleasure and time of reflection	Kochosa timwintoni	Framenau, Castanheira & Yoo, 2023	2023	FRAMENAU_2023	FALSE	Animalia	Arthropoda	Arachnida	Araneae	Lycosidae	https://doi.org/10.11646/zootaxa.5239.3.1
2780			accepted	species	Johnny Depp	Kootenichela deppi	Legg, 2013	2013		TRUE						
2781			accepted	species	Patrick Bruel: named after Patrick Bruel, the French singer-songwriter renowned for his nostalgic song "Au Café des Délices" which evokes Mediterranean charm of Tunisia and a sense of nostalgia	Ktarius patrickbrueli	Hamdi et al., 2024	2024	Hamdi_2024	FALSE	Animalia	Platyhelminthes	Monogenea	Mazocraeidea	Microcotylidae	https://doi.org/10.1016/j.ijppaw.2024.101016
2782			accepted	species	Kelly Slater: This species is named after the "King" Kelly Slater, 11-time Surf World Champion, and also an environmental activist for the protection of the oceans	Lanice kellyslateri	Lavesque, Daffe, Londoño-Mesa & Hutchings, 2021	2021	LAVESQUE_2021	FALSE	Animalia	Annelida	Polychaeta		Terebellidae	https://doi.org/10.11646/zootaxa.5038.1.1
2783			accepted	species	Corey Taylor: named in honour of Corey Taylor, lead vocalist of the rockgroup Slipknot and Stone Sour, for lending a powerful voice during moments of despair in the course of the present study." The genus Lapidaster, created concurrently, is "composed of lapis, Latin for "rock", and aster, Greek for "star", in reference to three species of the genus being named after rockstars	Lapidaster coreytaylori	Thuy, 2013	2013	Thuy_2013	TRUE	Animalia	Echinodermata	Ophiuroidea	Ophioscolecida	Ophioscolecidae	https://doi.org/10.5852/ejt.2013.48
2784			accepted	species	Porcupine Tree: Name derived from Hystrix, a genus of porcupine, and arbor, Latin for "tree", in honour of Steven Wilson, Richard Barbieri, Gavin Harrison and Colin Edwin of Porcupine Tree whose music was a fertile source of inspiration whenever the creative process of the present study threatened to come to a halt	Lapidaster hystricarboris	Thuy, 2013	2013	Thuy_2013	TRUE	Animalia	Echinodermata	Ophiuroidea	Ophioscolecida	Ophioscolecidae	https://doi.org/10.5852/ejt.2013.48
2785			accepted	species	Mastodon (band): named in honour of Brent Hinds, Brann Dailor, Bill Kelliher and Troy Sanders of the rockgroup Mastodon, whose music was indispensable during lengthy nightly sessions at the scanning electron microscope	Lapidaster mastodon	Thuy, 2013	2013	Thuy_2013	TRUE	Animalia	Echinodermata	Ophiuroidea	Ophioscolecida	Ophioscolecidae	https://doi.org/10.5852/ejt.2013.48
2786			accepted	species	Paul Baloff	Laqueichnus baloffi	Kappel, 2003	2003		TRUE						
2787			accepted	species	Barack Obama: Species dedicated to the forty-fourth president of the United States of America, Barack Obama, for his contribution to the conservation of the environment (and native pollinators) and the improvement in relations with Cuba, among other progressive policies and reforms carried out by his administration	Lasioglossum obamai	Genaro, 2016	2016	Genaro_2016	FALSE	Animalia	Arthropoda	Insecta	Hymenoptera	Halictidae	https://doi.org/10.33800/nc.v0i10.28
2788			accepted	species	Sergio Moro: is a Latinization of the Portuguese words Lava Jato (car wash), an allusion to the Lava-Jato Operation, which designates a conjunct of investigations of [the] Federal Police of Brazil, mostly investigating corruption crimes. The translucency of the shell, revealing the occult inner structures, is an afflatus." "The specific epithet is in honor to the judge Sergio Fernando Moro, professor of criminal law in [the] Federal University of Paraná, who is leading Lava-Jato Operation referred above. This is a demure acknowledge[ment] of his effort in remodeling Brazil into a better country	Lavajatus moroi	Simone, 2018	2018		FALSE	Animalia	Mollusca	Gastropoda		Achatinidae	
2789			accepted	species	Indigo Girls: in honor of Indigo Girls, a now five-decade musical duo and legend that has inspired millions of listeners with their lyrical contributions, commitment to environmental protection, and social activism. Emily Saliers and Amy Ray of Indigo Girls have been major proponents of climate justice and, for years, led grassroots-style campaigns to increase awareness and promote change in social atmospheres. Songs by Indigo Girls have universally conveyed an interconnectedness between environmental health and social rights, which reminds us of lichen biodiversity and our parallel need to continue advancing initiatives that promote education and awareness of these remarkable symbiotic organisms. The new species further reminds us of Indigo Girls because it is both lustrous and assertive, introspective yet audacious, and reflective of voices that have not yet been heard, until now	Lecanora indigoana	E. Tripp & J. Watts		MANZITTO_TRIPP_2025	FALSE	Fungi	Ascomycota	Lecanoromycetes	Lecanorales	Lecanoraceae	https://doi.org/10.11646/phytotaxa.712.3.1
2790			accepted	species	Steve Kilbey	Lemureops kilbeyi	McAdams & Adrain, 2009	2009		TRUE						
2791			accepted	species	Peter Koppes	Lemureops koppesi	McAdams & Adrain, 2009	2009		TRUE						
2792			accepted	species	Richard Ploog	Lemureops ploogi	McAdams & Adrain, 2009	2009		TRUE						
2793			accepted	species	Marty Willson-Piper	Lemureops willsonpiperi	McAdams & Adrain, 2009	2009		TRUE						
2794			accepted	species	Mike Burkett	Leonaspis burketti	Viersen, Lerouge & Kesselaer, 2025	2025		TRUE	Animalia	Arthropoda	Trilobita	Lichida	Odontopleuridae	
2795			accepted	species	Justin Chancellor	Leonaspis chancellori	Viersen, Lerouge & Kesselaer, 2025	2025		TRUE	Animalia	Arthropoda	Trilobita	Lichida	Odontopleuridae	
2796			accepted	species	Laura Restrepo: honors Laura Restrepo Durán, a renowned Colombian writer and journalist. As a prominent female figure in the literary world, she has not only carved a successful career, but has also been a potent voice in advocating for political activism. her work often transcends the realm of literature, reflecting her profound commitment to addressing various political and social conflicts that have occurred in Colombia and throughout Latin America. In addition to her literary endeavors, Laura has stood as a fervent defender of human rights, collaborating with several non-governmental organizations and groups dedicated to the promotion of human rights. Her steadfast commitment to the social and political issues of Colombia and Latin America is a notable constant in her body of work, marking her a significant female powerhouse in the literary and activist spheres	Lepanthes laurarestrepoana	J.S. Moreno, Gal.-Tar. & Sierra-Ariza		Moreno_2023	FALSE	Plantae	Tracheophyta	Liliopsida	Asparagales	Orchidaceae	https://doi.org/10.3100/hpib.v28iss2.2023.n4
2797			accepted	species	Enya: Named in honor of the singer Enya, whose beautiful song "Orinoco Flow" celebrates the flow of the mighty Orinoco River, which the new species inhabits	Leporinus enyae	Burns et al., 2017	2017	Burns_2017	FALSE	Animalia	Chordata	Teleostei	Characiformes	Anostomidae	https://doi.org/10.1590/1982-0224-20160166
2798			accepted	species	Emily Saliers: named in honor of Emily Saliers of the long-time musical duo, Indigo Girls. Together with Amy Ray, Emily has worked tirelessly to advocate for environmental rights and to end destructive, industrial practices that are catastrophic to both biodiversity and human livelihood. She has been a vocal opponent of (and has helped to fundraise against) the Dakota Access, Keystone, and Enbridge Pipelines, which devastate river water quality, violate treaty rights of Native Nations, and pose major threats to riparian ecosystems and the peoples that depend on them. [...] Her songs have been a powerful catalyst to inspire social change, which is intimately linked and crucial to the preservation of our native ecosystems and their resident species. Emily's music has kept us company over many years of fieldwork (and microscopy!) spent documenting and conserving the biodiversity that surrounds us. This new species reminds us of Emily because its striking yellow thallus is bright, lively, and conveys a warmness	Lepraria saliersiae	E. Tripp & J. Watts			FALSE	Fungi	Ascomycota	Lecanoromycetes	Lecanorales	Stereocaulaceae	
2799			accepted	species	Viktor Tsoi	Leptodontidium viktortsoii	V.A. Iliushin & I.Y. Kirtsideli (2025)	2025	2025	FALSE	Fungi	Ascomycota	Leotiomycetes	Helotiales	Leptodontidiaceae	https://doi.org/10.17581/bp.2025.14215
2800			accepted	species	Dave Grohl: Named after the musician Dave Grohl, lead singer, guitarist, and songwriter of the rock band Foo Fighters, drummer of the rock bands Nirvana and Queens of the Stone Age among others, for his positive activism, and ever long musical accompaniment to both first and last author	Leptogenys grohli	Hamer, Lee & Guénard, 2024	2024	Hamer_2024	FALSE	Animalia	Arthropoda	Insecta	Hymenoptera	Formicidae	https://doi.org/10.3897/zookeys.1202.120214
2801			accepted	species	Diego Maradona: in honour [of] Diego Armando Maradona (El Diego) the best world football player ever. In [the] 1986 FIFA World Cup, Maradona, the "People's football player", redefined football in less than five minutes, first with the "hand of God" goal and then with "the Goal of the Century", [narrated] exquisitely by Víctor Hugo Morales. In [the] words of Emir Kusturica "that match was maybe the first and the last time that there was justice in the world". He inspired the people and many popular artistic expressions via his Maradonian way	Librelula maradoniana	Petrulevičius, 2020	2020	PETRULEVI_IUS_2020	TRUE						https://doi.org/10.11646/palaeoentomology.3.6.1
2802			accepted	genus	Lila Downs: We are pleased to name the new genus in honor of the Mexican singer-songwriter and Grammy Award-winner, Ana Lila Downs Sánchez, whose stage name is Lila Downs. This taxon is dedicated to her for a number of reasons, such as the fact that she was born in the vicinity of the type locality and because she incorporates several indigenous tongues from Mexico into her musical style, including Mixteco and Zapoteco (the latter of which is spoken in the type locality). Additionally, Lila Downs has not only promoted the vast cultural diversity of Mexico worldwide via her music, but also through the use of bright colors, a staple of Mexican culture, and considering that this new genus is brightly-colored, we would like to recognize her efforts through the dedication of this new genus	Liladownsia	Fontana, Mariño-Pérez, Woller & Song, 2014	2014	WOLLER_2014	FALSE	Animalia	Arthropoda	Insecta	Orthoptera	Acrididae	https://doi.org/10.11646/zootaxa.3793.4.6
2803			accepted	species	Chris Lowe: All newly described species are dedicated to recognise the artistic work of one of the most influential British pop duos, Pet Shop Boys, who always played an important role in the author's life since 1986 and inspired him in various ways." "The species carries the name of Christopher Sean Lowe, keyboardist, programmer and also occasional songwriter and singer of Pet Shop Boys. His unique musical skills, often extravagant and sometimes eccentric appearance cover a humble and deep personality, which had often influenced the image of Pet Shop Boys	Liptena chrislowei	Sáfián, 2021	2021	S_fi_n_2020	FALSE	Animalia	Arthropoda	Insecta	Lepidoptera	Lycaenidae	https://doi.org/10.53019/AnnlsMusHistNatHung.2020.112.105
2804			accepted	species	Neil Tennant: All newly described species are dedicated to recognise the artistic work of one of the most influential British pop duos, Pet Shop Boys, who always played an important role in the author's life since 1986 and inspired him in various ways." "The species carries the name of Neil Francis Tennant, songwriter and lead singer of Pet Shop Boys as a tribute to his talent and lifetime enthusiasm to music." Other species described in the same paper were named L. introspectionem, after the 1988 Pet Shop Boys album Introspective, and L. minimis, after their 2006 song "Minimal	Liptena neiltennanti	Sáfián, 2021	2021	S_fi_n_2020	FALSE	Animalia	Arthropoda	Insecta	Lepidoptera	Lycaenidae	https://doi.org/10.53019/AnnlsMusHistNatHung.2020.112.105
2805			accepted	species	Jennifer Lopez: The reason behind the unusual choice of name for the new species is simple: J-Lo's songs and videos kept the team in a continuous good mood when writing the manuscript and watching World Cup soccer	Litarachna lopezae	Pešić, Chatterjee, Alfaro & Schizas, 2014	2014	Pesic_2014	FALSE						https://doi.org/10.3897/zookeys.425.8110
2806			accepted	species	Kratt brothers: hosts and creators of Kratts' Creatures and Wild Kratts... which provide children with entertaining programming focused on animal biology presented with accurate information	Liturgusa krattorum	Svenson, 2014	2014	Svenson_2014	FALSE	Animalia	Arthropoda	Insecta	Mantodea	Liturgusidae	https://doi.org/10.3897/zookeys.390.6661
2807			accepted	genus	Locomía	Locomius	Ferratges, Artal, van Bakel & Zamora, 2025	2025	Ferratges_2025	TRUE	Animalia	Arthropoda	Malacostraca	Decapoda		https://doi.org/10.1017/jpa.2025.10145
2808			accepted	species	Joaquin Phoenix: The new species is named after the American actor, producer and animal rights activist Joaquin Phoenix in recognition of his praised portrayal of the title character in the 2019 movie "Joker" and as a reference to the male abdominal pattern of the new species, which resembles the famous facial makeup of this character	Loureedia phoenixi	Zamani & Marusik, 2020	2020	Zamani_2020aa	FALSE	Animalia	Arthropoda	Arachnida	Araneae	Eresidae	https://doi.org/10.15298/arthsel.29.2.09
2809			accepted	species	Sirindhorn: honors Her Royal Highness Princess Maha Chakri Sirindhorn, who maintains a strong interest in the biological diversity of Thailand	Loxosomatoides sirindhornae	Wood, 2005	2005	Wood_2005	FALSE	Animalia	Entoprocta		Solitaria	Pedicellinidae	https://doi.org/10.1007/s10750-004-7909-x
2810			accepted	species	Steve Irwin: The specific epithet is a patronym honouring the late Stephen Robert Irwin [...], the renowned Australian zookeeper, conservationist, television personality, and wildlife educator. His passion and dedication to wildlife education and conservation have inspired naturalists and conservationists worldwide, including the authors of this paper	Lycodon irwini	Naveen, Mirza, Choure & Chandramouli, 2025	2025	Naveen_2025	FALSE	Animalia	Chordata	Reptilia	Squamata	Colubridae	https://doi.org/10.3897/evolsyst.9.170645
2811			accepted	species	Mario Mendoza Zambrano: in honor of the Colombian writer, Mario Mendoza Zambrano, one of the greatest exponents of the new Latin-American narrative. [...] The dark colors and yellow tints of the new species evoke the magnificent black mood and colored sarcasm that is highlighted in the stories of his dark, gloomy, mysterious, and enigmatic characters. This beautiful flower fly species that inhabits the Colombian pristine forest and Páramo ecosystems was named after him in gratitude and recognition of his legacy for future generations	Lycopale mendozai	Montoya, 2024	2024	Montoya_2024	FALSE	Animalia	Arthropoda	Insecta	Diptera	Syrphidae	https://doi.org/10.37520/aemnp.2024.022
2812			accepted	species	Radiohead: in honor of the English rock band Radiohead (formed in 1985), for their extraordinary music, considered one of the most influential bands in contemporary alternative rock. Radiohead is an environmental activist band that raises awareness of climate change and socio-political issues. Their melodies were a source of inspiration and an excellent company while conducting this study	Lycopale radioheadi	Montoya, 2024	2024	Montoya_2024	FALSE	Animalia	Arthropoda	Insecta	Diptera	Syrphidae	https://doi.org/10.37520/aemnp.2024.022
2813			accepted	genus	John Lydon (aka Johnny Rotten): Named for the punk rock legend John Lydon, with whom this taxon is considered to have shared a spiky "hairstyle"	Lydonia	Pasinetti et al., 2025	2025	Pasinetti_2025	TRUE						https://doi.org/10.26879/1386
2814			accepted	species	Steve Irwin and his family: honoured in the name of Stephen Robert Irwin (also Steve Irwin), nicknamed 'The Crocodile Hunter'. The 'irwini' has also been dedicated to his entire family members Terri Irwin (Wife), Robert Irwin (Son), Bindi Irwin (Daughter), Candler Powell [sic] (Son in law) and Gracy Warrior [sic] (Grand Daughter) for being an inspiration for nature enthusiasts through multitasking role as zookeeper, conservationist, television personality and wildlife photographer. Overall, we would like to dedicate the new species to Irwin's family efforts in continuing Steve Irwin's mission of "Conservation Through Exciting Education" in Australia Zoo, Queensland	Macrobrachium irwini	Kunjulakshmi, Santos & Prakash, 2022	2022	KUNJULAKSHMI_2022	FALSE	Animalia	Arthropoda	Malacostraca	Decapoda	Palaemonidae	https://doi.org/10.11646/zootaxa.5194.3.5
2815			accepted	species	Sirindhorn: The specific name is given in honour of Her Royal Highness Princess Maha Chakri Sirindhorn, as a token of recognition of Her great interest in the study of the natural history of Thailand. Her Royal Highness graciously permitted the use of Her name for this interesting species	Macrobrachium sirindhorn	Naiyanetr, 2001	2001	Naiyanetr_2001a	FALSE	Animalia	Arthropoda	Malacostraca	Decapoda	Palaemonidae	https://doi.org/10.1163/156854001750377885
2816			accepted	species	Jonathan Rosenberg (technologist): named to honor Mr. Jonathan Rosenberg of Google for his generous perception of the potential relevance of ACG [ Área de Conservación Guanacaste, where this species was found] to biodiversity understanding of Google employees	Macrocentrus jonathanrosenbergi	Sharkey & van Achterberg, 2021	2021	Sharkey_2021	FALSE	Animalia	Arthropoda	Insecta	Hymenoptera	Braconidae	https://doi.org/10.3897/zookeys.1013.55600
2817			accepted	species	Metallica: dedicated to the U.S. thrash metal pioneers Metallica whose works accompanied and inspired the first author since teenage years. As a composite word from the Latin word for 'metal' and the New Latin suffix '-cola', meaning 'inhabiting' or 'living in', the name simultaneously refers to the species' habitat that is rich in polymetallic nodules (manganese nodules). It is meant to raise attention to the habitat of this new species which, sad but true, may be partially lost or damaged due to nodule mining in the near future potentially putting the new species under threat." The band commented on their Facebook page "First of all, stellar name Dr. Riehl. Second, what an honor! Not only did Dr. Riehn [sic] name his discovery after a band as he has been a fan since childhood, The Thing That Should Not Be has a few things in common with us. The worm-like creature dwells in complete darkness, has no eyes, and is colorless. Talk about Blackened! It also lives amongst metallic nodules containing cobalt, copper, manganese, nickel, and rare-earth elements. So it basically lives in a rock stadium? Now that's one metal crustacean! You just never know what you'll find "lurking beneath the sea."	Macrostylis metallicola	Riehl & De Smet, 2020	2020	Riehl_2020	FALSE	Animalia	Arthropoda	Malacostraca	Isopoda	Macrostylidae	https://doi.org/10.7717/peerj.8621
2818			accepted	species	Andrés Manuel López Obrador: The specific epithet honors Andrés Manuel López Obrador, a progressive politician and second time Mexican Presidential Candidate [at the time of naming; he would go on to become president], a scholar of the "deep" problems of Mexico, "El México profundo", with sound proposals for sustainable management for tropical rainforest, from where he and this tree species are native. A magnificent tree of the family Magnoliaceae is named after a magnificent philanthropic man	Magnolia lopezobradorii	A.Vázquez			FALSE	Plantae	Tracheophyta	Magnoliopsida	Magnoliales	Magnoliaceae	
2819			accepted	species	Sirindhorn: The second author gratefully acknowledges the grant received from H. R. H. Princess Maha Chakri Sirindhorn, in whose honour the new species was named	Magnolia sirindhorniae	Noot. & Chalermglin			FALSE	Plantae	Tracheophyta	Magnoliopsida	Magnoliales	Magnoliaceae	
2820			accepted	species	Malcolm Young	Maldybulakia malcolmi	Edgecombe, 1998	1998	Edgecombe_1998	TRUE						https://doi.org/10.3853/j.0067-1975.50.1998.1288
2821			accepted	species	Sachin Tendulkar: dedicated to the Indian cricketer Bharat Ratna Sachin Tendulkar, also known as the 'God of Cricket' and 'Master Blaster', for his extraordinary and unbreakable records in the game of cricket	Marengo sachintendulkar	Malamel, Prajapati, Sudhikumar & Sebastian, 2019	2019	Malamel_2019	FALSE	Animalia	Arthropoda	Arachnida	Araneae	Salticidae	https://doi.org/10.15298/arthsel.28.3.07
2822			accepted	species	Mauricio Fernández Garza: Genus and species name in honor of Mauricio Fernández Garza, who not only made the specimen accessible for scientific research, but also secures all future work in the quarry area at Vallecillo and supports public education in Earth- and biological sciences predominantly in the state of Nuevo León	Mauriciosaurus fernandezi	Frey et al., 2017	2017	Frey_2017	TRUE						https://doi.org/10.18268/BSGM2017v69n1a5
2823			accepted	species	Mark Messier	Maurotarion messieri	Adrain & Chatterton, 1995	1995		TRUE						
2824			accepted	species	Genesis Potini: This species is named in honour of the late Genesis Potini, who was a New Zealand speed chess champion from Gisborne. He was also the cofounder of the Gisborne Eastern Knights Chess Club, helping underprivileged Māori children by teaching them how to play chess	Mecodema genesispotini	Seldon & Buckley, 2019	2019	SELDON_F_L_S__2019	FALSE	Animalia	Arthropoda	Insecta	Coleoptera	Carabidae	https://doi.org/10.11646/zootaxa.4598.1.1
2825			accepted	species	Bill McKibben: in honor of William Earnest "Bill" McKibben, noted author, environmental activist, and founder of 350.org. The magnificent diversity of life on our planet depends on a stable climate, which is now under grave threat. There are solutions, but they require the wisdom, persistence, and activism that Bill McKibben exemplifies." McKibben said "I felt truly honored. I love this planet we got born onto, from the big down to the very small. To be officially connected with its great diversity – well, that means a lot.[...] I was born in California, and my father was a member of the Sierra Club back when it was mostly a hiking group, spending his weekends in the mountains and forests, so I feel some extra kinship	Megophthalmidia mckibbeni	Kerr, 2014	2014	Kerr_2014	FALSE	Animalia	Arthropoda	Insecta	Diptera	Mycetophilidae	https://doi.org/10.3897/zookeys.386.6913
2826			accepted	species	Droupadi Murmu: Since both the president and I come from the Rairangpur area of Mayurbhanj, I decided to name the species after her to honour her ascension to the high office	Melanochlamys droupadi	Tudu & Sajan, 2024	2024	Tudu_2024	FALSE	Animalia	Mollusca	Gastropoda		Aglajidae	https://doi.org/10.1080/13235818.2024.2315536
2827			accepted	species	Pif (television host): This species is friendly dedicated to Pif, nickname of Pierfrancesco Diliberto, director, radio-television host, screenwriter and actor, highly appreciated for his proximity to social and environmental problems	Melidia pif	Massa, 2022	2022	Massa_2022	FALSE	Animalia	Arthropoda	Insecta	Orthoptera	Tettigoniidae	https://doi.org/10.13133/2284-4880/725
2828			accepted	species	Arch Enemy: the Latin translation of Arch Enemy, Swedish death metal band, for producing some of the heaviest melodic death metal songs ever, and in particular for having written masterpieces such as "We will rise" and "Reason to believe"	Melusinaster arcusinimicus	Thuy & Stöhr, 2018	2018	Thuy_2018a	TRUE	Animalia	Echinodermata	Ophiuroidea	Euryalida		https://doi.org/10.1038/S41598-018-26877-5
2829			accepted	species	Robert Makłowicz: The species is named after Robert Makłowicz, who is a journalist, historian, and culinary expert that beautifully promotes European cuisine and slow food. He lives in Kraków and runs his own YouTube channel that I enjoy watching. He is also a hat lover, and the egg processes of the new species resemble a funny peaked hat that Robert would be surely eager to try on	Mesobiotus maklowiczi	Stec, 20228			FALSE	Animalia	Tardigrada	Eutardigrada	Parachela	Macrobiotidae	https://doi.org/10.6620/ZS.2022.61-85
2830			accepted	species	Janet Jackson: Named after Janet (Damita Jo) Jackson, well-known American singer, songwriter, actress, dancer and sister of the late Michael Jackson after whom the first member of this genus was named	Mesoparapylocheles janetjacksonae	Fraaije, van Bakel, Jagt & Skupien, 2020	2020	Fraaije_2020	TRUE						https://doi.org/10.5474/geologija.2020.001
2831			accepted	species	Billy Bragg	Metabowmania braggi	Adrain & Westrop, 2007	2007		TRUE	Animalia	Arthropoda	Trilobita	Aulacopleurida	Hystricuridae	
2832			accepted	species	Leonardo DiCaprio: The species is named after Leonardo DiCaprio, a popular American actor, also known for his constant commitment to the preservation and conservation of biodiversity	Metallactus dicaprioi	Sassi, 2019	2019	SASSI_2019	FALSE	Animalia	Arthropoda	Insecta	Coleoptera	Lucanidae	https://doi.org/10.11646/zootaxa.4657.2.1
2833			accepted	species	Metallica: ruler of puppets" in Greek) alludes to "the weak and mindless nature	Metallichneumon neurospastarchus	Wahl & Sime, 2002	2002		FALSE	Animalia	Arthropoda	Insecta	Hymenoptera	Ichneumonidae	
2834			accepted	species	The Lady Chablis	Millardaspis knoxi	McAdams, Adrain & Karim, 2018	2018		TRUE						
2835			accepted	species	Sirindhorn: The specific epithet is chosen to honour Her Royal Highness Princess Maha Chakri Sirindhorn of Thailand for her dedication to science and encouragement of conservation in Thailand	Millettia sirindhorniana	Mattapha, Thanant., Kaewmuan & Suddee		2022	FALSE	Plantae	Tracheophyta	Magnoliopsida	Fabales	Fabaceae	https://doi.org/10.20531/tfb.2022.50.2.09
2836			accepted	species	Sirindhorn	Mimadiestra sirindhornae	Dawwrueng, Storozhenko & Artchawakom, 2016	2016		FALSE	Animalia	Arthropoda	Insecta	Orthoptera	Rhaphidophoridae	
2837			accepted	species	Leonardo DiCaprio: This species is named in honor of Leonardo DiCaprio, for his efforts to raise awareness about global warming	Misumessus dicaprioi	Edwards, 2017	2017	Edwards_2017	FALSE	Animalia	Arthropoda	Arachnida	Araneae	Thomisidae	https://doi.org/10.1636/JoA-S-17-025.1
2838			accepted	species	Chulabhorn: The epithet is to honor HRH Princess Chulabhorn, the youngest daughter of the late King Rama IX of Thailand. Princess Chulabhorn has a strong interest in science and has initiated the establishment of the "Chulabhorn Research Institute^ principally to promote and conduct basic as well as applied scientific research of national importance for the improvement of mankind's quality of life. One of her areas of expertise is the field of "natural products", and the new species herein described might contain bioactive compounds [...], possibly leading to the discovery of new drugs	Mitrephora chulabhorniana	Damth., Aongyong & Chaowasku		Damthongdee_2019	FALSE	Plantae	Tracheophyta	Magnoliopsida	Magnoliales	Annonaceae	https://doi.org/10.1007/s12228-019-09573-0
2839			accepted	species	Sirindhorn: Named after Her Royal Highness Maha Chakri Sirindhorn, in honour of her project on plant germplasm conservation in Thailand	Mitrephora sirindhorniae	Chalermglin, Leerat. & R.M.K.Saunders		Leeratiwong_2023	FALSE	Plantae	Tracheophyta	Magnoliopsida	Magnoliales	Annonaceae	https://doi.org/10.3897/phytokeys.218.91582
2840			accepted	species	Stacey Thomson: in honour of television presenter, Ranger Stacey Thomson, whose endless enthusiasm no doubt infected many children to pay attention to nature and was much appreciated by parents and teachers	Miturgopelma rangerstaceyae	Raven, 2023	2023	RAVEN_2023	FALSE	Animalia	Arthropoda	Arachnida	Araneae	Miturgidae	https://doi.org/10.11646/zootaxa.5358.1.1
2841			accepted	species	Tomas Haake: honours Tomas Haake, Swedish drummer of metal band Meshuggah, representing a derived form of heavy metal music	Muldaster haakei	Thuy, Eriksson & Numberger-Thuy, 2022	2022	Thuy_2022	TRUE	Animalia	Echinodermata	Ophiuroidea			https://doi.org/10.1038/s42003-021-02971-9
2842			accepted	species	Iriana Joko Widodo: to recognise her keen interest in Indonesia's birdlife and her valuable stewardship and advocacy for Indonesia's natural environments	Myzomela irianawidodoae	Prawiradilaga et al., 2017	2017	Prawiradilaga_2025	FALSE	Animalia	Chordata	Aves	Passeriformes	Meliphagidae	https://doi.org/10.14203/treubia.v44i0.3414
2843			accepted	species	Clint McElroy, Justin McElroy, Travis McElroy and Griffin McElroy: This species is named for Clint, Justin, Travis, and Griffin McElroy from Huntington, West Virginia, who provided endless hours of emotional support [...] during field collections through their podcasts, The Adventure Zone and My Brother, My Brother, and Me	Nannaria mcelroyorum	Hennen, Means & Marek, 2021	2021	Means_2021	FALSE	Animalia	Arthropoda	Diplopoda			https://doi.org/10.3897/zookeys.1030.62544
2844			accepted	genus	Neil Peart: named after the outstanding Canadian musician and writer Neil Ellwood Peart who on January 7, 2020	Neilpeartia	Carnevale et al., 2020	2020	Carnevale_2020	TRUE						https://doi.org/10.1080/02724634.2020.1778711
2845			accepted	species	Gojira (band): honors the French metal band Gojira, in recognition of their altruistic activism for the conservation of nature, as well as for supporting the rights of ancestral indigenous peoples living across Amazonia. Through their lyrics the band promotes an increasing awareness of our paramount, nonetheless usually neglected, biological diversity	Neoponera gojira	Troya & Lattke, 2022	2022	Troya_2022	FALSE	Animalia	Arthropoda	Insecta	Hymenoptera	Formicidae	https://doi.org/10.1163/1876312X-bja10034
2846			accepted	species	Chi Po-lin: dedicated to the memory of Mr. Chi Po-Lin (27 December 1964–10 June 2017) aerial photographer and documentary film director who made an immense contribution to environmental protection in Taiwan	Neorhynchoplax chipolini	Hsueh, 2018	2018	HSUEH_2018	FALSE	Animalia	Arthropoda	Malacostraca	Decapoda	Hymenosomatidae	https://doi.org/10.11646/zootaxa.4464.3.2
2847			accepted	species	Philippe of Belgium: Named in honour of the seventh king of Belgium: Philippe Léopold Louis Marie de Belgique for his enthronement	Nervellius philippus	Braet, 2014	2014		FALSE	Animalia	Arthropoda	Insecta	Hymenoptera	Braconidae	
2848			accepted	species	N. K. Jemisin: in honor of N. K. Jemisin whose 'Broken Earth' book series features a subterranean colony, including scientists who study caves	Nesticus jemisinae	Hedin & Milne, 2023	2023	Hedin_2023	FALSE	Animalia	Arthropoda	Arachnida	Araneae	Nesticidae	https://doi.org/10.3897/zookeys.1145.96724
2849			accepted	genus	Barack Obama: In honour of President Barack Obama for his passion for science and the likeness of fossil morphology to his ears	Obamus	Dzaugis et al., 2018	2018	Dzaugis_2018	TRUE						https://doi.org/10.1080/08120099.2018.1479306
2850			accepted	species	Gareth Farr: named after Gareth Farr, acclaimed New Zealand percussionist and composer integrating non-European music styles including Maori music into Western classical music resulting in the most fascinating and colorful synthesis of different musical expressions. His alter ego, the drag queen Lilith LaCroix, is also colorful	Obtusopyrgus farri	Verhaegen & Haase, 2021	2021	Verhaegen_2021	FALSE	Animalia	Mollusca	Gastropoda	Littorinimorpha	Tateidae	https://doi.org/10.5852/ejt.2021.731.1205
2851			accepted	species	Buddy Wasisname	Oenonella wasisnamei	Adrain & Fortey, 2022	2022	Adrain_2022	TRUE	Animalia	Arthropoda	Trilobita	Proetida	Brachymetopidae	https://doi.org/10.1017/jpa.2022.22
2852			accepted	species	The Other Fellers	Oenonella otherfellersorum	Adrain & Fortey, 2022	2022	Adrain_2022	TRUE	Animalia	Arthropoda	Trilobita	Proetida	Brachymetopidae	https://doi.org/10.1017/jpa.2022.22
2853			accepted	species	Alux Nahual: "Alux" is a Mayan term meaning "spirit". The specific name honors the Guatemalan rock band Alux Nahual. While on tour in Honduras with the band, Schuster [the lead author, who was also a band member] found various passalids, some new to science	Ogyges aluxi	Schuster, Cano & Boucher, 2005	2005	Schuster_2005	FALSE	Animalia	Arthropoda	Insecta	Coleoptera	Passalidae	https://doi.org/10.21829/azm.2005.2121990
2854			accepted	species	Rigoberta Menchú: Named in honor of the Nobel Prize winner, Dr. Rigoberta Menchú, who was born in Laj Chimel	Ogyges menchuae	Cano, 2014	2014	CANO_2014	FALSE	Animalia	Arthropoda	Insecta	Coleoptera	Passalidae	https://doi.org/10.11646/zootaxa.3889.4.1
2855			accepted	species	Alux Nahual: "Nahual" is a Mayan term for a spirit that each person has within himself [sic] (the alter ego), usually in the form of an animal, a "duende" in Spanish. This name was chosen to honor the Guatemalan rock band Alux Nahual. During concert tours, Schuster [the lead author, who was also a band member] was able to collect passalids in Honduras and other Central American countries and to examine collections of passalids	Ogyges nahuali	Schuster, Cano & Boucher, 2005	2005		FALSE	Animalia	Arthropoda	Insecta	Coleoptera	Passalidae	
2856			accepted	species	Akira Toriyama: Named after Akira Toriyama, the Japanese artist creator of the manga and anime series Dragon Ball	Ogyges toriyamai	Cano, 2014	2014		FALSE	Animalia	Arthropoda	Insecta	Coleoptera	Passalidae	
2857			accepted	species	Sirindhorn: We humbly dedicate this species to Her Royal Highness, The Princess Maha Chakri Sirindhorn of Thailand, in recognition of her continuing support of nature conservation and as a mark of personal admiration by the authors	Oligoaeschna sirindhornae	Ngiam & Orr, 2017	2017	NGIAM_2017	FALSE	Animalia	Arthropoda	Insecta	Odonata	Aeshnidae	https://doi.org/10.11646/zootaxa.4353.1.13
2858			accepted	species	Ian Curtis: named after the late British musician and composer Ian Curtis in honour of his music, which was an excellent companion during long hours at the microscope while analysing the fossil specimens	Oligopseudamia iancurtisi	Marramà, Giusberti & Carnevale, 2022	2022	MARRAMA__2022	TRUE						https://doi.org/10.54103/2039-4942/16601
2859			accepted	species	Hannes Jaenicke: This species is dedicated to the German actor and environmental campaigner Hannes Jaenicke for his activities about and documentaries on threatened animal species and for raising general awareness in the public on such topics. Also for his dedication to the Senckenberg Research Society	Olios jaenicke	Jäger, 2012	2012	J_GER_2012	FALSE	Animalia	Arthropoda	Arachnida	Araneae	Sparassidae	https://doi.org/10.11646/zootaxa.3228.1.3
2860			accepted	species	Zuzana Čaputová: honouring Zuzana Čaputová, the Slovak President. As a female leader, she expresses clear attitudes and supports women as well as scientists	Olpium caputi	Krajčovičová & Christophoryová, 2024	2024	Kraj_ovi_ov__2024	FALSE	Animalia	Arthropoda	Arachnida	Pseudoscorpiones	Olpiidae	https://doi.org/10.3897/zookeys.1192.111308
2861			accepted	species	RuPaul: in honour of the drag superstar RuPaul Charles who is known to wear extravagant outfits that resemble this species." The lead author told the press "I'd been watching a lot of RuPaul's Drag Race when I was examining the specimen under the microscope, so it was on my mind!" And I really wanted to give this group of flies a memorable name because it needs the attention – the first specimen of this RuPaul fly was collected over a hundred years ago and sat neglected in a museum collection until someone with the knowledge of that group came along to name and document them." He also said that naming the fly after RuPaul came as an "obvious decision" because "It has a costume of shiny metallic rainbow colours, and it has legs for days	Opaluma rupaul	Lessard & Woodley, 2020	2020	Lessard_2020	FALSE	Animalia	Arthropoda	Insecta	Diptera	Stratiomyidae	https://doi.org/10.1111/aen.12485
2862			accepted	species	Don McGlashan	Ophelosia mcglashani	Berry, 1995	1995		FALSE	Animalia	Arthropoda	Insecta	Hymenoptera	Moranilidae	
2863			accepted	species	Guillermo del Toro: in honour of Guillermo Del Toro, a Mexican filmmaker born in the Jalisco state, famous for his fantastic movie characters	Ophiocordyceps deltoroi	Ballest.-Aguirre, Sanjuan & Guzm.-Dáv. (2025)	2025	Ballesteros_Aguirre_2025	FALSE	Fungi	Ascomycota	Sordariomycetes		Ophiocordycipitaceae	https://doi.org/10.3114/persoonia.2025.55.06
2864			accepted	genus	Gojira (band): named in honour of French metal band Gojira, for producing songs of an unfathomable intensity, beautifully dark and heavy, and exploring the abyss of life and death, of human strength and error, and of thriving and yet threatened oceans	Ophiogojira	Thuy, Numberger-Thuy & Pineda-Enríquez, 2021	2021	Thuy_2021	TRUE	Animalia	Echinodermata	Ophiuroidea	Ophiurida		https://doi.org/10.1098/rsos.210643
2865			accepted	species	Jean-Michel Labadie	Ophiogojira labadiei	Thuy, Numberger-Thuy & Pineda-Enríquez, 2021	2021	Thuy_2021	TRUE	Animalia	Echinodermata	Ophiuroidea	Ophiurida		https://doi.org/10.1098/rsos.210643
2866			accepted	species	Paul Watson: named in honour of Paul Watson, founder of the Sea Shepherd Conservation Society, in admiring recognition of his relentless commitment to the protection of marine wildlife	Ophioleviathan watsoni	Thuy, 2013	2013		TRUE	Animalia	Echinodermata	Ophiuroidea	Ophiacanthida	Ophiacanthidae	
2867			accepted	species	Joel McIver: named after prolific British author and music journalist, Joel McIver, for his unique ability to convey the cultural importance and impact of music	Ophiolofsson joelmciveri	Thuy, Eriksson, Kutscher & Numberger-Thuy, 2024	2024	Thuy_2024	TRUE	Animalia	Echinodermata	Ophiuroidea			https://doi.org/10.5852/ejt.2024.947.2631
2868			accepted	species	Obituary (band): named after American death metal pioneers, Obituary, who were fundamental in developing the death metal genre, and appropriately, O. obituary gen. et sp. nov. represents a basal species in the Ophiolofsson lineage	Ophiolofsson obituary	Thuy, Eriksson, Kutscher & Numberger-Thuy, 2024	2024	Thuy_2024	TRUE	Animalia	Echinodermata	Ophiuroidea			https://doi.org/10.5852/ejt.2024.947.2631
2869			accepted	species	Immolation (band): named after legendary American death metal band, Immolation, who came onto the scene slightly later than the above-mentioned Obituary	Ophiolofsson immolation	Thuy, Eriksson, Kutscher & Numberger-Thuy, 2024	2024	Thuy_2024	TRUE	Animalia	Echinodermata	Ophiuroidea			https://doi.org/10.5852/ejt.2024.947.2631
2870			accepted	species	Steven Wilson: named in honour of British musician Steven Wilson, one of the contemporaneous masters of originality and creativity, whose music often taught me how to let ideas develop and materialise	Ophiomalleus stevenwilsoni	Thuy, 2013	2013		TRUE	Animalia	Echinodermata	Ophiuroidea	Ophiacanthida	Ophiacanthidae	
2871			accepted	species	Doro: named after heavy metal singer Dorothee Pesch, also known as 'Doro', to honor her commitment, musical career and role as a pioneer and gate opener for female vocalists in metal music	Ophiopetagno doro	Thuy, Eriksson, Kutscher & Numberger-Thuy, 2024	2024		TRUE	Animalia	Echinodermata	Ophiuroidea			
2872			accepted	species	David Tennant: Species named in honour of Scottish actor David Tennant, for his performance as the tenth incarnation of The Doctor in the science fiction series Doctor Who, bringing us inspiration during moments of frustration while writing the present paper." The genus Ophiotardis, created concurrently, was "formed as a combination of óphis, Greek for serpent, a commonly used prefix in ophiuroid genus names, and TARDIS, acronym for "Time And Relative Dimension In Space", the time machine and spacecraft used by Dr Who	Ophiotardis tennanti	Thuy & Numberger-Thuy, 2021	2021	Thuy_2021a	TRUE	Animalia	Echinodermata	Ophiuroidea	Ophiurida	Ophiopyrgidae	https://doi.org/10.1144/SP514-2021-3
2873			accepted	species	Tankard: named in honor of German thrash metal band Tankard, to celebrate their loyal and consistent connection to their fan base	Ophiura tankardi	Thuy, Nungesser & Numberger-Thuy, 2022	2022	Thuy_2022a	TRUE	Animalia	Echinodermata	Ophiuroidea	Ophiurida	Ophiuridae	https://doi.org/10.3390/taxonomy2020015
2874			accepted	species	Ani DiFranco: I have admired Ani DiFranco for about 10 years," Herreid said. "I like her music and I think she is a great role model	Orasema difrancoae	Herreid & Heraty, 2008	2008	HERREID_2017	FALSE	Animalia	Arthropoda	Insecta	Hymenoptera	Eucharitidae	https://doi.org/10.1111/syen.12206
2875			accepted	species	Mayhem (band): The species is named in honour to the Norwegian Black Metal band from Oslo, Mayhem, one of the bands that most contributed to the development of the Norwegian Black Metal in the 90s. [The lead author] was listening to their music to endure the darkest hours in the lab	Orbiniella mayhemi	Meca & Budaeva, 2024	2024	Meca_2024	FALSE	Animalia	Annelida	Polychaeta			https://doi.org/10.3897/zookeys.1205.120300
2876			accepted	species	Tim Burton: in honor of the American filmmaker and animator Timothy Walter Burton. Tim Burton's excellent films fired the first author's imagination while he was a child. His films have a gothic and dark nature, reminiscent of the dark coloration in female of the new species	Orcevia timburtoni	Yu, Maddison & Zhang, 2023	2023	YU_2023	FALSE	Animalia	Arthropoda	Arachnida	Araneae	Salticidae	https://doi.org/10.11646/zootaxa.5384.1.1
2877			accepted	species	Zubeen Garg: named after the heartthrob of Assam, the late legendary singer, lyricist, film maker, actor, poet, nature lover Zubeen Garg, Hon. D. Litt., for his outstanding contribution to the Assamese culture as well for the conservation of nature	Osbeckia zubeengargiana	Barn.Das & N.Nath		DAS_2026	FALSE	Plantae	Tracheophyta	Magnoliopsida	Myrtales	Melastomataceae	https://doi.org/10.11646/phytotaxa.747.1.1
2878			accepted	species	Barack Obama	Osbornellus obamai	Domínguez & Godoy, 2010	2010	DOM_NGUEZ_2010	FALSE	Animalia	Arthropoda	Insecta	Hemiptera	Cicadellidae	https://doi.org/10.11646/zootaxa.2702.1.1
2879			accepted	species	Steve Backshall: The specific epithet is a patronym in honor of the explorer and television presenter Steve Backshall, of London, UK. He has raised awareness of nature around the world and has, through his patronage of the World Land Trust, contributed directly to the conservation of the Corredor de Conectividad Llanganates-Sangay, the habitat of this particular species and many others	Osornophryne backshalli	Reyes-Puig et al., 2025	2025	Reyes_Puig_2025	FALSE	Animalia	Chordata	Amphibia	Anura	Bufonidae	https://doi.org/10.7717/peerj.19760
2880			accepted	species	Jeff Beukeboom	Otarion beukeboomi	Adrain & Chatterton, 1994	1994	Adrain_1994a	TRUE	Animalia	Arthropoda	Trilobita	Proetida	Aulacopleuridae	https://doi.org/10.1017/S0022336000022903
2881			accepted	species	Charlie Huddy	Otarion huddyi	Adrain & Chatterton, 1994	1994	Adrain_1994a	TRUE	Animalia	Arthropoda	Trilobita	Proetida	Aulacopleuridae	https://doi.org/10.1017/S0022336000022903
2882			accepted	species	Pat Comben: for Pat Comben, Minister for the Environment and Heritage (1989–1992), in recognition of his efforts to ensure national parks of Queensland, like the type locality, Forty Mile Scrub National Park, are representative of the biodiversity of the state	Ozicrypta combeni	Raven & Churchill, 1994	1994		FALSE	Animalia	Arthropoda	Arachnida	Araneae	Barychelidae	
2883			accepted	species	Jakob Ejersbo	Palmnickeneoceras ejersboi	Fanti & Damgaard, 2018	2018		TRUE						
2884			accepted	species	Mikael Åkerfeldt	Parakoldinioidia akerfeldti	Westrop & Adrain, 2014	2014		TRUE	Animalia	Arthropoda	Trilobita		Missisquoiidae	
2885			accepted	species	Fredrik Åkesson	Parakoldinioidia akessoni	Westrop & Adrain, 2014	2014		TRUE	Animalia	Arthropoda	Trilobita		Missisquoiidae	
2886			accepted	species	Peter Lindgren	Parakoldinioidia lindgreni	Westrop & Adrain, 2014	2014		TRUE	Animalia	Arthropoda	Trilobita		Missisquoiidae	
2887			accepted	species	Pearl Jam: Named to celebrate the 20th anniversary of Pearl Jam	Paramaka pearljam	Mariano, 2011	2011	MARIANO_2011	FALSE	Animalia	Arthropoda	Insecta	Ephemeroptera	Leptophlebiidae	https://doi.org/10.11646/zootaxa.3038.1.3
2888			accepted	species	Drago Vabec: This species is dedicated to the Yugoslav football player Drago Vabec, legend of the "Stade Brestois" Football Club from 1979 to 1983. This species name was proposed by Jacques Grall (IUEM laboratory—Brest), who collected the type material and who is a great fan of both this club and this player	Paramphitrite dragovabeci	Lavesque, Daffe, Londoño-Mesa & Hutchings, 2021	2021		FALSE	Animalia	Annelida	Polychaeta		Terebellidae	
2889			accepted	species	Dan Aykroyd: Named after Dan Aykroyd in honor of his shenanigans as Beldar the Conehead	Paraphlegopteryx aykroydi	Weaver, III, 1999	1999		FALSE	Animalia	Arthropoda	Insecta	Trichoptera	Lepidostomatidae	
2890			accepted	species	Frans Lanting: The first author and Rainforest Expeditions SAC, which support the project "Discovery new species" in Tambopata would like to dedicate the discovery of this new species to Frans Lanting, whom with wife Christine Eckstrom were key players in raising awareness and establishing the international standing of Tambopata so that it became known in every corner of the world	Parascepsis lantingi	Grados, 2020	2020	GRADOS_2020	FALSE	Animalia	Arthropoda	Insecta	Lepidoptera	Erebidae	https://doi.org/10.11646/zootaxa.4868.2.3
2891			accepted	genus	Jaco Pastorius	Pastorius	Carnevale & Johnson, 2015	2015	Carnevale_2015	TRUE						https://doi.org/10.1643/CI-15-236
2892			accepted	species	Pat Metheny	Pastorius methenyi	Carnevale & Johnson, 2015	2015	Carnevale_2015	TRUE						https://doi.org/10.1643/CI-15-236
2893			accepted	species	Fungus	Penicillium maximae	Visagie, Houbraken & Samson, 2013	2013	Visagie_2013	FALSE	Fungi	Ascomycota	Eurotiomycetes	Eurotiales	Aspergillaceae	https://doi.org/10.3767/003158513X667410
2894			accepted	species	Fungus: named, in reference to the orange (Dutch=oranje) coloured colonies produced by this species, after Willem-Alexander Claus George Ferdinand, 'Zijne Koninklijke Hoogheid de Prins van Oranje' (translated from Dutch as: 'His Royal Highness the Prince of Orange') and the new King of the Netherlands upon the retirement of Queen Beatrix on 30 April 2013	Penicillium vanoranjei	Visagie, Houbraken & Samson, 2013	2013	Visagie_2013	FALSE	Fungi	Ascomycota	Eurotiomycetes	Eurotiales	Aspergillaceae	https://doi.org/10.3767/003158513X667410
2895			accepted	species	Sirindhorn: Her Royal Highness Princess Maha Chakri Sirindhorn Mahidol who initiated the Plant Genetic Conservation Project to develop the personnel and plant genetics resources for the maintenance of plant varieties, and for the development to be advantageous for farmers and the business sector of Thailand	Peperomia sirindhorniana	Suwanph. & Chantar.		Suwanphakdee_2016	FALSE	Plantae	Tracheophyta	Magnoliopsida	Piperales	Piperaceae	https://doi.org/10.1007/s12225-016-9662-5
2896			accepted	species	Amy Ray: in honor of Amy Ray of the long-time musical duo, Indigo Girls. Together with Emily Saliers, Amy has been an indefatigable advocate for environmental protection and social justice. She (along with Emily and Winona LaDuke) co-founded the non-profit organization Honor the Earth, which works to promote education and raise awareness of environmental issues impacting indigenous communities. For numerous years, Amy has campaigned to help end nuclear waste dumping on Native American reservations and, together with Emily, has long integrated activism into her tours. [...] Her songs have kept us company over many years spent understanding and describing lichen biodiversity; they have furthermore inspired much of our own scientific activism to help end repressive behaviors by governments and industries that do not serve the interests of our ecosystems nor human livelihood. This new species reminds us of Amy because its yellow isidia are radiant and full of life. It's UV+ orange reaction further reminds us that it is rather dynamic on the inside, too	Pertusaria rayana	E. Tripp & J. Watts			FALSE	Fungi	Ascomycota	Lecanoromycetes	Pertusariales	Pertusariaceae	
2897			accepted	species	Franklin Chang Díaz	Phanaeus changdiazi	Kohlmann & Solís-Blanco, 2001	2001		FALSE	Animalia	Arthropoda	Insecta	Coleoptera	Scarabaeidae	
2898			accepted	species	Barack Obama and Michelle Obama: named after Barack Hussein Obama II, the 44th president of the United States, born in Honolulu, Hawaii, and his wife, First Lady Michelle LaVaughn Robinson Obama. They [...] have continued to support nature conservation efforts in Hawaii	Philodoria obamaorum	Kobayashi, Johns & Kawahara, 2021	2021	KOBAYASHI_2021	FALSE	Animalia	Arthropoda	Insecta	Lepidoptera	Gracillariidae	https://doi.org/10.11646/zootaxa.4944.1.1
2899			accepted	species	Marina Silva: Named in honor of senator Marina Silva, the former [[Ministry of the Environment (Brazil)|Minister of [the] Environment of Brazil]] in recognition for her outstanding contribution to the protection of the Amazonian forest, especially that of the state of Acre	Philogenia marinasilva	Machado, 2010	2010		FALSE	Animalia	Arthropoda	Insecta	Odonata	Philogeniidae	
2900			accepted	species	Angèle Rawiri	Pholcus rawiriae	Huber, 2014	2014	Huber_2014	FALSE	Animalia	Arthropoda	Arachnida	Araneae	Pholcidae	https://doi.org/10.5852/ejt.2014.81
2901			accepted	species	Guillermo del Toro: in honor of Guillermo del Toro, a prominent Jalisco-born filmmaker and director	Photinus guillermodeltoroi	Zaragoza-Caballero & Rodríguez-Mirón, 2023	2023	Zaragoza_Caballero_2023	FALSE	Animalia	Arthropoda	Insecta	Coleoptera	Lampyridae	https://doi.org/10.22201/ib.20078706e.2023.94.5028
2902			accepted	species	Sirindhorn	Phricotelphusa sirindhorn	Naiyanetr, 1989	1989		FALSE	Animalia	Arthropoda	Malacostraca	Decapoda	Gecarcinucidae	
2903			accepted	species	Till Lindemann	Phrurolithus lindemanni	Marusik, Omelko & Koponen, 2020	2020	MARUSIK_2020	FALSE	Animalia	Arthropoda	Arachnida	Araneae	Phrurolithidae	https://doi.org/10.11646/zootaxa.4899.1.13
2904			accepted	species	Sirindhorn: In honour of Her Royal Highness Princess Maha Chakri Sirindhorn, Princess of Thailand, who has repeatedly demonstrated her great interest for the palaeontological riches of her country	Phuwiangosaurus sirindhornae	Martin, Buffetaut & Suteethorn, 1994	1994		TRUE						
2905			accepted	species	Leonardo DiCaprio: is a patronym honouring Leonardo DiCaprio, actor, film producer, and conservationist. He has voiced his support for several conservation initiatives in Ecuador; and in 2021, he pledged funds for the conservation and ecosystem restoration of the Galapagos Islands, Ecuador	Phyllonastes dicaprioi	Ortega et al., 2025	2025	Ortega_2024	FALSE	Animalia	Chordata	Amphibia	Anura	Strabomantidae	https://doi.org/10.1093/zoolinnean/zlae162
2906			accepted	species	Cristina Fernández de Kirchner: dedicated to the ex-Presidenta [sic] and current Vice Presidenta [sic] of Argentina, Cristina Elisabet Fernández de Kirchner, in recognition of her extraordinary contributions to the improvement of the educative [sic] and scientific systems in this country, including the creation of the Ministery of "Ciencia, Tecnologıa e Innovación Productiva" [sic], more than 1800 schools and 15 universities with free public access, ARSAT (Empresa Argentina de Soluciones Satelitales, Sociedad Anónima), INVAP (Instituto de Investigaciones Aplicadas), and a significant increase in the national budget for science	Physalaemus cristinae	Cardozo et al., 2023	2023	Cardozo_2023	FALSE	Animalia	Chordata	Amphibia	Anura	Leptodactylidae	https://doi.org/10.1655/HERPMONOGRAPHS-D-22-00003
2907			accepted	species	Chulabhorn: The species epithet honours Her Royal Highness Princess Chulabhorn for her valuable scientific works	Physoschistura chulabhornae	Suvarnaraksha, 2013	2013	SUVARNARAKSHA_2013	FALSE	Animalia	Chordata	Teleostei	Cypriniformes	Nemacheilidae	https://doi.org/10.11646/zootaxa.3736.3.2
2908			accepted	species	Tim Burton: The ovuliferous scale, when viewed in transverse section, seems a demonstrable case of "life imitating art."	Picea burtonii	Klymiuk & Stockey, 2012	2012	Klymiuk_2012	TRUE	Plantae	Tracheophyta	Pinopsida	Pinales	Pinaceae	https://doi.org/10.3732/ajb.1100568
2909			accepted	species	Gary Larson: dedicated to Gary Larson whose The Far Side cartoons have brought much laughter to me and many other entomologists	Pison larsoni	Menke, 1988	1988		FALSE	Animalia	Arthropoda	Insecta	Hymenoptera	Crabronidae	
2910			accepted	species	Miossec: This species is dedicated to the famous Brest singer Christophe Miossec, whose music has accompanied [the lead author] for 25 years, especially when writing	Pista miosseci	Lavesque, Daffe, Londoño-Mesa & Hutchings, 2021	2021		FALSE	Animalia	Annelida	Polychaeta		Terebellidae	
2911			accepted	species	Barack Obama: This species is named in honor of the 44th President of the United States of America, Barack Hussein Obama, born in the State of Hawaii, where the holotype of this species was collected. With this name, we would like to recognize President Obama for his efforts to reduce carbon emissions globally and lessen the effects of climate change, as well as for his Proclamation on August 26, 2016 that dramatically expanded the Papahānaumokuākea Marine National Monument, in order to preserve this culturally and ecologically important region for future generations	Placida barackobamai	McCarthy, Krug & Valdés, 2010	2010	McCarthy_2017	FALSE	Animalia	Mollusca	Gastropoda		Limapontiidae	https://doi.org/10.1007/s12526-017-0812-2
2912			accepted	species	The Tragically Hip	Platycoelia hiporum	Smith, 2003	2003		FALSE	Animalia	Arthropoda	Insecta	Coleoptera	Scarabaeidae	
2913			accepted	species	Monisha Behal and Rita Banerji: Named in honor of Monisha "Ben" Behal (founder, North East Network), and Rita Banerji (founder, Green Hub) for their pioneering work across two decades. Both women have been empowering and training the youth of northeast India to become change-makers, working towards creating ecological security, sustainable livelihoods, and social change. The species epithet is the feminine genitive plural created from combining the two names Ben and Rita	Platygomphus benritarum	Joshi & Mital, 2022	2022	Joshi_2022	FALSE	Animalia	Arthropoda	Insecta	Odonata	Gomphidae	https://doi.org/10.48156/1388.2022.1917172
2914			accepted	species	Chris Rea: The species is named after Christopher Anton (Chris) Rea, British rock and blues singer-songwriter and guitarist. The songs of Chris Rea accompanied us in the mountains and deserts for over two decades of expeditions and always brought us luck	Plebejus chrisreai	Churkin, Kolesnichenko & Yakovlev, 2019	2019	CHURKIN_2019	FALSE	Animalia	Arthropoda	Insecta	Lepidoptera	Lycaenidae	https://doi.org/10.11646/zootaxa.4695.1.3
2915			accepted	species	Anneke van Giersbergen	Plega vangiersbergenae	Ardila-Camacho, 2024	2024	Ardila_Camacho_2024	FALSE	Animalia	Arthropoda	Insecta	Neuroptera	Mantispidae	https://doi.org/10.3897/zookeys.1199.115442
2916			accepted	species	James Cameron: The species is named after director and deep-sea explorer James Francis Cameron, to honour his landmark dive into the Mariana Trench on 24 March 2012 onboard the Deepsea Challenger, the third man ever to dive to such depths. His films on deep-sea and extra-terrestrial worlds have also been an inspiration to explorers everywhere	Pleisticanthoides cameroni	Ng & Richer de Forges, 2012	2012	NG_2012	FALSE	Animalia	Arthropoda	Malacostraca	Decapoda	Oregoniidae	https://doi.org/10.11646/zootaxa.3551.1.5
2917			accepted	species	Gustavo Petro: In honor of Gustavo Francisco Petro Urrego, President of the Republic of Colombia (2022–2026), in commemoration of his political career; winner of the Letelier-Moffitt Human Rights Award (2007); tireless supporter of social causes and interest in caring for the environment and mitigating climate change	Pleurothallis petroana	Sierra-Ariza		Sierra_Ariza_2023	FALSE	Plantae	Tracheophyta	Liliopsida	Asparagales	Orchidaceae	https://doi.org/10.15517/lank.v23i1.54321
2918			accepted	species	Sirindhorn	Pleurotus sirindhorniae	Suwannarach et al., 2020	2020	SUWANNARACH_2020	FALSE	Fungi	Basidiomycota	Agaricomycetes	Agaricales	Pleurotaceae	https://doi.org/10.11646/phytotaxa.460.4.6
2919			accepted	species	Chulabhorn: With kind permission from the Office of Her Royal Highness' Personal Affairs Division the species name honors Princess Chulabhorn, a tireless and effective supporter of scientific endeavors in Thailand	Plumatella chulabhornae	Wood, 2006	2006	WOOD_2006	FALSE	Animalia	Bryozoa	Phylactolaemata	Plumatellida	Plumatellidae	https://doi.org/10.58837/tnh.6.2.102927
2920			accepted	species	Mike Mills: At the request of the original collector, Jan Borovička, this species is dedicated to Michael "Mike" Edward Mills, bassist, pianist, and background vocalist of the band R.E.M. Mike is considered R.E.M.'s little genius, and we describe this little American Pluteus in his honor	Pluteus millsii	Justo et al. (2023)	2023	_ev_kov__2023	FALSE	Fungi	Basidiomycota	Agaricomycetes	Agaricales	Pluteaceae	https://doi.org/10.3390/jof9090898
2921			accepted	species	Zbigniew Preisner	Poecilipta zbigniewi	Raven, 2015	2015	RAVEN_2015	FALSE	Animalia	Arthropoda	Arachnida	Araneae	Corinnidae	https://doi.org/10.11646/zootaxa.3958.1.1
2922			accepted	species	Anastacia	Polystachya anastacialynae	Eb.Fisch., Killmann, J.-P.Lebel & Delep.			FALSE	Plantae	Tracheophyta	Liliopsida	Asparagales	Orchidaceae	
2923			accepted	species	Maciej Zieliński: dedicated to the top Polish basketball player, Maciej Zieliński	Pomphus zielinskii	Kania, 2001	2001		FALSE	Animalia	Arthropoda	Insecta	Coleoptera	Curculionidae	
2924			accepted	species	Richie Sambora: The epithet is a tribute to Richard Stephen "Richie" Sambora [...] an American rock star, producer, musician, singer and songwriter whose contribution to music over the last decades has been prodigious and unique. While this may be an unusual tribute, his songs were the soundtrack while performing the fieldwork where the new species was gathered	Pouteria samborae	Alves-Araújo & Mônico		Alves_Ara_jo_2017	FALSE	Plantae	Tracheophyta	Magnoliopsida	Ericales	Sapotaceae	https://doi.org/10.1600/036364417X695501
2925			accepted	species	John McTiernan: is a contraction of "Predator Oonops," taken from the science-fiction action movie Predator. The name refers the fact that all species show the frontal area of the male chelicerae with modified structures that resemble the face of the Predator character [...]. It is also a homage to the 25th anniversary of this blockbuster success	Predatoroonops mctiernani	Brescovit et al., 2012	2012	Brescovit_2012	FALSE	Animalia	Arthropoda	Arachnida	Araneae	Oonopidae	https://doi.org/10.1206/766.1
2926			accepted	species	Kevin Peter Hall	Predatoroonops peterhalli	Brescovit et al., 2012	2012	Brescovit_2012	FALSE	Animalia	Arthropoda	Arachnida	Araneae	Oonopidae	https://doi.org/10.1206/766.1
2927			accepted	species	James Cameron: honouring the Canadian film director, producer, environmentalist and explorer Mr. James F. Cameron in recognition of his efforts to alert the general public to environmental problems through pioneering high quality "blockbuster" movies and adventurous documentaries. James Cameron also encourages people to go vegan (a diet excluding animal products), one of the effective ways to reduce human environmental impacts such as global climate change, identified as a serious threat to tepuis ecosystems	Pristimantis jamescameroni	Kok, 2013	2013	Kok_2013	FALSE	Animalia	Chordata	Amphibia	Anura	Strabomantidae	https://doi.org/10.5852/ejt.2013.60
2928			accepted	species	Apetor: We dedicate this species to the memory of Tor Eckhoff (1964–2021) aka Apetor. His YouTube videos are still teaching us (related in spirit) how to find happiness in simple things, about the joy of life, and respect and love of Nature	Protonemura apetor	Murányi, Kovács, Vinçon & Manko, 2023	2023	MUR_NYI_2023	FALSE	Animalia	Arthropoda	Insecta	Plecoptera	Nemouridae	https://doi.org/10.11646/zoosymposia.24.1.17
2929			accepted	species	System of a Down: We dedicate this species to the Armenian-American metal band System of a Down (a.k.a. SoaD). Science should recognize the single most potent element of human existence; biodiversity studies should help to save our Mother Earth	Protonemura soad	Murányi, Manko, Kovács & Vinçon, 2023	2023	MUR_NYI_2023	FALSE	Animalia	Arthropoda	Insecta	Plecoptera	Nemouridae	https://doi.org/10.11646/zoosymposia.24.1.17
2930			accepted	species	Christiana Figueres: for her persistent interest in ACG survival since the early 1990s, and up through her ... efforts to get the world to reverse its climate change	Pseudapanteles christianafigueresae	Fernández-Triana & Whitfield, 2014	2014	Fernandez_Triana_2014	FALSE	Animalia	Arthropoda	Insecta	Hymenoptera	Braconidae	https://doi.org/10.3897/zookeys.446.8195
2931			accepted	species	Jorge Rodríguez: who ... helped ACG forge new paths of self-support through Environmental Service Payments	Pseudapanteles jorgerodriguezi	Fernández-Triana & Whitfield, 2014	2014	Fernandez_Triana_2014	FALSE	Animalia	Arthropoda	Insecta	Hymenoptera	Braconidae	https://doi.org/10.3897/zookeys.446.8195
2932			accepted	species	José María Figueres: in recognition of his steady and imaginative support of ACG foundation, growth and survival through non-damaging biodiversity development	Pseudapanteles josefigueresi	Fernández-Triana & Whitfield, 2014	2014	Fernandez_Triana_2014	FALSE	Animalia	Arthropoda	Insecta	Hymenoptera	Braconidae	https://doi.org/10.3897/zookeys.446.8195
2933			accepted	species	Laura Chinchilla: in gratitude for her persistent tolerance of ACG efforts to push the conservation envelope during her term in office	Pseudapanteles laurachinchillae	Fernández-Triana & Whitfield, 2014	2014	Fernandez_Triana_2014	FALSE	Animalia	Arthropoda	Insecta	Hymenoptera	Braconidae	https://doi.org/10.3897/zookeys.446.8195
2934			accepted	species	Luis Guillermo Solís: in appreciation of the new opportunity for further administrative evolution that his election offers to ACG	Pseudapanteles luisguillermosolisi	Fernández-Triana & Whitfield, 2014	2014	Fernandez_Triana_2014	FALSE	Animalia	Arthropoda	Insecta	Hymenoptera	Braconidae	https://doi.org/10.3897/zookeys.446.8195
2935			accepted	species	Ottón Solís: in recognition of his steadfast policy support of the ACG concept throughout two decades ... and the foundation of the party, PAC	Pseudapanteles ottonsolisi	Fernández-Triana & Whitfield, 2014	2014	Fernandez_Triana_2014	FALSE	Animalia	Arthropoda	Insecta	Hymenoptera	Braconidae	https://doi.org/10.3897/zookeys.446.8195
2936			accepted	species	René Castro: who helped ACG and INBio in their early years ..., promoted the development of Costa Rica's carbon market, and tolerated the growing pains of decentralized administration of Costa Rica's conserved wildlands	Pseudapanteles renecastroi	Fernández-Triana & Whitfield, 2014	2014	Fernandez_Triana_2014	FALSE	Animalia	Arthropoda	Insecta	Hymenoptera	Braconidae	https://doi.org/10.3897/zookeys.446.8195
2937			accepted	species	Sirindhorn: named in honour of Her Royal Highness [...] the third daughter of King Bhumibol Adulyadej of Thailand, for her gracious interest in the wildlife of the Kingdom	Pseudochelidon sirintarae	Thonglongya, 1968	1968		FALSE	Animalia	Chordata	Aves	Passeriformes	Hirundinidae	
2938			accepted	species	Tina Weymouth	Pseudoclelandia weymouthae	Adrain, Westrop, Karim & Landing 2014	2014		TRUE	Animalia	Arthropoda	Trilobita			
2939			accepted	species	The Wiggles	Pseudohystricurus wigglesorum	Adrain, Karim & Westrop, 2014	2014		TRUE	Animalia	Arthropoda	Trilobita	Proetida	Dimeropygidae	
2940			accepted	species	Kamala Harris: This species is named in honor of the Vice President of the United States Kamala Harris, who was born in Oakland, California, where the lead author resides and teaches. This species also honors Vice President Harris' work in helping to establish the American Climate Corps in 2023, a jobs-training and education initiative that is aligned with the lead author's Workforce Development efforts in the Natural History and Sustainability program at Merritt College in Oakland	Pseudoloxops kamalaharrisae	Balukjian & Van Dam, 2024	2024	Balukjian_2024	FALSE	Animalia	Arthropoda	Insecta	Hemiptera	Miridae	https://doi.org/10.1093/isd/ixae012
2941			accepted	species	Geddy Lee: who [...] have inspired an interest in natural history and science through art." "A Spanish postdoc, Javier del Campo, asked me to recommend some good Canadian music, and I suggested he listen to Rush," said Patrick Keeling, a University of British Columbia microbiologist and senior author on the paper describing the species. "He came back to me and said 'Those microbes we're finding have long hair like the guys on the album 2112!'	Pseudotrichonympha leei	del Campo & Keeling, 2017	2017	del_Campo_2017	FALSE	Protozoa	Metamonada	Trichonymphea	Trichonymphida	Teranymphidae	https://doi.org/10.1038/s41598-017-16259-8
2942			accepted	species	Alex Lifeson: who [...] have inspired an interest in natural history and science through art." "A Spanish postdoc, Javier del Campo, asked me to recommend some good Canadian music, and I suggested he listen to Rush," said Patrick Keeling, a University of British Columbia microbiologist and senior author on the paper describing the species. "He came back to me and said 'Those microbes we're finding have long hair like the guys on the album 2112!'	Pseudotrichonympha lifesoni	del Campo & Keeling, 2017	2017	del_Campo_2017	FALSE	Protozoa	Metamonada	Trichonymphea	Trichonymphida	Teranymphidae	https://doi.org/10.1038/s41598-017-16259-8
2943			accepted	species	Neil Peart: who [...] have inspired an interest in natural history and science through art." "A Spanish postdoc, Javier del Campo, asked me to recommend some good Canadian music, and I suggested he listen to Rush," said Patrick Keeling, a University of British Columbia microbiologist and senior author on the paper describing the species. "He came back to me and said 'Those microbes we're finding have long hair like the guys on the album 2112!'	Pseudotrichonympha pearti	del Campo & Keeling, 2017	2017	del_Campo_2017	FALSE	Protozoa	Metamonada	Trichonymphea	Trichonymphida	Teranymphidae	https://doi.org/10.1038/s41598-017-16259-8
2944			accepted	species	Narendra Modi	Pseudozaphanera narendramodii	Ragupathy & Radhakrishnan, 2019	2019		FALSE	Animalia	Arthropoda	Insecta	Hemiptera	Aleyrodidae	
2945			accepted	species	Jully Makini: Named for the Solomon Islands' poet, writer and activist for women's rights, Jully Makini, who was born in Western Province	Pterophylla makiniae	H.C.Hopkins, J.Bradford & Pillon		Hopkins_2023	FALSE	Plantae	Tracheophyta	Magnoliopsida	Oxalidales	Cunoniaceae	https://doi.org/10.1007/s12225-023-10107-x
2946			accepted	species	Neil Gaiman: Species is named after author Neil Gaiman, for bringing back what has been forgotten	Pterostichus neilgaimani	Chaladze et al., 2017	2017	CHALADZE_2017	FALSE	Animalia	Arthropoda	Insecta	Coleoptera	Carabidae	https://doi.org/10.11646/zootaxa.4329.1.6
2947			accepted	species	Björk: The species name honors Icelandic singer, songwriter, and environmentalist Björk, to recognize her artistic influence and her contributions to environmental awareness	Pterourus bjorkae	Pavulaan, 2024	2024		FALSE						
2948			accepted	species	Yuri Klinskikh: named after Yuri N. Klinskikh (1964–2000), also known as "Yuri Khoy", a Russian musician, singer and a founder of the punk-rock band "Sektor Gaza"." Genus Punkochyzeria was created concurrently and uses the "prefix punk [...] a subculture, one of the characteristic features of which is a hairstyle reminiscent of the arrangement of long dorsal opisthosomal setae in the new genus	Punkochyzeria khoyi	Kolesnikov, Turbanov & Vorontsov, 2025	2025	KOLESNIKOV_2025	TRUE						https://doi.org/10.11646/zootaxa.5686.4.1
2949			accepted	species	Pope Leo XIV: The new species is dedicated to the head of the Catholic Church, Pope Leo XIV. The Pontiff is a strong advocate of climate and environmental protection, and we hope that his voice may serve as an example for humanity. Furthermore, due to its distinctive coloration and overall appearance, the new species belongs to a group of Pyralidae whose species names refer to high secular or ecclesiastical offices, including Pyralis regalis, Pyralis imperialis (= P. kacheticalis), Pyralis princeps, and Pyralis cardinalis	Pyralis papaleonei	Huemer, Kaila & Segerer, 2026	2026	Huemer_2026	FALSE	Animalia	Arthropoda	Insecta	Lepidoptera	Pyralidae	https://doi.org/10.3897/nl.49.185483
2950			accepted	species	Greg Graffin: In honour of Dr Gregory Graffin, lecturer at the University of California, Los Angeles and co-founder of the musical group Bad Religion, for his contributions to evolutionary biology, his public outreach through music, and his inspiration to young scientists around the world	Qiliania graffini	Ji et al., 2011	2011	JI_2011	TRUE						https://doi.org/10.1111/j.1096-3642.2010.00671.x
2951			accepted	species	Madonna: named for the American entertainer Madonna; in reference to the nodes on each valve resembling her conical brassiere made famous during the 1980s and 1990s, particularly her "Blond Ambition" tour in 1990	Quadricona madonnae	Topper, Skovsted, Brock & Paterson, 2011	2011	Topper_2011	TRUE						https://doi.org/10.1016/j.gr.2010.05.012
2952			accepted	species	Hector Pieterson: commemorates Hector Pietersen [sic] and the other children shot in Soweto, June 16, 1976 by police	Quamtana hectori	Huber, 2003	2003	HUBER_2003a	FALSE	Animalia	Arthropoda	Arachnida	Araneae	Pholcidae	https://doi.org/10.1046/j.0024-4082.2003.00082.x
2953			accepted	species	Juan Manuel Santos: honors former President Juan Manuel Santos, one of the chief proponents of Colombia BIO, a national research program created during his administration for the express purpose of funding biological expeditions, during which many new species of plants have been collected	Raputia santosii	Kallunki		Kallunki_2020	FALSE	Plantae	Tracheophyta	Magnoliopsida	Sapindales	Rutaceae	https://doi.org/10.1007/s12228-020-09625-w
2954			accepted	species	Shivnarine Chanderpaul: Named in honour of Shivnarine 'Shiv' Chanderpaul (born 1974), in recognition of his being the West Indies' most capped and highest run-scoring Guyanese cricketer, and international cricketer of the year in 2008	Rhinatrema shiv	Gower, Wilkinson, Sherratt & Kok, 2010	2010	GOWER_2010	FALSE	Animalia	Chordata	Amphibia	Gymnophiona	Rhinatrematidae	https://doi.org/10.11646/zootaxa.2391.1.3
2955			accepted	species	Rigoberta Menchú: This species is named to honor Rigoberta Menchú (along with the rest of the Menchú family) for her decades of work establishing a better understanding of the Mayan culture in Guatemala. Her important work has earned her a Nobel Peace Prize. She always underscored, among other traits, the respect of nature by the native peoples of this area. We propose "Menchu's little yellow bat" as the English common name	Rhogeessa menchuae	Baird, Marchán-Rivadeneira, Pérez & Baker, 2012	2012		FALSE	Animalia	Chordata	Mammalia	Chiroptera	Vespertilionidae	
2956			accepted	species	Xi Jinping: [D]edicated to Dr. Xi Jin-Ping, the General Secretary of the Chinese Communist Party, for his leadership making our motherland stronger and stronger." Entomologist Cheng-Bin Wang also said that "The Rhyzodiastes (Temoana) is very rare – you might not encounter a single one even after 10 field collection sessions – and it also eats rotten wood for food… so it's a metaphor for Xi Jinping, a rare person you only encounter once a century, and specifically his controls on corruption [eating rot], which will allow Chinese corruption to gradually disappear." However, censors in China, perceiving the naming of a "bug" as a possible slight against Xi, clamped down on any online references to the new beetle species and ordered them to be removed from Chinese social media. Responding to the censorship, Wang said his gesture had been "deliberately vilified". He was mortified that the naming had been taken as an insult, and stated that it had been intended as a "tremendous honour". Wang believed it to be the first species to be named after a Chinese leader, saying: "As long as science exists, the name will forever exist. It's a very rare species of beetle, and I would certainly have appreciated it if someone had named it after me	Rhyzodiastes xii	Wang, 2016	2016	WANG_2016	FALSE	Animalia	Arthropoda	Insecta	Coleoptera	Carabidae	https://doi.org/10.11646/zootaxa.4126.2.9
2957			accepted	species	Alicia Leal: named after the painter Alicia Leal Veloz (Sancti Spíritus, 1957) for the constant presence of nature in her pictorial work, in which even Noah's Ark is present and in which animals are actors or extras in everyday scenes of peasant life or Afro-Cuban rites	Rissoella aliciae	Espinosa & Ortea, 2009	2009		FALSE	Animalia	Mollusca	Gastropoda		Rissoellidae	
2958			accepted	species	Belkis Ayón: in homage to Belkis Ayón, Havana (1967–1999) painter of the African spirituality inherent to the black people in Cuba, concerned with the role of women in the environment of the ñáñigos (Abakuá secret society)	Rissoella belkisae	Ortea & Espinosa, 2004	2004		FALSE	Animalia	Mollusca	Gastropoda		Rissoellidae	
2959			accepted	species	Tania Bruguera: in homage to Tania Brugueras [sic] (Havana, 1968), an artist who delves into the real life of Cubans and at the same time concerns herself with the world that surrounds her through migration, moving her discourse through the air	Rissoella taniae	Ortea & Espinosa, 2004	2004		FALSE	Animalia	Mollusca	Gastropoda		Rissoellidae	
2960			accepted	species	Erwin Vervecken	Rogneda verveckeni	Artois, 2008	2008	ARTOIS_2008	FALSE	Animalia	Platyhelminthes		Rhabdocoela	Polycystididae	https://doi.org/10.1111/j.1096-3642.2008.00384.x
2961			accepted	genus	Henry Rollins: Derivation of name: Rollins – for Henry Rollins + chaeta, from Late Latin, for a bristle, seta or long hair	Rollinschaeta	Parry et al., 2015	2015	Parry_2015	TRUE	Animalia	Annelida	Polychaeta	Amphinomida	Amphinomidae	https://doi.org/10.1186/s12862-015-0541-8
2962			accepted	species	Simon Le Bon	Rossaspis leboni	Adrain, Westrop, Karim & Landing 2014	2014		TRUE	Animalia	Arthropoda	Trilobita	Phacopida	Pliomeridae	
2963			accepted	species	Kelly Slater: named in honor of surfer Kelly Slater, who has been crowned World Surf League Champion 11 times. The genus Saccocirrus is often found at exposed sandy beaches, where they are able to cope with the turbulence produced by the waves by moving horizontally along the beach slope	Saccocirrus slateri	Di Domenico, Martínez & Worsaae, 2019	2019	Di_Domenico_2019	FALSE	Animalia	Annelida	Polychaeta		Saccocirridae	https://doi.org/10.1007/s12526-019-00991-7
2964			accepted	species	Stephen Fry: quiz show "QI" can be seen as a revision of the complexity of human knowledge, one misunderstanding at the time	Saepocephalum stephenfryi	Gustafsson & Bush, 2017	2017	GUSTAFSSON_2017	FALSE	Animalia	Arthropoda	Insecta	Psocodea	Philopteridae	https://doi.org/10.11646/zootaxa.4313.1.1
2965			accepted	species	Tal R: Named in honor of the Danish artist Tal Rosenzweig, known as Tal R	Sanaungulus rosenzweigi	Fanti & Damgaard, 2020	2020		TRUE						
2966			accepted	species	Michael Strunge: In memory of the Danish poet Michael Strunge Jensen (Hvidovre, 19 June 1958 - Copenhagen, 9 March 1986)	Sanaungulus strungei	Fanti & Damgaard, 2019	2019		TRUE						
2967			accepted	species	Luis Alberto Spinetta: in honor of Luis Alberto Spinetta, Argentine singer, guitarist and songwriter, one of the most influential rock musicians of Argentina	Sarcofahrtiopsis spinetta	Mulieri & Dufek, 2019	2019	Mulieri_2019	FALSE	Animalia	Arthropoda	Insecta	Diptera	Sarcophagidae	https://doi.org/10.22179/REVMACN.21.641
2968			accepted	species	Jackie Jackson: The species is named in honour of Sigmund Esco 'Jackie' Jackson, the oldest of five brothers in the American music-group The Jackson 5, which came to prominence in 1969, after signing with Motown label, the same year that I was born. The name [...] alludes to this species being one of five syntopic congeners	Sarsamphiascus jackiei	Karanovic, 2020	2020	Karanovic_2020	FALSE	Animalia	Arthropoda	Copepoda			https://doi.org/10.1080/14772000.2020.1832605
2969			accepted	species	Tito Jackson: The species is named in honour of Toriano Adaryll 'Tito' Jackson, second oldest of five brothers in the American music-group The Jackson 5	Sarsamphiascus titoi	Karanovic, 2020	2020	Karanovic_2020	FALSE	Animalia	Arthropoda	Copepoda			https://doi.org/10.1080/14772000.2020.1832605
2970			accepted	species	Jermaine Jackson: The species is named in honour of Jermaine La Jaune Jackson, third oldest of five brothers in the American music-group The Jackson 5	Sarsamphiascus jermainei	Karanovic, 2020	2020	Karanovic_2020	FALSE	Animalia	Arthropoda	Copepoda			https://doi.org/10.1080/14772000.2020.1832605
2971			accepted	species	Marlon Jackson: The species is named in honour of Marlon David Jackson, second youngest of five brothers in the American music-group The Jackson 5	Sarsamphiascus marloni	Karanovic, 2020	2020	Karanovic_2020	FALSE	Animalia	Arthropoda	Copepoda			https://doi.org/10.1080/14772000.2020.1832605
2972			accepted	species	Michael Jackson: The species is named in honour of Michael Joseph Jackson, the youngest of five brothers in the American music-group The Jackson 5. [...] This species is the most successful of all Korean congeners, both in abundance and distribution, just as Michael was the most successful of all of his siblings	Sarsamphiascus michaeli	Karanovic, 2020	2020	Karanovic_2020	FALSE	Animalia	Arthropoda	Copepoda			https://doi.org/10.1080/14772000.2020.1832605
2973			accepted	species	Sirindhorn: The species epithet honors Her Royal Highness Princess Maha Chakri Sirindhorn for her 60th birthday anniversary, her biodiversity conservation projects including a Plant Genetic Conservation Project Under the Royal Initiative of Her Royal Highness Princess Maha Chakri Sirindhorn, several projects in education and protein source security for rural communities, and many projects located in Nan Province, the type locality of this species	Schistura sirindhornae	Suvarnaraksha, 2015	2015	SUVARNARAKSHA_2015	FALSE	Animalia	Chordata	Teleostei	Cypriniformes	Nemacheilidae	https://doi.org/10.11646/zootaxa.3962.1.8
2974			accepted	genus	Selena: derived from the first name of the late Tejano music artist, Selena, with the suffix –centrus, a commonly employed term in centrotine taxonomy	Selenacentrus	Morris & Dietrich, 2016	2016	Morris_2016	FALSE	Animalia	Arthropoda	Insecta	Hemiptera	Membracidae	https://doi.org/10.1093/aesa/saw008
2975			accepted	species	Neil Gaiman: The species epithet is an homage to Neil Gaiman, an English writer of short fiction, novels, graphic novels, audio theatre and films. Notable works include American Gods and Anansi Boys, where he features the spider god Anansi from Caribbean mythology as one of its characters. Most recently, he participated in the short documentary Sixteen legs about the Tasmanian cave spider, Hickmania troglodytes (Higgins & Petterd, 1883), where he wrote and voiced the short story A visit to the queen of the dark." Gaiman tweeted "I'm amazed. I'm a spider. Well, sort of. (Thank you to whoever named it!)	Selenyphantes gaimani	Silva-Moreira & Hormiga, 2021	2021	da_Silva_Moreira_2021	FALSE	Animalia	Arthropoda	Arachnida	Araneae	Linyphiidae	https://doi.org/10.1093/zoolinnean/zlaa124
2976			accepted	species	Trey Anastasio: The specific epithet refers to the musician Ernest Joseph "Trey" Anastasio III (born 30 September 1964), honouring the fifty-eight birthday of that American singer, songwriter, composer and musician who is best known for the band Phish.[...] I enjoyed Trey Anastasio's music during my research, and it greatly facilitated my work	Senecio anastasioi	Montesinos		2022a	FALSE	Plantae	Tracheophyta	Magnoliopsida	Asterales	Asteraceae	https://doi.org/10.15407/ukrbotj79.06.355
2977			accepted	species	Radiohead: This species is named after the English rock band Radiohead as an acknowledgement of their longstanding efforts in environmental activism, especially in raising climate-change awareness, and in honor of their music, which is an excellent companion during long hours at the microscope while conducting taxonomic revisions of ants	Sericomyrmex radioheadi	Ješovnik & Schultz, 2017	2017	Je_ovnik_2017	FALSE	Animalia	Arthropoda	Insecta	Hymenoptera	Formicidae	https://doi.org/10.3897/zookeys.670.11839
2978			accepted	species	Jamie Hyneman: The specific epithet is a patronym for Jamie Hyneman, co-host of the television series Mythbusters, in reference to the 'walrus moustache' formed by the clypeal and mandibular setae in this species	Serphites hynemani	McKellar & Engel, 2011	2011	MCKELLAR_2010	TRUE	Animalia	Arthropoda	Insecta	Hymenoptera	Serphitidae	https://doi.org/10.1111/j.1365-3113.2010.00559.x
2979			accepted	species	Gary Larson	Serratoterga larsoni	Johnson, 1991	1991	Shockley_2012	FALSE						https://doi.org/10.1093/ae/58.2.74
2980			accepted	species	Bruno Manser: dedicated to Bruno Manser (1954–2000?), Swiss environmental activist from Basel, to honour his indispensable activism for rainforest preservation and against deforestation by timber companies, and defender for the human rights of indigenous peoples. Bruno Manser disappeared in 2000 in Malaysia	Seticotasteromimus brunomanseri	Germann, 2021	2021	GERMANN_2021	FALSE						https://doi.org/10.11646/zootaxa.4933.4.7
2981			accepted	species	Almir Sater: Named in honour of Almir Sater, a Brazilian singer, songwriter, and guitarist from the state of Mato Grosso do Sul, Brazil, for his musical and poetic descriptions of the Pantanal. The Pantanal is an important wetland ecosystem of South America, where all the samples of this species were collected	Silvestritermes almirsateri	Rocha & Cancello, 2012	2012	ROCHA_2012	FALSE	Animalia	Arthropoda	Insecta		Termitidae	https://doi.org/10.1111/j.1365-3113.2012.00645.x
2982			accepted	species	Judas Priest	Sinusichnus priesti	Kappel, 2003	2003	Guti_rrez_Marco_2020	TRUE						https://doi.org/10.29077/bol.114.e07
2983			accepted	species	Sirindhorn	Sirindhorn thailandiensis	Adamski & Malikul, 2003	2003		FALSE						
2984			accepted	genus	Sirindhorn: Dedication to the Princess Maha Chakri Sirindhorn, Thailand, for her contribution to the support and encouragement of paleontology in Thailand	Sirindhorna	Shibata, Jintasakul, Azuma & You, 2015	2015	Shibata_2015	TRUE						https://doi.org/10.1371/journal.pone.0145904
2985			accepted	genus	Sirindhorn: Her Royal Highness Princess Maha Chakri Sirindhorn of Thailand has generously granted us permission to name this new orchid genus after her. We feel very honoured by this privilege, and we take pleasure in this opportunity to gratefully acknowledge H.R.H.'s inestimable contributions to the conservation of indigenous plants	Sirindhornia	H.A.Pedersen & Suksathan		Pedersen_2002	FALSE	Animalia	Arthropoda	Insecta	Lepidoptera	Tortricidae	https://doi.org/10.1111/j.1756-1051.2002.tb01390.x
2986			accepted	species	Geoff Smith	Songkania smithi	Adrain & Chatterton, 1995	1995		TRUE						
2987			accepted	species	Stephen Colbert: named for Stephen Colbert (silent "t") a character created by Stephen Tyrone Colbert (sounded "t"), an author, philosopher, humanitarian, champion of science, and humorist	Sonoma colberti	Ferro, 2016	2016		FALSE	Animalia	Arthropoda	Insecta	Coleoptera	Staphylinidae	
2988			accepted	species	Isabella Rossellini: named after Isabella Fiorella Elettra Giovanna Rossellini, an Italian actress and film maker who wrote and starred in Green Porno, a series of short films on animal sexual behavior	Sonoma rossellinae	Ferro, 2016	2016		FALSE	Animalia	Arthropoda	Insecta	Coleoptera	Staphylinidae	
2989			accepted	species	Jon Stewart: named for Jon Stewart (born Jonathan Stuart Leibowitz), a humanitarian, champion of science, and humorist best known for reintroducing skepticism and intelligence to news reporting through a television program called The Daily Show	Sonoma stewarti	Ferro, 2016	2016		FALSE	Animalia	Arthropoda	Insecta	Coleoptera	Staphylinidae	
2990			accepted	species	Dom Phillips	Spathaspora domphillipsii	Santos et al. (2023)	2023	Santos_2023	FALSE	Fungi	Ascomycota	Saccharomycetes	Saccharomycetales	Saccharomycetaceae	https://doi.org/10.1099/ijsem.0.005752
2991			accepted	species	Arnaldur Indriðason: Named after Arnaldur Indriðason (1961 to present) who is an Icelandic writer of crime fiction and is currently best known for his detective novels involving Detective Erlender Sveinsson	Sphaeropthalma arnalduri	Pitts, 2010	2010	PITTS_2010	FALSE						https://doi.org/10.11646/zootaxa.2553.1.1
2992			accepted	species	Paul Allen: named after Paul G. Allen (1953–2018) who was an investor, co-founder of Microsoft, and philanthropist who, through the Paul G. Allen Family Foundation, has generously supported shark research and conservation	Sphyrna alleni	Gonzalez et al., 2024	2024	GONZALEZ_2024	FALSE	Animalia	Chordata	Elasmobranchii	Carcharhiniformes	Sphyrnidae	https://doi.org/10.11646/zootaxa.5512.4.2
2993			accepted	species	Samantha Bee	Stittella beeae	Westrop, Waskiewicz Poole & Adrain, 2010	2010		TRUE						
2994			accepted	species	Sirindhorn	Streptocephalus sirindhornae	Sanoamuang et al., 2000	2000	Sanoamuang_2000	FALSE	Animalia	Arthropoda	Branchiopoda	Anostraca	Streptocephalidae	https://doi.org/10.1163/20021975-99990073
2995			accepted	species	Gary Larson: named in honor of cartoonist Gary Larson, in appreciation of the unique light he has shed on the workings of nature." In a letter to Larson, Clayton praised him for "the enormous contribution that my colleagues and I feel you have made to biology through your cartoons." In his 1989 book The Prehistory of the Far Side, Larson stated, "I considered this an extreme honor. Besides, I knew no one was going to write and ask to name a new species of swan after me. You have to grab these opportunities when they come along	Strigiphilus garylarsoni	Clayton, 1990	1990	Clayton_1990	FALSE	Animalia	Arthropoda	Insecta	Psocodea	Philopteridae	https://doi.org/10.1093/jmedent/27.3.257
2996			accepted	species	Joe Strummer	Strumigenys strummeri	Tang & Guénard, 2023	2023	Tang_2023	FALSE	Animalia	Arthropoda	Insecta	Hymenoptera	Formicidae	https://doi.org/10.5852/ejt.2023.907.2327
2997			accepted	species	Christiana Figueres: dedicated to Ms. Christiana Figueres in recognition of her decades of care of the ACG biosocio-economic environment, as well as that for Costa Rica, and now for the world as inspiration and leader of the United Nations (UN) climate effort by being the energetic and highly successful Executive Director of the UN Framework Convention on Climate Change (UNFCCC) of the Paris Accords for the World	Struthoscelis christianafigueresae	Metz, 2017	2017	Metz_2017	FALSE	Animalia	Arthropoda	Insecta	Lepidoptera	Oecophoridae	https://doi.org/10.4289/0013-8797.119.3.442
2998			accepted	species	Sirindhorn: in honour of Her Royal Highness Princess Maha Chakri Sirindhorn of Thailand who has long been interested in botanical diversity. She has initiated the Plant Genetic Conservation Project under The Royal Initiative of H.R.H. Princess Maha Chakri Sirindhorn." The vernacular name "Rat-cha-rat	Syzygium sirindhorniae	Chantar., Suksathan & Wongnak		CHANTARANOTHAI_2016	FALSE	Plantae	Tracheophyta	Magnoliopsida	Myrtales	Myrtaceae	https://doi.org/10.11646/phytotaxa.289.2.10
2999			accepted	species	El Otro Yo	Talabrica elotroyoae	Santelli & Del Río, 2014	2014	Santelli_2014	TRUE	Animalia	Mollusca	Bivalvia		Crassatellidae	https://doi.org/10.5710/amgh.25.04.2014.2230
3000			accepted	species	Nightwish: Named in honor of the members of the symphonic metal band Nightwish (Troy Donockley, Kai Hahto, Marko Hietala, Tuomas Holopainen, Floor Jansen, and Emppu Vuorinen), in particular for their 2015 album Endless Forms Most Beautiful about the evolution of life	Tanidromites nightwishorum	Klompmaker, Starzyk, Fraaije & Schweigert, 2020	2020	Klompmaker_2020	TRUE	Animalia	Arthropoda	Malacostraca	Decapoda	Tanidromitidae	https://doi.org/10.26879/1045
3001			accepted	species	Chris Fehn: The specific epithet is derived from Chris Fehn, the percussionist and backing vocalist for the heavy metal band Slipknot from 1998 to 2019; the Pinocchio-style mask that Chris Fehn usually wears during his performances resembles the tegular apophysis 'Y' on the palpal bulb of the new species	Taraxella chrisfehni	Ni, Yu & Zhang, 2025	2025	Ni_2025	FALSE	Animalia	Arthropoda	Arachnida	Araneae	Salticidae	https://doi.org/10.3897/zookeys.1232.146855
3002			accepted	species	Sirindhorn: in honour of Her Royal Highness Princess Maha Chakri Sirindhorn, who has repeatedly demonstrated her great interest in the palaeontological richness of her country	Tarsius sirindhornae	Chaimanee et al., 2011	2011	Chaimanee_2010	TRUE	Animalia	Chordata	Mammalia	Primates	Tarsiidae	https://doi.org/10.1098/rspb.2010.2062
3003			accepted	species	Hugh Jackman: The specific epithet for this wolf spider species honours the Australian actor Hugh Jackman, who played Wolverine in the X-Men film series, for his extraordinary artistic skills and more so for his numerous philanthropic activities." The species is endemic to Australia, and the common name "wolverine wolf spider	Tasmanicosa hughjackmani	Framenau & Baehr, 2016	2016	FRAMENAU_2016	FALSE	Animalia	Arthropoda	Arachnida	Araneae	Lycosidae	https://doi.org/10.11646/zootaxa.4213.1.1
3004			accepted	species	Banksy: This species is dedicated to Banksy, a brilliant street artist whose graphic work always conveys powerful messages	Terebella banksyi	Lavesque, Daffe, Londoño-Mesa & Hutchings, 2021	2021		FALSE	Animalia	Annelida	Polychaeta		Terebellidae	
3005			accepted	species	Sepultura: The species is named to honour Sepultura, the best Brazilian heavy metal band	Terebellides sepultura	Garraffoni & Lana, 2003	2003	Garraffoni_2003	FALSE	Animalia	Annelida	Polychaeta		Trichobranchidae	https://doi.org/10.1590/S0073-47212003000400002
3006			accepted	species	Bill Bryson: Named after the [sic] William Bryson, author of Down Under about a trip through Australia as well as many other entertaining works	Teresirogas billbrysoni	Quicke & van Achterberg, 2014	2014	QUICKE_2014	FALSE						https://doi.org/10.11646/zootaxa.3881.3.3
3007			accepted	species	Sam Harris: after Samuel Benjamin Harris, the American author, philosopher, and co-founder of Project Reason. Sam Harris, more than any speaker and author, has challenged my (JCO) views and assumptions and kept me on my toes	Testudacarus harrisi	O'Neill & Dowling, 2016	2016	Dowling_2016	FALSE	Animalia	Arthropoda	Arachnida	Trombidiformes	Torrenticolidae	https://doi.org/10.3897/zookeys.582.7684
3008			accepted	species	Douglas Adams	Tetramorium adamsi	Hita Garcia & Fisher, 2012	2012	GARCIA_2012	FALSE	Animalia	Arthropoda	Insecta	Hymenoptera	Formicidae	https://doi.org/10.11646/zootaxa.3592.1.1
3009			accepted	species	Chulabhorn: in honour of Her Royal Highness Princess Chulabhorn, [on] the occasion of Her Royal Highness's 36th birthday, as a token of respect, and in recognition of Her Highness's important contribution to the promotion of education, science and public health in Thailand, as well as Her efforts to bring an acceptable balance between industrial development and nature conservation. Her Royal Highness graciously permitted the use of Her name for this interesting species with its intriguing colour pattern	Thaipotamon chulabhorn	Naiyanetr, 1993	1993	Naiyanetr_1993	FALSE	Animalia	Arthropoda	Malacostraca	Decapoda	Potamidae	https://doi.org/10.1163/156854093X00306
3010			accepted	genus	Sirindhorn: The genus is, by gracious permission dedicated to Her Royal Highness Princess Maha Chakri Sirindhorn, who has made great efforts to conserve the natural environments in Thailand. Thepparat is her royal title	Thepparatia	Phuph.			FALSE	Plantae	Tracheophyta	Magnoliopsida	Malvales	Malvaceae	
3011			accepted	species	Sirindhorn	Tigriopus sirindhornae	Chullasorn, Dahms & Klangsin, 2013	2013	Chullasorn_2013	FALSE	Animalia	Arthropoda	Copepoda		Harpacticidae	https://doi.org/10.1080/00222933.2012.757660
3012			accepted	species	Román Macaya: named in honor of Dr. Román Macaya, in recognition of his proactive and intense support for BioAlfa, the initiating biodiversity inventory of Costa Rica, while simultaneously being the Costa Rican ambassador to the United States	Tinaegeria romanmacayai	Metz, 2020	2020	METZ_2020	FALSE	Animalia	Arthropoda	Insecta	Lepidoptera	Stathmopodidae	https://doi.org/10.11646/zootaxa.4810.1.2
3013			accepted	species	Charles C. Mann: Named in honor of author Charles Mann, whose books about the peopling of North America (e.g., 1491, 1493) breach history and venture into human ecology. They are an inspiration to confronting misconceptions and a reminder that even seemingly well-known history, whether archeological or evolutionary, is in fact usually not well-known. His books are a battle cry to never cease learning and to always question	Torrenticola manni	Fisher et al., 2017	2017	Fisher_2017	FALSE	Animalia	Arthropoda	Arachnida	Trombidiformes	Torrenticolidae	https://doi.org/10.3897/zookeys.701.13261
3014			accepted	species	Michael Pollan: Named in honor of author Michael Pollan, whose influential books breach mere accounts on food culture and enter insightful discussions of human ecology	Torrenticola pollani	Fisher et al., 2017	2017	Fisher_2017	FALSE	Animalia	Arthropoda	Arachnida	Trombidiformes	Torrenticolidae	https://doi.org/10.3897/zookeys.701.13261
3015			accepted	species	Neil Degrasse Tyson: Named in honor of Neil Degrasse Tyson for his efforts in popularizing cosmology and science in general with Cosmos: A Spacetime Odyssey (2014), which was a worthy update to Carl Sagan's Cosmos: A Personal Voyage (1980)	Torrenticola tysoni	Fisher et al., 2017	2017	Fisher_2017	FALSE	Animalia	Arthropoda	Arachnida	Trombidiformes	Torrenticolidae	https://doi.org/10.3897/zookeys.701.13261
3016			accepted	species	James Gurney	Torvosaurus gurneyi	Hendrickx & Mateus, 2014	2014	Hendrickx_2014	TRUE						https://doi.org/10.1371/journal.pone.0088905
3017			accepted	species	Viktor Tsoi: The species is named after the late Viktor Robertovich Tsoi (Russian: Виктор Робертович Цой; 21 June 1962–15 August 1990), the famous Soviet rock musician, singer and songwriter who co-founded the Kino rock band, one of the most popular and musically influential bands in the history of Russian music. Tsoi's songs long have had special significance for the author, and continue to provide a musical background for his scientific research	Trachyoribates viktortsoii	Ermilov, 2019	2019	ERMILOV_2019	FALSE	Animalia	Arthropoda	Arachnida	Sarcoptiformes	Haplozetidae	https://doi.org/10.11158/saa.24.12.3
3018			accepted	species	Karl Pilkington: This remarkable species, is named in honor of the British philosopher, comedian, radio personality, presenter, author, and actor Karl Pilkington due to its rounded orange head	Traumatomutilla pilkingtoni	Bartholomay & Williams, 2019	2019		FALSE						
3019			accepted	species	Sirindhorn: to HRH Princess Sirindhorn on the occasion of her 48th birthday celebrations. We wish to convey our gratitude to HRH for graciously granting permission to name the species after her	Trigona sirindhornae	Michener & Boongird, 2004	2004	Michener_2004	FALSE	Animalia	Arthropoda	Insecta	Hymenoptera	Apidae	https://doi.org/10.2317/0310.08.1
3020			accepted	species	Koen Vanmechelen: Dedicated to the Belgian conceptual artist Koen Vanmechelen, for his continuous efforts to unite science and art, cherishing diversity in all its aspects as a central theme	Trigonostomum vanmecheleni	Artois, Schockaert, Beenaerts & Reygel, 2013	2013	Artois_2013	FALSE	Animalia	Platyhelminthes		Rhabdocoela	Trigonostomidae	https://doi.org/10.1080/11250003.2012.754058
3021			accepted	species	Gisberta Salce Júnior: Honor to Gisberta Salce Júnior, Brazilian woman, murdered in 2006 (Porto, Portugal) in a transphobia crime	Trogolaphysa gisbertae	Brito & Zeppelini, 2022	2022	Zeppelini_2022	FALSE	Animalia	Arthropoda	Collembola	Entomobryomorpha	Paronellidae	https://doi.org/10.1038/s41598-022-18798-1
3022			accepted	species	Steve Irwin	Trypanosoma irwini	McInnes et al., 2009	2009		FALSE	Protozoa	Euglenozoa	Kinetoplastea	Trypanosomatida	Trypanosomatidae	
3023			accepted	species	Sirindhorn: Named in honour of Her Royal Highness Princess Maha Chakri Sirindhorn of Thailand for her support of science and technology, and particularly for her interest in palaeontology	Tsinania sirindhornae	Wernette & Hughes, 2023	2023	Wernette_2023	TRUE	Animalia	Arthropoda	Trilobita	Corynexochida	Tsinaniidae	https://doi.org/10.1002/spp2.1516
3024			accepted	species	Néstor Kirchner and Cristina Fernández de Kirchner: The idea of this tribute arises as a result of the fact that the governments of both presidents were characterized by an active policy of promoting science, the repatriation of scientists, and above all, by the creation of a Ministry of Science, Technology and Productive Innovation	Tympanoctomys kirchnerorum	Teta, Pardiñas, Sauthier & Gallardo, 2014	2014		FALSE	Animalia	Chordata	Mammalia	Rodentia	Octodontidae	
3025			accepted	species	Genesis (band): The generic name Typhlamia is linked with the record 'The Lamia' from the album The Lamb Lies Down on Broadway from the music band Genesis. Name of species after the Genesis music band	Typhlamia genesis	Gellert, Palero & Błażewicz, 2022	2022	Gellert_2022	FALSE	Animalia	Arthropoda	Malacostraca	Tanaidacea	Typhlotanaidae	https://doi.org/10.3389/fmars.2022.927181
3026			accepted	species	Christian Stadil: In honor of the owner and CEO of Thornico Group and chairman for the fashion brand Hummel, Christian Nicholas Stadil	Tytthonyx stadili	Fanti & Damgaard, 2019	2019		TRUE	Animalia	Arthropoda	Insecta	Coleoptera	Cantharidae	
3027			accepted	species	Uma Thurman: The specific name honors Uma Karuna Thurman (born April 29, 1970), an American actress and pop icon, for her philanthropic contributions and outreach promoting wildlife conservation and human rights	Uma thurmanae	Derycke, Gottscho, Mulcahy, & De Queiroz, 2020	2020	DERYCKE_2020	FALSE	Animalia	Chordata	Reptilia	Squamata	Phrynosomatidae	https://doi.org/10.11646/zootaxa.4778.1.3
3028			accepted	species	Peter Gabriel: in honor of musician and human rights activist Peter Gabriel	Ummidia gabrieli	Godwin & Bond, 2021	2021	Godwin_2021	FALSE	Animalia	Arthropoda	Arachnida	Araneae	Halonoproctidae	https://doi.org/10.3897/zookeys.1027.54888
3029			accepted	species	Neil Gaiman: in honor of Neil Gaiman, author of a number of fantasy and horror books with spider-based characters. In one book, American Gods, the main character is tied to the World Tree located "one hour south of Blacksburg," not far from the type locality of this species	Ummidia neilgaimani	Godwin & Bond, 2021	2021	Godwin_2021	FALSE	Animalia	Arthropoda	Arachnida	Araneae	Halonoproctidae	https://doi.org/10.3897/zookeys.1027.54888
3030			accepted	genus	N. U. Unruh	Unruhdinium	Gottschling, 2017	2017		FALSE						
3031			accepted	species	Geoffrey Gurrumul Yunupingu	Uperoleia gurrumuli	Catullo & Keogh, 2021	2021	CATULLO_2021	FALSE	Animalia	Chordata	Amphibia	Anura	Myobatrachidae	https://doi.org/10.11646/zootaxa.5057.1.3
3032			accepted	species	Najib Razak: named in honour of the Prime Minister of Malaysia, Dato' Sri Mohd Najib bin Tun Abdul Razak, for his strong interest in nature conservation and protection of the environment	Vatica najibiana	Ummul-Nazrah		Ummul_Nazrah_2018	FALSE	Plantae	Tracheophyta	Magnoliopsida	Malvales	Dipterocarpaceae	https://doi.org/10.3897/phytokeys.98.23903
3033			accepted	genus	Alex Webster: Named after Alex Webster – a 'giant' of a bass player – combined with 'prion' meaning saw	Websteroprion	Eriksson et al., 2017	2017	Eriksson_2017	TRUE	Animalia	Annelida	Polychaeta			https://doi.org/10.1038/srep43061
3034			accepted	species	Rigoberta Menchú: named in honor of Rigoberta Menchú Tum, the Guatemalan and Mayan Quiché Indian and winner of the 1992 Nobel Peace Prize, in recognition of her outstanding campaign for human rights, especially for indigenous peoples	Wormaldia menchuae	Muñoz-Quesada & Holzenthal, 2015	2015	MU_OZ_QUESADA_2015	FALSE	Animalia	Arthropoda	Insecta	Trichoptera	Philopotamidae	https://doi.org/10.11646/zootaxa.3998.1.1
3035			accepted	species	Bruce Dickinson	Xestochironomus dickinsoni	Pinho & Souza, 2013	2013	PINHO_2013a	FALSE	Animalia	Arthropoda	Insecta	Diptera	Chironomidae	https://doi.org/10.11646/zootaxa.3652.5.9
3036			accepted	species	Iron Maiden: Virgo Ferrea" is Latin for "Iron Maiden	Xestochironomus virgoferreae	Pinho & Souza, 2013	2013	PINHO_2013a	FALSE	Animalia	Arthropoda	Insecta	Diptera	Chironomidae	https://doi.org/10.11646/zootaxa.3652.5.9
3037			accepted	species	Albert II, Prince of Monaco: This species honors His Serene Highness Prince Albert II of Monaco for his efforts to protect the marine environment through the Prince Albert II of Monaco Foundation	Xyloplax princealberti	Payne et al., 2023	2023	Payne_2023	FALSE	Animalia	Echinodermata	Asteroidea	Peripodida	Xyloplacidae	https://doi.org/10.3390/d15121212
3038			accepted	species	Youssou N'Dour	Zasphinctus ndouri	Hita Garcia & Gómez, 2025	2025	Hita_Garcia_2025	FALSE	Animalia	Arthropoda	Insecta	Hymenoptera	Formicidae	https://doi.org/10.3897/zookeys.1223.131238
3039			accepted	species	Barack Obama: This species is named in honour of Barack Hussein Obama, the 44th President of the United States of America. We want to acknowledge his important efforts undertaken for the conservation of fragile natural habitats around the globe. Also, the type locality of Z. obamai is geographically close to the hometown of Obama's paternal family in Western Kenya	Zasphinctus obamai	Hita Garcia et al., 2017	2017	Hita_Garcia_2017	FALSE	Animalia	Arthropoda	Insecta	Hymenoptera	Formicidae	https://doi.org/10.3897/zookeys.693.13012
3040			accepted	species	Sirindhorn: The specific epithet honours Her Royal Highness Princess Sirindhorn of Thailand who has taken a keen interest in the conservation of plants." The vernacular name "Aiyarit	Zingiber sirindhorniae	Triboun & Keerat.			FALSE	Plantae	Tracheophyta	Liliopsida	Zingiberales	Zingiberaceae	
3041			accepted	species	Lionel Messi: In honor of Lionel Andrés Messi, an Argentine professional footballer and one of the greatest players of all times, unique winner of seven [now eight] Ballons d'or	Acanthogonatus messii	Signorotto & Ferretti, 2023	2023	Signorotto_2023	FALSE	Animalia	Arthropoda	Arachnida	Araneae	Pycnothelidae	https://doi.org/10.5252/zoosystema2023v45a17
3042			accepted	species	Mohamed Salah: named after the Egyptian football player Mohamed Salah (Mo Salah) in recognition of his charity activities, effective promotion of anti-drug campaigns in Egypt, and inspiration of young Africans and Arabs	Aceria mosalahi	Lewandowski & Elsayed, 2021	2021	Lewandowski_2021	FALSE						https://doi.org/10.11158/saa.26.8.1
3043			accepted	species	Adele	Adelius adeleae	Shimbori & Shaw, 2019	2019	SHIMBORI_2019	FALSE	Animalia	Arthropoda	Insecta	Hymenoptera	Braconidae	https://doi.org/10.11646/zootaxa.4571.2.1
3044			accepted	species	Liv Tyler: The existence of this species of elegant beetle is dependent upon the rainforest not undergoing an Armageddon	Agra liv	Erwin, 2002	2002	ERWIN_2002	FALSE	Animalia	Arthropoda	Insecta	Coleoptera	Carabidae	https://doi.org/10.11646/zootaxa.119.1.1
3045			accepted	species	Vozinha: Dedicated to Vozinha, the 40-year-old goalkeeper for the Cape Verde national football team, originally from Mindelo, who saved everything in his World Cup debut against Spain, putting Cape Verde on the footballing map and being named man of the match. The red colour [the colour of the Spanish team] of the species dedicated to him is a tribute to his heroic feat	Aldisa vozinhai	Ortea & Freitas, 2026	2026		FALSE	Animalia	Mollusca	Gastropoda		Cadlinidae	
3046			accepted	species	Lady Gaga	Aleiodes gaga	Butcher et al., 2012	2012	BUTCHER_2012	FALSE	Animalia	Arthropoda	Insecta	Hymenoptera	Braconidae	https://doi.org/10.11646/zootaxa.3457.1.1
3047			accepted	species	Shakira: Since parasitism by this species causes the host caterpillar to bend and twist its abdomen in various ways, and Shakira is also famous for her belly-dancing, the name seems particularly appropriate	Aleiodes shakirae	Shimbori & Shaw, 2014	2014	Shimbori_2014	FALSE	Animalia	Arthropoda	Insecta	Hymenoptera	Braconidae	https://doi.org/10.3897/zookeys.405.7402
3048			accepted	species	Gil Ofarim	Amata gil	Witt et al., 2007	2007		FALSE	Animalia	Arthropoda	Insecta	Lepidoptera	Erebidae	
3049			accepted	genus	Mahsa Amini: As a lasting memorial to of Jina Mahsa Amini, a 22-year-old Kurdish-Iranian woman who died on 16 September 2022 in a Teheran hospital due to physical violence she suffered while in morality police custody for an alleged violation of the Iranian Hijab law: Woman, Life, Freedom!	Aminiichthys	Ebert, 2026	2026	Ebert_2026	TRUE						https://doi.org/10.3897/sjp.145.e193008
3050			accepted	species	Between the Buried and Me: Species name consisting of Latin "inter sepultos et me", translating into "between the buried and me", to honour the eponymous progressive metal band	Amphilimna intersepultosetme	Thuy, Numberger-Thuy & Jagt, 2018	2018		TRUE	Animalia	Echinodermata	Ophiuroidea	Amphilepidida	Amphilimnidae	
3051			accepted	species	Alexandra Elbakyan: We dedicate this species to the Kazakhstani scientist Alexandra Asanovna Elbakyan (Russian: Алекса́ндра Аса́новна Элбакя́н), creator of the web site Sci-Hub, for her colossal contributions for reducing the barriers in the way of science, as well as her reclamation that "everyone has the right to participate and share in scientific advancement and its benefits, freely and without economic constraints"	Amphisbaena elbakyanae	Torres-Ramírez, Angarita-Sierra & Vargas-Ramírez, 2021	2021	Torres_Ram_rez_2021	FALSE	Animalia	Chordata	Reptilia	Squamata	Amphisbaenidae	https://doi.org/10.3897/vz.71.e59461
3052			accepted	species	Marielle Franco: named as a tribute to Marielle Francisco da Silva, known as Marielle Franco, a Brazilian human rights activist, feminist, and LGBTQIA+ advocate, a brave woman in opposition to the established brutality against minorities and people on the peripheries of the cities	Anaulacomera mariellae	Fianco, Faria & Cadena-Castañeda, 2021	2021	FIANCO_2021a	FALSE	Animalia	Arthropoda	Insecta	Orthoptera	Tettigoniidae	https://doi.org/10.11646/zootaxa.5061.2.6
3053			accepted	species	Nemonte Nenquimo: for Nemonte Nenquimo, indigenous activist who led a successful campaign and legal action that protected 500,000 acres of Amazonian rainforest and Waorani territory from oil extraction in Ecuador. [...] Here we honor Nemonte Nenquimo for her braveness and determination to protect natural forests and their inhabitants	Anolis nemonteae	Ayala-Varela et al., 2021	2021	AYALA_VARELA_2021	FALSE	Animalia	Chordata	Reptilia	Squamata	Anolidae	https://doi.org/10.11646/zootaxa.4991.2.4
3054			accepted	species	Angelina Jolie	Aptostichus angelinajolieae	Bond, 2008	2008	Bond_2008	FALSE	Animalia	Arthropoda	Arachnida	Araneae	Euctenizidae	https://doi.org/10.1080/10635150802302443
3055			accepted	species	Sigur Rós	Aspergillus sigurros	Visagie (2020)	2020	Visagie_2020	FALSE	Fungi	Ascomycota	Eurotiomycetes	Eurotiales	Aspergillaceae	https://doi.org/10.1016/j.simyco.2020.02.003
3056			accepted	species	Volodymyr Zelenskyy: In honour of Volodymyr Oleksandrovych Zelenskyy, the sixth and current president of Ukraine for his courage and bravery in defending free Ukraine	Ausichicrinites zelenskyyi	Salamon et al., 2022	2022	Salamon_2022	TRUE						https://doi.org/10.1098/rsos.220345
3057			accepted	species	Jennie (singer): The specific epithet is in honor of Ms. Jennie Ruby Jane. The name recognizes her exceptional character and achievements, which proved source of inspiration for the first author who discovered the new species." The first author added "Listening to the songs of Jennie Ruby Jane during my studies was a constant source of inspiration. Naming this species after her is my way of acknowledging the positive influence she had on my work	Brachygobius jennie	Tian et al., 2026	2026	Tian_2026	FALSE	Animalia	Chordata	Teleostei	Gobiiformes	Gobiidae	https://doi.org/10.3897/zse.102.184142
3058			accepted	species	Alexandra Elbakyan: dedicated to Alexandra Elbakyan, for her efforts in order to make available the scientific literature for researchers around the world	Brachyplatystoma elbakyani	Agnolin & Bogan, 2020	2020	Agnolin_2020	TRUE	Animalia	Chordata	Teleostei	Siluriformes	Pimelodidae	https://doi.org/10.1016/j.jsames.2020.102551
3059			accepted	species	Rob Stewart: The new species is named after the late filmmaker and shark conservationist Rob Stewart, who inspired the second author and stimulated her interest in sharks	Bythaelurus stewarti	Weigmann, Kaschner & Thiel, 2018	2018	Weigmann_2018	FALSE	Animalia	Chordata	Elasmobranchii	Carcharhiniformes	Scyliorhinidae	https://doi.org/10.1371/journal.pone.0207887
3060			accepted	species	Greta Thunberg: The species is dedicated to Greta Thunberg. Her activities for climate protection will also keep mayflies in good stead	Caenis gretathunbergae	Malzacher, 2021	2021	Malzacher_2021	FALSE	Animalia	Arthropoda	Insecta	Ephemeroptera	Caenidae	https://doi.org/10.18476/2021.826615
3061			accepted	species	Tina Maze: named in honour of Tine Maze, Slovenian skier who won Crystal globe with 2414 points	Caerostris tinamaze	Gregorič, 2015	2015	Gregori__2015	FALSE	Animalia	Arthropoda	Arachnida	Araneae	Araneidae	https://doi.org/10.1636/0161-8202-43.3.293
3062			accepted	species	Stray Kids: The name seemed fitting because the posture of the fossil's chelae strongly resembles the group's trademark pose	Carcinonepa libererrantes	Haug, Haug, Hörnig, Braig & Haug, 2026	2026		TRUE						
3063			accepted	species	Taylor Swift: The specific epithet is a noun in apposition, more specifically an anagram formed from the name of musician and global icon Taylor Swift, whose music has kept the first author energised and motivated through many late nights at the microscope	Castianeira swiftay	Pett, 2023	2023	PETT_2023	FALSE	Animalia	Arthropoda	Arachnida	Araneae	Corinnidae	https://doi.org/10.11646/zootaxa.5389.3.8
3064			accepted	species	Iryna Zarutska	Celastrina iryna	Pavulaan, 2025	2025		FALSE	Animalia	Arthropoda	Insecta	Lepidoptera	Lycaenidae	
3065			accepted	species	Lionel Messi: as a tribute to the illustrious Lionel Andrés Messi Cuccittini, whose remarkable talent has brought immense joy and pride to the people of Argentina	Cercopemyces messii	Martínez et al., 2024	2024	Mart_nez_2024	FALSE	Fungi	Basidiomycota	Agaricomycetes	Agaricales		https://doi.org/10.1007/s11557-024-01971-3
3066			accepted	species	Edward Snowden: The new species is named after the american freedom fighter Edward Joseph Snowden. He is honored due to of his extraordinary achievements in defense of justice, and freedom	Cherax snowden	Lukhaup, Panteleit & Schrimpf, 2015	2015	Lukhaup_2015	FALSE	Animalia	Arthropoda	Malacostraca	Decapoda	Parastacidae	https://doi.org/10.3897/zookeys.518.6127
3067			accepted	species	Greta Thunberg: This species is dedicated to Greta Thunberg for her courageous fight against human-induced climate change, defying the resistance of many, including some of the most powerful yet ignorant political leaders of the world	Chibchea thunbergae	Huber, 2020	2020	Huber_2020	FALSE	Animalia	Arthropoda	Arachnida	Araneae	Pholcidae	https://doi.org/10.5852/ejt.2020.718.1101
3068			accepted	species	Richard Carapaz: Named in honor of Richard Carapaz Montenegro, an Ecuadorian professional cyclist born in the Provincia de Carchi	Chilomys carapazi	Brito & Pardiñas, 2022	2022	Brito_2022	FALSE	Animalia	Chordata	Mammalia	Rodentia	Cricetidae	https://doi.org/10.7717/peerj.13211
3069			accepted	species	Neisi Dájomes: Named in honor of Neisi Dajomes Barrera, an Ecuadorian [...] weightlifting athlete born in the Provincia de Pastaza; Ecuadorian female Olympic gold medalist	Chilomys neisi	Brito et al., 2022	2022	Brito_2022	FALSE	Animalia	Chordata	Mammalia	Rodentia	Cricetidae	https://doi.org/10.7717/peerj.13211
3070			accepted	species	Chromeo: Funky Chromeo bird, in honor of the Chromeo Funklordz P-Thugg and Dave 1, who like many birds, make beautiful music." Chromeo said in response "We’ve been doing this for 20 years but this is the first time someone’s called us a dinosaur! Jokes aside, this is an incredible honor to add to a career full of surprises. We’re glad to bring a little fossil funk to the great science of paleontology	Chromeornis funkyi	O'Connor et al., 2025	2025	O_Connor_2025	TRUE						https://doi.org/10.26879/1589
3071			accepted	species	Rebecca Sugar: The epithet honours Rebecca Rea Sugar, USA animator, director, screenwriter, producer, storyboard artist, voice actor, singer-songwriter, and creator of the Cartoon Network animated series Steven Universe. Sugar is the first non-binary person to create a series for Cartoon Network independently. Sugar identifies as bisexual, non-binary, and genderqueer, using she/they pronouns. Sugar's queerness has served as their inspiration for stressing the importance of LGBTQIA+ representation in art, especially in children’s entertainment, clearly visible in both Steven Universe and Adventure Time. The latter series had Sugar up to 2013 as a writer, storyboard artist, singer-songwriter, and voice actor	Commelina sugariae	M.Pell.		Pellegrini_2025	FALSE	Plantae	Tracheophyta	Liliopsida	Commelinales	Commelinaceae	https://doi.org/10.5852/ejt.2025.1020.3073
3072			accepted	species	Jacinda Ardern: in honor of Ms. Jacinda Ardern, the Prime Minister of New Zealand, in recognition of her humanitarian attitudes towards Muslim and minority communities in New Zealand	Crematogaster jacindae	Sharaf & Hita Garcia, 2019	2019	Sharaf_2019a	FALSE	Animalia	Arthropoda	Insecta	Hymenoptera	Formicidae	https://doi.org/10.3897/zookeys.898.37531
3073			accepted	species	Pabllo Vittar	Cretapalpus vittari	Downen & Selden, 2021	2021	Downen_2021	TRUE						https://doi.org/10.1636/JoA-S-19-059
3074			accepted	species	Dominic Monaghan: named in honour of the British actor Dominic Monaghan who filmed together with the author in Laos for the documentary show Wild Things; Dom's enthusiasm for nature in general, and spiders and other little respected animals in particular, was the driving force behind the production of this documentary	Ctenus monaghani	Jäger, 2013	2013	2013	FALSE	Animalia	Arthropoda	Arachnida	Araneae	Ctenidae	https://doi.org/10.11646/zootaxa.3670.1
3075			accepted	species	Nicole D. Peeler	Cystomastacoides nicolepeelerae	Quicke, 2013	2013	Quicke_2013	FALSE	Animalia	Arthropoda	Insecta	Hymenoptera	Braconidae	https://doi.org/10.3897/jhr.31.3385
3076			accepted	species	Yuvraj Singh: to 'Indian King of Sixes' Yuvraj Singh, Indian cricketer for cheering the hearts of billions with his huge sixes	Cystomastacoides yuvraji	Ranjith, 2018	2018	RANJITH_2018	FALSE	Animalia	Arthropoda	Insecta	Hymenoptera	Braconidae	https://doi.org/10.11646/zootaxa.4387.2.7
3077			accepted	species	Malala Yousafzai: I have pleasure in naming this species after Malala Yousafzai (Malala = grief-stricken in the Pashto language), a co-recipient of the 2014 Nobel Peace Prize. Her leadership and activism for education is crucial to her generation's sound stewardship of the world's environment for peace and security	Discheramocephalus malalae	Darby, 2016	2016	DARBY_2016	FALSE	Animalia	Arthropoda	Insecta	Coleoptera	Ptiliidae	https://doi.org/10.11646/zootaxa.4097.3.9
3078			accepted	species	Lionel Messi: The work was sent in its final version to the Ameghiniana journal on 20 December [of 2022], when all the Argentinian people were celebrating the arrival of the players in the country. There was no other option. It is a small way to dedicate something to one of the two most important players in the history of the Argentine national team and world football. And to thank him for the joy he gave us	Discinisca messi	Pérez et al., 2023	2023	P_rez_2023	TRUE	Animalia	Brachiopoda	Lingulata	Lingulida	Discinidae	https://doi.org/10.5710/AMGH.23.01.2023.3544
3079			accepted	species	John Oliver	Dokimocephalus oliveri	Westrop, Waskiewicz Poole & Adrain, 2010	2010	Westrop_2010	TRUE						https://doi.org/10.1080/14772019.2010.489364
3080			accepted	species	Rebeca Andrade	Dolabellopsocus rebecandradeae	Lima, Silva-Neto & Rafael, 2025	2025	LIMA_2025	FALSE	Animalia	Arthropoda	Insecta	Psocodea	Dolabellopsocidae	https://doi.org/10.12976/jib/2025.64.2.1
3081			accepted	species	Carlos Alvarado: Named in honor of Sr. Carlos Alvarado of San Jose, Costa Rica, in recognition of his bravery for being the President of Costa Rica for 2018–2022 and strongly supporting the non-damaging biodevelopment of its wild biodiversity	Dolichogenidea carlosalvaradoi	Fernandez-Triana & Boudreault, 2025	2025	Fernandez_Triana_2025	FALSE						https://doi.org/10.3897/zookeys.1237.141007
3082			accepted	species	Claudia Dobles Camargo: Named in honor of Sra. Claudia Dobles of San Jose, Costa Rica in recognition of her support for her family, husband and the non-damaging biodevelopment of Costa Rica during his term as President (2018–2022)	Dolichogenidea claudiadoblesae	Fernandez-Triana & Boudreault, 2025	2025	Fernandez_Triana_2025	FALSE						https://doi.org/10.3897/zookeys.1237.141007
3083			accepted	species	Novak Djokovic: due to its speed, strength, flexibility, durability and ability to survive in a difficult environment." "He is the man who did much for this country. We feel urged to pay him back in the way we can	Duvalius djokovici	Ćurčić, Pavićević & Vesović, 2022	2022	_ur_i__2022	FALSE	Animalia	Arthropoda	Insecta	Coleoptera	Carabidae	https://doi.org/10.5735/086.059.0118
3084			accepted	species	Ronaldinho	Eulaema quadragintanovem	Nemésio & Ferrari, 2012	2012	NEM_SIO_2012	FALSE	Animalia	Arthropoda	Insecta	Hymenoptera	Apidae	https://doi.org/10.11646/zootaxa.3478.1.15
3085			accepted	species	Luis Díaz: The specific name is after Luis Diaz, a young Colombian football player born at the type locality, municipality of Barrancas, and a pride for Colombia and specially his hometown for his professional career and the many social contribution through his foundation "Sembrando Esperanza" which focuses on improving the life quality of Barrancas and nearby populations	Eutichurus luisdiazi	Casas et al., 2025	2025	CASAS_2025	FALSE	Animalia	Arthropoda	Arachnida	Araneae	Cheiracanthiidae	https://doi.org/10.11646/zootaxa.5691.3.2
3086			accepted	species	Robert Irwin: Named for Robert Irwin, conservationist and wildlife photographer, Australia Zoo	Figuladra robertirwini	L. Stanisic, 2024	2024	Stanisic_2024	FALSE	Animalia	Mollusca	Gastropoda			https://doi.org/10.1080/13235818.2024.2321650
3087			accepted	species	Tobey Maguire	Filistata maguirei	Marusik & Zamani, 2015	2015	Marusik_2015	FALSE	Animalia	Arthropoda	Arachnida	Araneae	Filistatidae	https://doi.org/10.15298/arthsel.24.4.05
3088			accepted	species	Greta Thunberg: Named after Greta Tintin Eleonora Ernman Thunberg, young advocate for action on climate change	Friesea gretae	Greenslade & Fanciulli, 2020	2020	Carapelli_2020	FALSE	Animalia	Arthropoda	Collembola	Poduromorpha	Neanuridae	https://doi.org/10.3390/insects11030141
3089			accepted	species	Lisa (rapper): named in honour of Lalisa Manobal, a famous Thai rapper, singer and dancer, whose motivation has greatly inspired the first author to overcome any obstacles during her Ph.D. study	Friesodielsia lalisae	Damth., Baka & Chaowasku		Damthongdee_2023	FALSE	Plantae	Tracheophyta	Magnoliopsida	Magnoliales	Annonaceae	https://doi.org/10.3372/wi.53.53103
3090			accepted	genus	Lady Gaga: named in honor of the American pop singer-songwriter-performer Lady Gaga, for her articulate and fervent defense of equality and individual expression in today's society. Because Lady Gaga speaks to the need for humanity to celebrate broad differences within its own species, we hereby provide her with a scientific namesake that characterizes the struggle to understand the intricate biology underlying cryptic patterns of diversity. Because public funding supports basic research, this naming honor allows us to acknowledge the confluence between science and public interests, and to make our findings more accessible and relevant to the diversity of individuals who fund our work. The name Gaga also echoes one of the molecular synapomorphies that characterizes the genus. At nucleotide positions 598–601 in the matK gene alignment, all Gaga species have "GAGA", a sequence pattern not seen at this site in any other cheilanthoid fern sampled". Concurrently with the genus, two species were described: Gaga germanotta, named for Lady Gaga's parents Cynthia and Joe Germanotta, and Gaga monstraparva, Latin for "little monster	Gaga	Pryer et al.		Li_2012	FALSE	Plantae	Tracheophyta	Polypodiopsida	Polypodiales	Pteridaceae	https://doi.org/10.1600/036364412X656626
3091			accepted	genus	Lady Gaga	Gagadon	Stucky & Covert, 2014	2014	Stucky_2014	TRUE						https://doi.org/10.1080/02724634.2013.827580
3092			accepted	species	Caddy Adzuba: Named in honour of Congolese lawyer Caddy Adzuba (Bukavu, 1981), laureate of the 2014 Prince of Asturias Award for Concord, an activist for women's rights, children's rights and freedom of the press in her country	Gibberula adzubae	Ortea, 2015	2015		FALSE	Animalia	Mollusca	Gastropoda	Neogastropoda	Cystiscidae	
3093			accepted	species	Yelena Isinbayeva: Named in honour of athlete Yelena Isinbayeva [...], winner of the 2009 Prince of Asturias Award for Sports; specialist in the pole vault, she was the first woman to surpass the height of 5 m. Gold medallist at the Athens Olympic Games (2004), she broke the World record 18 times	Gibberula isinbayevae	Ortea, 2015	2015		FALSE	Animalia	Mollusca	Gastropoda	Neogastropoda	Cystiscidae	
3094			accepted	species	Muse: This species is named after the music band, Muse. [The name] also refers to 'musings' over the placement of this species	Goniozus musae	Ward, 2013	2013	Ward_2013	FALSE						https://doi.org/10.1080/00779962.2012.759084
3095			accepted	species	A fossil pycnodont fish from the Jurassic of Germany. "In memory of Renée Good, who was shot dead by an ICE officer on 7 January 2026, in Minneapolis, Minnesota. She had tried to stand by her neighbours against the ICE operation"	Goodichthys prettii	Ebert, 2026	2026		TRUE						
3096			accepted	genus	Amanda Gorman: It was a very dark time," said Li. "The COVID-19 pandemic had been going on for almost a year, and then there were the riots at the U.S. Capitol on January 6, 2021." After rounds of fruitless brainstorming, the lab group found inspiration during President Joe Biden's inauguration, when poet Amanda Gorman read her poem, "The Hill We Climb." "At a point when it was sometimes difficult to find meaning in our research, Amanda Gorman gifted us with this incredibly uplifting poem that gave us a renewed sense of hope in the lab	Gormaniella	Lewis, Robison & Fay-Wei Li		Robison_2022	FALSE	Plantae	Chlorophyta	Chlorophyceae	Chaetopeltidales	Chaetopeltidaceae	https://doi.org/10.1002/ajb2.16015
3097			accepted	species	Keylor Navas: Named in honour of the outstanding Costa Rican sportsman Keilor Navas, captain of the Costa Rica national football team, a symbol for the youth of his country, "pura vida" (pure life) as some sports narrators nicknamed him, Trofeo Comunidad Iberoamericana 2018 at the [Spanish] Premios Nacionales del Deporte (National Sports Awards)	Granulina keilori	Espinosa & Ortea, 2019	2019		FALSE	Animalia	Mollusca	Gastropoda	Neogastropoda	Marginellidae	
3098			accepted	species	Oscar Piastri: honors Mr. Oscar Piastri for his achievements in Formula 1, and because the color of the amber piece recalled to the first author the iconic McLaren orange	Gwesped piastrii	Jouault, Huang & Azevedo, 2026	2026	Jouault_2026	TRUE						https://doi.org/10.1016/j.palwor.2026.201067
3099			accepted	species	Sara Duterte: I am thankful that everyone knows that I like flowers and I am happy that there is a flower named after me	Hoya indaysarae	M.N.Medina, R.J.T.Villanueva, Kloppenb. & Cabras			FALSE	Plantae	Tracheophyta	Magnoliopsida	Gentianales	Apocynaceae	
3100			accepted	species	Formiga: named after Miraildes Maciel Mota, a black Brazilian woman and footballer, popularly known as "Formiga" (=ant in Portuguese). Formiga holds many international records; she is the only player present in all female football editions in the Olympic Games (the first edition happened in 1996), and has participated in seven different FIFA Women's World Cups	Hylomyrma macielae	Ulysséa, 2021	2021	ULYSS_A_2021	FALSE	Animalia	Arthropoda	Insecta	Hymenoptera	Formicidae	https://doi.org/10.11646/zootaxa.5055.1.1
3101			accepted	species	Marielle Franco: named in honor of Marielle Franco (1979–2018), born Marielle Francisco da Silva, a black Brazilian woman, politician, feminist, and human rights activist, whose assassination, motivated by her positions and actions against all forms of discrimination, happened during her mandate as a representative in Rio de Janeiro local Assembly	Hylomyrma marielleae	Ulysséa, 2021	2021	ULYSS_A_2021	FALSE	Animalia	Arthropoda	Insecta	Hymenoptera	Formicidae	https://doi.org/10.11646/zootaxa.5055.1.1
3102			accepted	species	Alexandra Elbakyan: a patronym for Alexandra Elbakyan. She is a computer programmer and creator of Sci-Hub, a website which provides free access to scientific articles. Sci-Hub allows scientists worldwide to access articles that, otherwise, are behind paywalls and unaffordable in low- and middle-income countries. Our research has greatly benefited from access to relevant literature using Sci-Hub through the years	Hyloscirtus elbakyanae	Varela-Jaramillo, Streicher, Venegas & Ron, 2025	2025	Varela_Jaramillo_2025	FALSE	Animalia	Chordata	Amphibia	Anura	Hylidae	https://doi.org/10.3897/zookeys.1231.124926
3103			accepted	species	Sharon Needles	Ibexaspis coadyi	McAdams, Adrain & Karim, 2018	2018	McADAMS_2018	TRUE						https://doi.org/10.11646/zootaxa.4525.1.1
3104			accepted	species	Faker: The specific epithet is a noun in apposition taken from "Faker", an alias used by Sang-hyeok Lee, who is a highly esteemed e-sports athlete in the game League of Legends. His striving spirit has inspired the first author during his study of jumping spiders	Icius faker	Yang & Zhang, 2024	2024	YANG_2024	FALSE	Animalia	Arthropoda	Arachnida	Araneae	Salticidae	https://doi.org/10.11646/zootaxa.5447.2.1
3105			accepted	species	Alexandra Elbakyan: named in honour of [...][the] creator of the web-site Sci-Hub, in recognition of her contribution to making scientific knowledge available for all researchers." Because it is a parasitoid wasp, Elbakyan apparently felt offended by the naming, saying that "the real parasites are scientific publishers, and Sci-Hub, on the contrary, fights for equal access to scientific information	Idiogramma elbakyanae	Khalaim, 2017	2017	Khalaim_2017	FALSE	Animalia	Arthropoda	Insecta	Hymenoptera	Ichneumonidae	https://doi.org/10.3897/jhr.58.12919
3106			accepted	species	Mon Laferte	Iemanjavola monlafertei	Santelli, Del Río, De Araújo Távora & Feijó Ramos, 2024	2024	Santelli_2024	TRUE	Animalia	Mollusca	Bivalvia	Pectinida	Pectinidae	https://doi.org/10.4202/app.01129.2023
3107			accepted	species	Nirmal Purja: The specific epithet 'nimspurjae' honours Mr. Nirmal Purja (nickname Nimsdai) for his initiation on conservation through climate change champion. [sic]	Impatiens nimspurjae	Raskoti		Raskoti_2022	FALSE	Plantae	Tracheophyta	Magnoliopsida	Ericales	Balsaminaceae	https://doi.org/10.1371/journal.pone.0274699
3108			accepted	genus	Andrés Iniesta: Iniesta's foot", is "dedicated to Andrés Iniesta, the Spanish footballer who scored the winning goal in the 2010 World Cup final." In a press release, the discoverers said "The tracks indicate, as in the case of the footballer from La Mancha, firm, elegant, graceful, well-marked steps of a dinosaur with a peaceful character, enduring in time, leaving a good trace [...] In the same way that the footsteps of the dinosaurs of Burgos have lasted millions of years, the talent and successes of Andrés Iniesta make up a fundamental part of the history of the Spanish national team and world football	Iniestapodus	Torcida Fernández-Baldor et al., 2021	2021	Torcida_Fern_ndez_Baldor_2021	TRUE						https://doi.org/10.1038/s41598-021-95675-3
3109			accepted	species	Freya Allan: The species is named in honour of Miss Freya Allan, the British actress, who stars as Princess Cirilla Fiona Ellen Rianon – 'Ciri' in the internationally successful Netflix series The Witcher: also featured in the action comedy Gunpowder Milkshake and HBO Max's The Third Day	Iolaus freyaallanae	Sáfián, 2022	2022	S_fi_n_2023	FALSE	Animalia	Arthropoda	Insecta	Lepidoptera	Lycaenidae	https://doi.org/10.4314/met.v33i1.9
3110			accepted	species	Zak Kostopoulos: in tribute to Zaharias (Zak) Kostopoulos (1985–2018) a Greek LGBTQI + and HIV activist, and drag queen, known also as Zackie Oh	Iphianassa zackieohae	Panou & Gkelis, 2021	2021	Panou_2022	FALSE	Bacillati	Cyanobacteriota	Cyanophyceae	Nostocales	Scytonemataceae	https://doi.org/10.1016/j.ympev.2021.107322
3111			accepted	species	Ellen MacArthur: The species name honours Dame Ellen MacArthur, an English sailor who in 2005 set a world record for the fastest solo non-stop voyage around the world on her first attempt and who also founded the Ellen MacArthur Cancer Trust for young people on the Isle of Wight." MacArthur said it was "extraordinary and a huge honour", adding: "The fact that the Istiorachis 'sail' could be likened to the sails I have spent so much of my life below was very touching	Istiorachis macarthurae	Lockwood, Martill & Maidment, 2025	2025	Lockwood_2025	TRUE						https://doi.org/10.1002/spp2.70034
3112			accepted	species	Lady Gaga: If there is going to be a Lady Gaga bug, it's going to be a treehopper, because they've got these crazy horns, they have this wacky fashion sense about them; they're unlike anything you've ever seen before." He also compared its horns to shoulder pads, and commented "It's just kind of their theme as a family of insects to have these very diverse and other-worldly forms that you wouldn't expect from an insect. Gaga often brings the unexpected and makes it popular	Kaikaia gaga	Morris & Dietrich, 2020	2020	MORRIS_2020	FALSE	Animalia	Arthropoda	Insecta	Hemiptera	Membracidae	https://doi.org/10.11646/zootaxa.4729.2.9
3113			accepted	species	Marielle Franco: in honour of the Brazilian politician, feminist, and human rights activist Marielle Franco killed on 14 March 2018	Lactifluus marielleae	J.Duque & M.A.Neves (2020)	2020	Duque_Barbosa_2020	FALSE	Fungi	Basidiomycota	Agaricomycetes	Russulales	Russulaceae	https://doi.org/10.1080/14772000.2020.1769221
3114			accepted	species	Diana Trujillo: honors Diana Trujillo Pomerantz, a distinguished Colombian aerospace engineer, who has notably contributed to numerous NASA missions. She garnered significant recognition for her pivotal role in the Mars Curiosity Rover mission, where she initially served as a flight engineer before later taking a leadership position overseeing a team of engineers. Furthermore, Ms. Trujillo played a critical role in the Mars 2020 mission, specifically with the Perseverance rover [...] Notably, she facilitated NASA's inaugural Spanish-language broadcast for a Martian landing, a strategic endeavor aimed at fostering broader engagement within the Spanish-speaking scientific community and promoting inclusivity in space exploration. Finally, she stands as a beacon of inspiration, particularly for young women aspiring to forge careers in the STEM fields (Science, Technology, Engineering, and Mathematics)	Lepanthes dianatrujilloana	J.S. Moreno, Gal.-Tar., Sierra-Ariza, & Zuluaga		Moreno_2023	FALSE	Plantae	Tracheophyta	Liliopsida	Asparagales	Orchidaceae	https://doi.org/10.3100/hpib.v28iss2.2023.n4
3115			accepted	species	Nidia Góngora: is named in honor of Nidia Góngora, an influential singer-songwriter and founder of the musical band Canalón de Timbiquí, lead voice of Ondatropica, Pacifican Power, and co-founder of the musical project Quantic and Nidia Góngora from Colombia. Hailing from Santa Bárbara de Timbiquí, in the Cauca region, Nidia has devoted her life to promoting and preserving the traditional music of the Colombian Pacific and the Afro-Colombian cultural heritage. As a pioneering female figure in a musical genre, Nidia serves as an inspiration for many, especially women aspiring to make a mark in various fields	Lepanthes nidiagongorana	Gal.-Tar., J.S. Moreno, Zuluaga, & Sierra-Ariza		Moreno_2023	FALSE	Plantae	Tracheophyta	Liliopsida	Asparagales	Orchidaceae	https://doi.org/10.3100/hpib.v28iss2.2023.n4
3116			accepted	species	Emiliano Martínez: Dibu Martínez	Lepidobatrachus dibumartinez	Turazzini & Gómez, 2023	2023	Turazzini_2022	TRUE	Animalia	Chordata	Amphibia	Anura	Ceratophryidae	https://doi.org/10.1080/02724634.2023.2207092
3117			accepted	species	Katzenjammer: Species name composed of Latin 'lamentatio' (= mourning) and 'felium' (= of cats), honouring the Norwegian folk rock band Katzenjammer, in recognition of their energy-loaded approach to music and their masterpiece "Demon Kitty Rag"	Lillithaster lamentatiofelium	Thuy, Numberger-Thuy & Jagt, 2018	2018	Thuy_2018aa	TRUE	Animalia	Echinodermata	Ophiuroidea	Euryalida	Asteronychidae	https://doi.org/10.1007/s13358-018-0166-9
3118			accepted	species	Lionel Messi: in honour of Lionel Andrés Messi, a world-renowned Argentinian footballer, but above all a world-class example of humility and chivalry	Liolaemus messii	Ruiz et al., 2021	2021		FALSE	Animalia	Chordata	Reptilia	Squamata	Liolaemidae	
3119			accepted	species	Camilo Catrillanca: Honoring the memory of the Mapuche leader Camilo Catrillanca." Otero argued his choice of name pointing out that in Chile there is a lack of memory with the natural and historical facts. "That is why it makes to me more sense than ever to name this species after Camilo Catrillanca. Just as our natural history has been ignored, I would not want the sad recent history of this case to be ignored. That is why I wanted to honor his memory by dedicating this species to him," he said. "It is in honor of him, and in part, to point out again how important it is to remember and know our own history	Loancorhynchus catrillancai	Otero, 2019	2019	Otero_2019	TRUE						https://doi.org/10.7717/peerj.6671
3120			accepted	species	Lieven Scheire: We dedicate this new species to Lieven both in recognition of his efforts in raising public awareness of science (including taxonomy), especially for young people, in his TV shows, and as a present for his recent wedding	Lobofemora scheirei	Bressel & Constant, 2015	2015	Bresseel_2015	FALSE	Animalia	Arthropoda	Insecta	Phasmida	Phasmatidae	https://doi.org/10.5852/ejt.2015.115
3121			accepted	species	Alexander Rybak: The choice to dedicate the new species to Alexander Rybak is the fruit of our passion for the Eurovision Song Contest. We are both fans of this very popular, diverse and cheerful song contest, and we wanted to honour it with a reference to one of its most iconic winners	Macrobiotus rybaki	Stec & Vecchi, 2021	2021	Vecchi_2021	FALSE	Animalia	Tardigrada	Eutardigrada	Parachela	Macrobiotidae	https://doi.org/10.3897/zse.97.65280
3122			accepted	species	Caterine Ibargüen: in honour of Caterine Ibargüen Mena, world and Olympic triple jump champion, for her charisma and contribution to Colombian sport, and for sharing the talent of jumping with this particular and diverse group of spiders	Maeota ibargueni	Galvis, 2014	2014		FALSE	Animalia	Arthropoda	Arachnida	Araneae	Salticidae	
3123			accepted	genus	Tobey Maguire	Maguimithrax	Klompmaker et al., 2015	2015	Klompmaker_2015	FALSE	Animalia	Arthropoda	Malacostraca	Decapoda	Mithracidae	https://doi.org/10.7717/peerj.1301
3124			accepted	species	Teddy Riner: dedicated to Teddy Riner (Pointe-á-Pitre, Guadeloupe, 1989), the judo legend, 10 times world super-heavyweight champion, with 154 consecutive victories in 10 years, a sportsman admired by the Guadeloupeans, as we could see in our talks with the park rangers and local collaborators of the Karubenthos expedition, looking for names for new species	Marginellopsis rineri	Ortea, 2020	2020		FALSE	Animalia	Mollusca	Gastropoda	Neogastropoda	Marginellidae	
3125			accepted	species	Jacinda Ardern	Mecodema jacinda	Seldon & Buckley, 2019	2019	SELDON_F_L_S__2019	FALSE	Animalia	Arthropoda	Insecta	Coleoptera	Carabidae	https://doi.org/10.11646/zootaxa.4598.1.1
3126			accepted	species	Jigme Namgyel Wangchuck: named in honour of His Royal Highness Crown Prince of Bhutan, The Gyalsey, Jigme Namgyel Wangchuck, on the occasion of his first birthday	Megalestes gyalsey	Gyeltshen, Kalkman & Orr, 2017	2017	GYELTSHEN_2017	FALSE	Animalia	Arthropoda	Insecta	Odonata	Synlestidae	https://doi.org/10.11646/zootaxa.4244.4.9
3127			accepted	genus	Mei-Ting Sun: This new genus is named in honor of Mei-Ting Sun, the greatest pianist living contemporary	Meitingsunes	Glowska & Skoracki 2010	2010	GLOWSKA_2010	FALSE	Animalia	Arthropoda	Arachnida	Trombidiformes	Syringophilidae	https://doi.org/10.11646/zootaxa.2514.1.6
3128			accepted	species	Alissa White-Gluz: to honour Alissa White-Gluz, singer of death metal band Arch Enemy, for being an inspiring person, and to pay tribute to the intensity, authenticity and passion that she conveys in her powerful vocals." "It's a real honour", declared the singer. "The fact that such an important discovery was made while the palaeontologist was listening to our music is something quite special. Combining art and science in this way is impressive	Melusinaster alissawhitegluzae	Thuy & Stöhr, 2018	2018	Thuy_2018a	TRUE	Animalia	Echinodermata	Ophiuroidea	Euryalida		https://doi.org/10.1038/S41598-018-26877-5
3129			accepted	species	Luo Qi (singer): honoring the Chinese rock singer Mrs. Qi Luo, which encouraged the author by her courage, freedom and spirit of exploration	Meotipa luoqiae	Lin & Li, 2021	2021		FALSE	Animalia	Arthropoda	Arachnida	Araneae	Theridiidae	https://doi.org/10.11865/zs.2021201
3130			accepted	species	Mohamed Salah	Meranoplus mosalahi	Sharaf & Aldawood, 2019	2019	Sharaf_2019aa	FALSE	Animalia	Arthropoda	Insecta	Hymenoptera	Formicidae	https://doi.org/10.7717/peerj.6287
3131			accepted	species	Princess Elisabeth, Duchess of Brabant: named in honour of Her Royal Highness Princess Elisabeth of Belgium who already gave Her name to the Belgian research station on Antarctica	Microcostatus elisabethianus	Van de Vijver & Ector		Van_de_Vijver_2019a	FALSE						https://doi.org/10.5091/plecevo.2019.1600
3132			accepted	species	Edy Tavares: dedicated to Walter (Edy) Tavares (Maio, 22.3.1992), outstanding Cape Verdean basketball player, who has contributed in a decisive and incontestable manner to the classification of his country's team for the world championship of that sport. The white mantle that covers the animal's shell when it moves, a true meringue, is a tribute to Real Madrid, the Spanish team in which Tavares plays	Mirpurina edytavaresi	Ortea & Moro, 2023	2023		FALSE	Animalia	Mollusca	Gastropoda	Neogastropoda	Marginellidae	
3133			accepted	species	Khalida Popal: Khalida Popal (born 1987) is an Afghan football player and director. She is the Program and Event Director of the Afghanistan Women's National Football Team. After the Taliban regained power in Afghanistan in August–September 2021, she helped coordinate the evacuation of young female Afghan football players and their families, 135 persons in total, who eventually landed in the UK on November 18th 2021	Nama khalidae	Meregalli & Borovec, 2023	2023	Meregalli_2023	FALSE	Animalia	Arthropoda	Insecta	Coleoptera	Curculionidae	https://doi.org/10.3390/d15080944
3134			accepted	species	Yusra Mardini: Yusra Mardini (born 1998) is a former Syrian competition swimmer and refugee of the Syrian civil war. She also competed in the 2020 Summer Olympics in Tokyo, held in 2021, with the Refugee Olympic Team (EOR). In August 2015, while escaping by boat from the war, the motor stopped working and the dinghy began to take on water. Yusra and her sister Sarah jumped into the water and pushed and pulled the boat for over 3 h at night, saving all the people from drowning. She was named one of the 100 most influential people in the world by Time magazine in 2023, alongside her sister, Sarah	Nama yusrae	Meregalli & Borovec, 2023	2023	Meregalli_2023	FALSE	Animalia	Arthropoda	Insecta	Coleoptera	Curculionidae	https://doi.org/10.3390/d15080944
3135			accepted	species	Marielle Franco: a tribute to the councilwoman of the city of Rio de Janeiro, Marielle Franco, an important fighter for human rights, who was found to have been murdered in 2018	Nereis mariellae	Bergamo et al., 2023	2023	Bergamo_2023	FALSE	Animalia	Annelida	Polychaeta	Phyllodocida	Nereididae	https://doi.org/10.1093/zoolinnean/zlad122
3136			accepted	species	Neisi Dájomes: honoring Neisi Dajomes, the first Ecuadorian woman to win a gold medal at the Olympic Games	Nymphargus dajomesae	Masache-Sarango, Cisneros-Heredia & Ron, 2026	2026	Masache_Sarango_2026	FALSE	Animalia	Chordata	Amphibia	Anura	Centrolenidae	https://doi.org/10.1371/journal.pone.0345097
3137			accepted	species	Jacinda Ardern: Named in honour of Jacinda Ardern (1980–), the 40th Prime Minister of New Zealand, and the third and youngest woman to hold that position. In bestowing this name, we also wish to acknowledge that Ocellularia jacinda-arderniae was discovered in 2018, the 125th anniversary of women's suffrage in New Zealand, making it all the more fitting that we name a lichen after a prominent female New Zealand politician	Ocellularia jacinda-arderniae	A.J.Marshall, Blanchon, Lücking & de Lange (2019)	2019	Marshall_2019	FALSE	Fungi	Ascomycota	Lecanoromycetes	Ostropales	Graphidaceae	https://doi.org/10.1080/0028825X.2019.1701504
3138			accepted	species	Greta Thunberg: The dedicatee of this new species is the Swedish teenage climate activist Greta Thunberg. Starting with a single-person school strike and demonstration to save our climate she has sparked the global movement "Fridays for Future" supported primarily by young people and managed to finally get momentum in global politics toward action against climate change after warnings of scientists have been largely ignored for more than 30 years. We wish her and the movement the endurance necessary to keep the pressure up!	Opacuincola gretathunbergae	Verhaegen & Haase, 2021	2021	Verhaegen_2021	FALSE	Animalia	Mollusca	Gastropoda	Littorinimorpha	Tateidae	https://doi.org/10.5852/ejt.2021.731.1205
3139			accepted	species	The Ocean (band): Species named in honour of progressive metal band 'The Ocean'. Musicians who so skillfully combine arts and science, composing albums like Precambrian (with songs named after the periods of the Precambrian), Pelagial (with songs named after the bathymetric subdivisions of the water column) and Phanerozoic as well as the song "Turritopsis dohrnii" referring to the immortal jellyfish from the Mediterranean, are more than deserving of being immortalized in the fossil record	Ophiacantha oceani	Numberger-Thuy & Thuy, 2020	2020	NUMBERGER_THUY_2020	TRUE	Animalia	Echinodermata	Ophiuroidea	Ophiacanthida	Ophiacanthidae	https://doi.org/10.11646/zootaxa.4820.1.2
3140			accepted	species	Avatar (band): named in honour of Swedish metal band Avatar, to honour their outstanding musical creativity that has been inspiring our research activities during the last years	Ophiocoma avatar	Thuy & Numberger-Thuy, 2023	2023	Thuy_2023	TRUE	Animalia	Echinodermata	Ophiuroidea	Ophiacanthida	Ophiocomidae	https://doi.org/10.3390/taxonomy3030020
3141			accepted	genus	Joe Duplantier and Mario Duplantier: named after Joseph (Joe) and Mario Duplantier of French metal band Gojira, to honour their inspiring artistic achievements and their authentic, compassionate personalities	Ophioduplantiera	Thuy, Numberger-Thuy & Pineda-Enríquez, 2021	2021	Thuy_2021	TRUE	Animalia	Echinodermata	Ophiuroidea	Ophiurida	Ophiuridae	https://doi.org/10.1098/rsos.210643
3142			accepted	species	Christian Andreu	Ophiogojira andreui	Thuy, Numberger-Thuy & Pineda-Enríquez, 2021	2021	Thuy_2021	TRUE	Animalia	Echinodermata	Ophiuroidea	Ophiurida		https://doi.org/10.1098/rsos.210643
3143			accepted	species	Jensen Ackles: named in honour of Texas-born actor Jensen Ackles; my wife urged me to do so	Ophiojagtus acklesi	Thuy, 2013	2013		TRUE	Animalia	Echinodermata	Ophiuroidea	Ophiacanthida	Ophiacanthidae	
3144			accepted	species	Archspire: named after Canadian, technical death metal band, Archspire, in recognition of their transcendent form of this music style while simultaneously building on the tradition formed by the progenitor bands	Ophiolofsson archspire	Thuy, Eriksson, Kutscher & Numberger-Thuy, 2024	2024	Thuy_2024	TRUE	Animalia	Echinodermata	Ophiuroidea			https://doi.org/10.5852/ejt.2024.947.2631
3145			accepted	species	Rhianna Pratchett: Species named in honour of English video game writer and journalist Rhianna Pratchett, for her gamebook Crystal of Storms that reinvigorated stamina in moments of frustration during work on the present study	Ophiomisidium pratchettae	Thuy & Numberger-Thuy, 2021	2021	Thuy_2021a	TRUE	Animalia	Echinodermata	Ophiuroidea	Ophiurida	Astrophiuridae	https://doi.org/10.1144/SP514-2021-3
3146			accepted	species	Floor Jansen: Floor Jansen, lead singer of the Finnish band Nightwish in recognition of her long-standing career in metal, her general interest in all things (palaeo)biological and her and the band's use of fossils for artwork	Ophiomitrella floorae	Thuy, Numberger-Thuy & Jagt, 2020	2020	Thuy_2020	TRUE	Animalia	Echinodermata	Ophiuroidea	Ophiacanthida	Ophiacanthidae	https://doi.org/10.7717/peerj.9671
3147			accepted	species	Abiy Ahmed: honours his Excellency Dr Abiy Ahmed Ethiopia's Prime Minister, the 2019 Nobel Peace Prize Laureate, for his tremendous contributions to Ethiopia and the Horn of African geopolitics	Orbamia abiyi	Hausmann & Tujuba, 2020	2020	Tujuba_2020	FALSE	Animalia	Arthropoda	Insecta	Lepidoptera	Geometridae	https://doi.org/10.3897/zookeys.929.50391
3148			accepted	species	Mick Fanning: in honour of Australian surfer, Mick Fanning, whose path to surfing greatness has incorporated all the attributes of a champion, including overcoming personal tragedy, career-threatening injury and one of sport's greatest competitive dynasties to reach surfing's highest echelon three times. He has a love for water and has a strong Queensland connection with his favourite "break" being at Queensland's iconic Snapper Rocks at Coolangatta	Ornodolomedes mickfanningi	Raven & Hebron, 2018	2018	Raven_2018	FALSE	Animalia	Arthropoda	Arachnida	Araneae	Dolomedidae	https://doi.org/10.17082/j.2204-1478.60.2018.2017-06
3149			accepted	species	Nairo Quintana: dedicated to the Colombian sportsman Nairo Quintana, one of the "escarabajos" of the new generation of Colombian cyclists, winner of the 2014 Giro d'Italia	Oxelytrum nairoi	Amat-García & Valcárcel, 2014	2014		FALSE	Animalia	Arthropoda	Insecta	Coleoptera	Staphylinidae	
3150			accepted	species	James Rodríguez: Named in honor of James David Rodríguez Rubio, arguably the best Colombian professional football (soccer) player in history	Paragorgia jamesi	Herrera & Shank, 2016	2016	Herrera_2016	FALSE	Animalia	Cnidaria	Octocorallia	Scleralcyonacea	Coralliidae	https://doi.org/10.1016/j.ympev.2016.03.010
3151			accepted	species	Martín López	Parakoldinioidia lopezi	Westrop & Adrain, 2014	2014		TRUE	Animalia	Arthropoda	Trilobita		Missisquoiidae	
3152			accepted	species	Martín Méndez	Parakoldinioidia mendezi	Westrop & Adrain, 2014	2014		TRUE	Animalia	Arthropoda	Trilobita		Missisquoiidae	
3153			accepted	species	Marielle Franco: a tribute to Marielle Franco, a Brazilian human rights activist, a symbol of the fight against social inequality and in favor of the rights of black women in Brazil	Pararhagadochir marielleae	Szumik, Pereyra & Juárez, 2022	2022	Szumik_2022	FALSE	Animalia	Arthropoda	Insecta	Embioptera	Scelembiidae	https://doi.org/10.3897/zookeys.1088.72910
3154			accepted	species	Kawhi Leonard: named in honor of the National Basketball Association player Kawhi Leonard who has the longest wingspan in the American National Basketball Association	Pararoncus leonardi	Jeong & Harms, 2024	2024	Jeong_2024	FALSE	Animalia	Arthropoda	Arachnida	Pseudoscorpiones	Syarinidae	https://doi.org/10.3897/evolsyst.8.123108
3155			accepted	species	Mun Tae-yeong: named after the former Korean Basketball League player Tae Young Moon who has the longest wingspan ratio in the Korean Basketball League	Pararoncus taeyoungi	Jeong & Harms, 2024	2024	Jeong_2024	FALSE	Animalia	Arthropoda	Arachnida	Pseudoscorpiones	Syarinidae	https://doi.org/10.3897/evolsyst.8.123108
3156			accepted	species	Harish Sivaramakrishnan: dedicated to Mr. Harish Sivaramakrishnan, Carnatic singer and vocalist of Agam band for his continuing journey in the realm of independent music, imaginative talk and making many listeners to think 'out of the box'	Paroligoneurus harishi	Ranjith & van Achterberg, 2020	2020	RANJITH_2020	FALSE	Animalia	Arthropoda	Insecta	Hymenoptera	Braconidae	https://doi.org/10.11646/zootaxa.4786.3.5
3157			accepted	species	Princess Alexia of the Netherlands	Penicillium alexiae	Visagie, Houbraken & Samson, 2013	2013	Visagie_2013	FALSE	Fungi	Ascomycota	Eurotiomycetes	Eurotiales	Aspergillaceae	https://doi.org/10.3767/003158513X667410
3158			accepted	species	Catharina-Amalia, Princess of Orange	Penicillium amaliae	Visagie, Houbraken & Jacobs, 2013	2013	Visagie_2013	FALSE	Fungi	Ascomycota	Eurotiomycetes	Eurotiales	Aspergillaceae	https://doi.org/10.3767/003158513X667410
3159			accepted	species	Princess Ariane of the Netherlands	Penicillium arianeae	Visagie, Houbraken & Samson, 2013	2013	Visagie_2013	FALSE	Fungi	Ascomycota	Eurotiomycetes	Eurotiales	Aspergillaceae	https://doi.org/10.3767/003158513X667410
3160			accepted	species	Biffy Clyro: derived from the band Biffy Clyro, which boosted the mood throughout the description of the new species	Pentaceration bifficlyro	Kaiser & Marner, 2012	2012	Kaiser_2012	FALSE	Animalia	Arthropoda	Malacostraca	Isopoda	Paramunnidae	https://doi.org/10.1002/zoos.201200015
3161			accepted	species	Claudia Dobles Camargo: named in honor of Claudia Dobles Camargo, First Lady of Costa Rica and dedicated biopolitical force for Costa Rica's survival and socioeconomic development as a truly green tropical country that is on its way to becoming bioliterate while being an exemplary tropical country for controlling, mitigating and reducing its contributions to climate change	Percnarcha claudiadoblesae	Metz, 2020	2020		FALSE	Animalia	Arthropoda	Insecta	Lepidoptera	Gelechiidae	
3162			accepted	species	Simona Halep: The species is dedicated to the famous tennis player Simona Halep, born in the same county as the type locality." The authors "were very happy afterwards to receive Simona Halep's agreement, through her legal officer, who informed us that she was honoured by our initiative. [...] We dedicate this scientific discovery to Simona Halep, as a sign of honour and recognition for her performance and for the way she bears Romania's name in the world, as we also do in the field of research	Phlebotomus simonahalepae	Cazan, Erisoz Kasap & Mihalca, 2021	2021	Cazan_2021	FALSE	Animalia	Arthropoda	Insecta	Diptera	Psychodidae	https://doi.org/10.1186/s13071-021-04929-6
3163			accepted	species	Tata Young	Pholcus youngae	Huber, 2011	2011	Huber_2018	FALSE	Animalia	Arthropoda	Arachnida	Araneae	Pholcidae	https://doi.org/10.3897/zookeys.789.22781
3164			accepted	species	Francia Márquez: Named to honor Francia Elena Márquez Mina, Vice-president of the Republic of Colombia (2022–2026), social leader, environmental activist, and Goldman Prize winner (2018), her work has been of vital importance in the social struggles in Colombia. She carried out activities supporting the conservation of rivers, customs, and the territory of the Afro-Colombian people. She is a tireless fighter against indiscriminate mining	Pleurothallis franciana	Sierra-Ariza		Sierra_Ariza_2023	FALSE	Plantae	Tracheophyta	Liliopsida	Asparagales	Orchidaceae	https://doi.org/10.15517/lank.v23i1.54321
3165			accepted	species	Anders Matthesen	Podistra mattheseni	Fanti & Damgaard, 2020	2020		TRUE						
3166			accepted	species	Greta Thunberg: in honor for Greta Thunberg, a Swedish student, and her global climate activism. [...] Greta Thunberg represents the authentic voice that exposes the motivations behind the diplomatic curtain of politicians and business stakeholders. Her voice is essential if we want to revert to and maintain a healthy environment on the planet we all share, and not least, learn to respect its magnificent mega-diversity of life that took millions of years to evolve	Pristimantis gretathunbergae	Mebert et al., 2022	2022	Mebert_2022	FALSE	Animalia	Chordata	Amphibia	Anura	Strabomantidae	https://doi.org/10.3897/zookeys.1081.63009
3167			accepted	species	Rigoberto Urán: The specific name is a patronym for Rigoberto (Rigo) Urán, a Colombian cyclist born in Urrao, Antioquia, type locality of the new species. Rigo Uran represents, despite adversity, the struggle to become a great athlete. The new taxon is native to the northern Andes, mountains widely conquered by the Colombian cyclists	Pristimantis urani	Rivera-Correa & Daza, 2016	2016		FALSE	Animalia	Chordata	Amphibia	Anura	Strabomantidae	
3168			accepted	species	Andrew Garfield	Pritha garfieldi	Marusik & Zamani, 2015	2015		FALSE	Animalia	Arthropoda	Arachnida	Araneae	Filistatidae	
3169			accepted	species	Mili: to honor the music group Mili and their incredible music and art	Psyllipsocus mili	Weingardt, Liang & Yoshizawa, 2025	2025	Weingardt_2025	TRUE	Animalia	Arthropoda	Insecta	Psocodea	Psyllipsocidae	https://doi.org/10.1016/j.asd.2025.101409
3170			accepted	species	Trevor Noah: dedicated to the South African comedian Trevor Noah whose performances were a welcomed entertainment to the first author	Relictorygmus trevornoahi	Seidel, Minoshima, Arriaga-Varela & Fikáček, 2018	2018	Seidel_2018	FALSE	Animalia	Arthropoda	Insecta	Coleoptera	Hydrophilidae	https://doi.org/10.3161/00034541ANZ2018.68.2.011
3171			accepted	species	Ivana Španović: is named after Ivana Španović, a famous Serbian athlete, one of the greatest female long jumpers of all time. She is the reigning world champion, two-time world indoor champion, two-time European champion, three-time European indoor champion, five-time winner of the Diamond League Trophy and Olympic medalist in the women's long jump	Remyella spanovicae	Ćurčić, Vrbica & Vesović, 2025	2025	_ur_i__2025	FALSE						https://doi.org/10.5852/ejt.2025.997.2941
3172			accepted	species	Greta Thunberg: in honour of Greta Thunberg, the Swedish environmentalist known for challenging world leaders to take immediate action to mitigate the climate change	Rhinocosmetus gretathunbergae	Vanuytven, Jocqué & Deeleman-Reinhold, 2024	2024		FALSE	Animalia	Arthropoda	Arachnida	Araneae	Theridiidae	
3173			accepted	species	Nafissatou Thiam	Rhinoliparus nafithiamae	Vanuytven, Jocqué & Deeleman-Reinhold, 2024	2024		FALSE	Animalia	Arthropoda	Arachnida	Araneae	Theridiidae	
3174			accepted	species	Nisha Ayub: Named in honor of Nisha Ayub, Malaysian transgender activist and recipient of the International Women of Courage Award 2016, who was born in the state of Malacca where specimens were collected. We honor her courage in the fight for equality and protection of all people	Sacoproteus nishae	Krug et al., 2018	2018	Krug_2018	FALSE	Animalia	Mollusca	Gastropoda		Limapontiidae	https://doi.org/10.1111/zsc.12310
3175			accepted	species	Greta Thunberg: This species is named after Greta Thunberg to honor her commitment and unrelenting efforts to protect our planet	Sarcohyla gretae	Kaplan, Heimes, McCormack & Torres Pérez-Coeto, 2025	2025	Kaplan_2025	FALSE	Animalia	Chordata	Amphibia	Anura	Hylidae	https://doi.org/10.2994/SAJH-D-24-00003.1
3176			accepted	species	Tuomas Holopainen: named after Mr. Tuomas Holopainen, the founder, songwriter and keyboardist of a Finnish metal band, Nightwish." "I am very, very touched," Holopainen said in a statement, "This is the highest honor a nature nerd like me can receive	Sciophila holopaineni	Salmela, 2017	2017	Salmela_2017	FALSE	Animalia	Arthropoda	Insecta	Diptera		https://doi.org/10.3897/BDJ.5.e11760
3177			accepted	genus	Shakira: In honour of Shakira, a Colombian singer who has inspired generations with her music and dance; music that has accompanied the first author's fieldwork for decades. Shakira also serves as an example of uniqueness, much like the fossil turtle described herein	Shakiremys	Cadena et al., 2025	2025	Cadena_2025	TRUE						https://doi.org/10.1002/spp2.70051
3178			accepted	species	Alexandra Elbakyan	Sibogasyrinx elbakyanae	Kantor, Puillandre & Bouchet, 2021	2021	Kantor_2021	FALSE	Animalia	Mollusca	Gastropoda	Neogastropoda	Cochlespiridae	https://doi.org/10.5852/ejt.2021.773.1509
3179			accepted	species	José Bautista	Sicoderus bautistai	Anderson, 2018	2018	ANDERSON_2018	FALSE	Animalia	Arthropoda	Insecta	Coleoptera	Curculionidae	https://doi.org/10.11646/zootaxa.4497.3.1
3180			accepted	species	Carole Dieschbourg: Species named after Carole Dieschbourg, Luxembourg environment minister at the time of publication of this paper, for her achievements towards a more sustainable society, but also as an incentive to pursue a rigorous, science-based policy towards climate change mitigation	Sinosura dieschbourgae	Thuy & Numberger-Thuy, 2021	2021		TRUE	Animalia	Echinodermata	Ophiuroidea	Ophioleucida	Ophioleucidae	
3181			accepted	species	Alexandra Elbakyan: This species is named in honour of Alexandra Elbakyan, the intrepid crusader from the Republic of Kazakhstan, who by founding the website Sci-Hub, took on the giants of the publishing industry in her quest to democratize knowledge by 'removing all barriers in access to scientific knowledge'	Sparasion elbakyanae	Veenakumari, 2023	2023	Veenakumari_2023	FALSE	Animalia	Arthropoda	Insecta	Hymenoptera	Scelionidae	https://doi.org/10.1186/s40850-023-00169-6
3182			accepted	species	Bruno Pereira	Spathaspora brunopereirae	Santos et al. (2023)	2023	Santos_2023	FALSE	Fungi	Ascomycota	Saccharomycetes	Saccharomycetales	Saccharomycetaceae	https://doi.org/10.1099/ijsem.0.005752
3183			accepted	species	Pauline Ferrand-Prévot	Spathiopteryx ferrandprevotae	Brazidec & Perrichot, 2026	2026	Brazidec_2026	TRUE						https://doi.org/10.1016/j.annpal.2026.102915
3184			accepted	species	Jetsun Pema: named in loving and respectful honor of Her Majesty the Queen Jetsun Pema Wangchuck of Bhutan, who has a dedicated and sincere interest in the protection of the environment and the wild flora and fauna of Bhutan	Spathoglottis jetsuniae	Gyeltshen, Tobgyel & Dalström		Gyeltshen_2017a	FALSE	Plantae	Tracheophyta	Liliopsida	Asparagales	Orchidaceae	https://doi.org/10.15517/lank.v17i3.31575
3185			accepted	species	Pavlos Fyssas: in tribute to Pavlos Fyssas (1979–2013) a Greek musician and activist, murdered by a member of the criminal organization Golden Dawn	Speos fyssasii	Panou & Gkelis, 2021	2021		FALSE	Bacillati	Cyanobacteriota	Cyanophyceae	Leptolyngbyales	Leptolyngbyaceae	
3186			accepted	species	Alexandra Elbakyan: honors Alexandra Elbakyan, founder of Sci-Hub, "a project created to make the knowledge free". Her program has been helpful to access articles, books, and journals, which otherwise would be out of the financial reach for most students." It was originally described as Spigelia elbakyanii, but this name was emended by the authors because the "correct termination, however, for an epithet dedicated to a woman (Alexandra Elbakyan) is -iae, instead of -ii	Spigelia elbakyaniae	S.Islas & L.O.Alvarado		ISLAS_HERN_NDEZ_2020	FALSE	Plantae	Tracheophyta	Magnoliopsida	Gentianales	Loganiaceae	https://doi.org/10.11646/phytotaxa.477.2.12
3187			accepted	species	Rodne Galicha: The new species is dedicated to Rodne Rodiño Galicha, Filipino environmentalist and human rights activist, born in Sibuyan Island [the type locality], in recognition of its involvement in biodiversity conservation and natural resources conservation	Stammericaris galichai	Cottarelli & Bruno, 2025	2025	COTTARELLI_2025	FALSE	Animalia	Arthropoda	Copepoda		Parastenocarididae	https://doi.org/10.11646/zootaxa.5609.2.4
3188			accepted	species	Gustavo Kuerten: The specific name is a patronym in honor of Gustavo Kuerten, known by the nickname, Guga. He is a retired former professional tennis player who was born in Florianópolis, Santa Catarina, Brazil [the type locality] [...]. In 2000, he reached the No. 1 position in world ranking of Association of Tennis Professionals. He has received honors from several institutions related to tennis and social activities	Stenoterommata gugai	Indicatti et al., 2017	2017	INDICATTI_2017	FALSE	Animalia	Arthropoda	Arachnida	Araneae	Pycnothelidae	https://doi.org/10.11646/zootaxa.4254.4.2
3189			accepted	species	Greta Thunberg: Gretae honors the iconic Swedish climate activist Greta Thunberg (b. 2003) in recognition of her sustained efforts to secure a habitable future, mobilizing the world's young people to persuade nation government leaders for more aggressive climate action for both humans and lichens alike	Sticta gretae	Di Meglio & Goward (2023)	2023	Di_Meglio_2023	FALSE	Fungi	Ascomycota	Lecanoromycetes	Peltigerales	Lobariaceae	https://doi.org/10.1639/0007-2745-126.1.090
3190			accepted	species	Roger Federer: This species is named for tennis champion Roger Federer because of the distinctive racquet-shaped male palpus	Strongylophthalmyia federeri	Evenhuis, 2016	2016	EVENHUIS_2016	FALSE	Animalia	Arthropoda	Insecta	Diptera	Strongylophthalmyiidae	https://doi.org/10.11646/zootaxa.4189.2.1
3191			accepted	species	Nairo Quintana: Named in honor of renowned Colombian racing cyclist Nairo Alexander Quintana Rojas, in recognition and appreciation for his outstanding effort and dedication, as well as for bringing pride and happiness to the Colombian nation	Tanaella quintanai	Morales-Núñez & Ardila, 2019	2019	Morales_N_ez_2019	FALSE	Animalia	Arthropoda	Malacostraca	Tanaidacea	Tanaellidae	https://doi.org/10.7717/peerj.7571
3192			accepted	species	Tuukka Rask: This species is named after Tuukka Rask, the acrobatic goaltender for the Finnish National ice hockey team and the Boston Bruins, whose glove hand is as tenacious as the raptorial fore tarsus of this dryinid species	Thaumatodryinus tuukkaraski	Olmi, Copeland & Guglielmino, 2015	2015		FALSE						
3193			accepted	genus	Greta Thunberg: Named after Greta Thunberg (*2003 in Sweden), a young and courageous climate activist fighting against global warming, ignorant stakeholders and for a better future on our planet. In fact, global warming and other issues caused by humans affect all parts of the nature including Madagascar's nature in general and its spider fauna in particular	Thunberga	Jäger, 2020	2020	J_GER_2020	FALSE	Animalia	Arthropoda	Arachnida	Araneae	Sparassidae	https://doi.org/10.11646/zootaxa.4790.2.3
3194			accepted	species	Boyan Slat: named for the inventor and entrepreneur Boyan Slat (*1994 in the Netherlands) for initiating the ocean clean-up	Thunberga boyanslat	Jäger, 2021	2021	J_ger_2021	FALSE	Animalia	Arthropoda	Arachnida	Araneae	Sparassidae	https://doi.org/10.13156/arac.2020.18.7.718
3195			accepted	species	Greta Thunberg: The species is named for Greta Thunberg (*2003 in Sweden) for her strong commitment for a better future on our planet	Thunberga greta	Jäger, 2020	2020		FALSE	Animalia	Arthropoda	Arachnida	Araneae	Sparassidae	
3196			accepted	species	Jyoti Kumari: named for the 15-year-old girl Jyoti Kumari from India who drove her ailing father with her bicycle 1200 km from Sikandarpur (Haryana) to Darbhanga (Bihar) to allow him treatment in his home village; the name is chosen for all loving and caring persons on our planet	Thunberga jyoti	Jäger, 2021	2021		FALSE	Animalia	Arthropoda	Arachnida	Araneae	Sparassidae	
3197			accepted	species	Malala Yousafzai: The species honours Malala Yousafzai (*1997 in Pakistan), an activist for female education and children's rights and the youngest Nobel Prize laureate in history	Thunberga malala	Jäger, 2021	2021		FALSE	Animalia	Arthropoda	Arachnida	Araneae	Sparassidae	
3198			accepted	species	Greta Thunberg: Named in honour of Greta Thunberg, the initiator of the single-person campaign 'Skolstrejk för klimatet' in Sweden. Her personal initiative developed into a large international movement, consisting mainly of young people in many countries worldwide, and now known as 'Fridays for Future'. The campaign demands consequent and stringent global action to protect the Earth's climate. The morphological peculiarity of the new species described here, an effective claw or pincer, may be taken as an allusion to the single-minded and tenacious energy applied by Greta Thunberg to the aims of the campaign	Thunbergia gretae	Martens, 2020	2020	Martens_2020	FALSE	Animalia	Arthropoda	Arachnida	Opiliones	Sclerosomatidae	https://doi.org/10.1016/j.jcz.2020.03.010
3199			accepted	species	Carlos Alvarado: named in honor of Carlos Alvarado Quesada, President of Costa Rica, who is philosophically and practically dedicated to facilitating Costa Rica's continued growth into being the most green tropical country of all. He encourages Costa Rican bioliteracy for conservation of its wild biodiversity, which is relevant to the forests in which his patronym moth lives	Tinaegeria carlosalvaradoi	Metz, 2020	2020	METZ_2020	FALSE	Animalia	Arthropoda	Insecta	Lepidoptera	Stathmopodidae	https://doi.org/10.11646/zootaxa.4810.1.2
3200			accepted	species	Floor Jansen: How special to have the honor of having a beautiful animal named after me	Tmesisternus floorjansenae	Weigel, 2018	2018		FALSE	Animalia	Arthropoda	Insecta	Coleoptera	Cerambycidae	
3201			accepted	species	Greta Thunberg: named in honour of the climate change activist Greta Thunberg, in recognition of her work in raising consciousness of the potentially catastrophic pressures on the natural environment in places where this species and the other species reviewed in this paper occur	Topiris thunbergella	Sterling & Lees, 2025	2025	Sterling_2025	FALSE	Animalia	Arthropoda	Insecta	Lepidoptera	Xyloryctidae	https://doi.org/10.3897/zookeys.1229.119155
3202			accepted	species	John Oliver: Named in honor of comedian John Oliver and his team, whose commentary on Last Week Tonight breaches the realm of comedy and enters journalism. News and politics, like science, require both challenging misinformation and effectively communicating those challenges—tasks Oliver has humbly mastered	Torrenticola oliveri	Fisher et al., 2017	2017	Fisher_2017	FALSE	Animalia	Arthropoda	Arachnida	Trombidiformes	Torrenticolidae	https://doi.org/10.3897/zookeys.701.13261
3203			accepted	species	Novak Djokovic: named after Novak Djokovic, a famous Serbian tennis player, to acknowledge his inspiring enthusiasm and energy." "I don't know how symbolic this is, because throughout my career I always tried to be fast and then a snail was named after me," Djokovic said, cracking a laugh. "Maybe it's a message for me, telling me to slow down a bit!" "I am honoured that a new species of snail was named after me because I am a big fan of nature and ecosystems and I appreciate all kinds of animals and plants," Djokovic added. "I try to live in harmony with nature. The news made me laugh	Travunijana djokovici	Grego & Pešić, 2021	2021	Grego_2021	FALSE	Animalia	Mollusca	Gastropoda	Littorinimorpha	Hydrobiidae	https://doi.org/10.3897/subtbiol.38.64762
3204			accepted	species	Rafael Nadal	Troporhogas rafaelnadali	Quicke, Loncle & Butcher, 2024	2024	Quicke_2024	FALSE	Animalia	Arthropoda	Insecta	Hymenoptera	Braconidae	https://doi.org/10.3897/zookeys.1206.120824
3205			accepted	species	Roger Federer	Troporhogas rogerfedereri	Quicke, Loncle & Butcher, 2024	2024	Quicke_2024	FALSE	Animalia	Arthropoda	Insecta	Hymenoptera	Braconidae	https://doi.org/10.3897/zookeys.1206.120824
3206			accepted	species	Courtney Act	Tuleaspis jeneki	McAdams, Adrain & Karim, 2018	2018		TRUE						
3207			accepted	species	Brandi Carlile: in honor of Brandi Carlile, an American singer-songwriter who, along with Tim and Phil Hanseroth, established the Looking Out Foundation, which raises money and awareness for numerous causes to include supporting child victims of war, world hunger, LGBT rights, and the empowerment of women. Carlile founded the annual Girls Just Wanna Weekend Festival to counter the lack of female representation at mainstream music festivals, which takes place near the type locality for this species	Ummidia brandicarlileae	Godwin & Bond, 2021	2021	Godwin_2021	FALSE	Animalia	Arthropoda	Arachnida	Araneae	Halonoproctidae	https://doi.org/10.3897/zookeys.1027.54888
3208			accepted	species	Nazir Ahmad Wani: is a tribute to the hero of India, Lance Naik Nazir Ahmad Wani, AC, a soldier of the Indian Territorial Army. He was posthumously awarded with the Ashoka Chakra (India's highest peacetime military decoration) for his tremendous actions in several major counter-insurgency operations in Kashmir	Uroballus nazirwanii	Prajapati, Malamel & Sebastian, 2020	2020	Prajapati_2020	FALSE	Animalia	Arthropoda	Arachnida	Araneae	Salticidae	https://doi.org/10.13156/arac.2020.18.6.629
3209			accepted	species	Tom Hardy: in reference to the English actor Edward Thomas 'Tom' Hardy, who plays the character Eddie Brock and his alter-ego Venom in the super-hero films of the same name	Venomius tomhardyi	Rossi, Castanheira, Baptista & Framenau, 2023	2023	Rossi_2023	FALSE	Animalia	Arthropoda	Arachnida	Araneae	Araneidae	https://doi.org/10.3897/evolsyst.7.110022
3210			accepted	species	Rihanna: Named in honour of Rhianna [sic] Fenty, talent, beauty and commitment, considered the most successful artist of the 21st century, of whom a personality like Barack Obama highlighted her powerful force in the struggle to give dignity to people. The holotype was collected in her hometown, Saint Michael (Barbados), a curious coincidence to pay tribute to a universal Barbadian	Volvarina rhiannae	Ortea, 2021	2021		FALSE	Animalia	Mollusca	Gastropoda	Neogastropoda	Marginellidae	
3211			accepted	species	Lionel Messi: Honouring the Argentinean football player Lionel Andrés Messi, one of the best of our times, who, being captain and best player, together with an outstanding team won the FIFA World Cup in Qatar 2022	Vultur messii	Degrange et al., 2023	2023	Degrange_2023	TRUE	Animalia	Chordata	Aves	Accipitriformes	Cathartidae	https://doi.org/10.1080/08912963.2023.2288612
3212			accepted	species	Emily Graslie: We are delighted to name this species in honor of Emily Graslie, Chief Curiosity Correspondent at the Field Museum (Chicago, Illinois, USA), in recognition of her efforts to promote natural history collections through her YouTube channel The Brain Scoop	Wahydra graslieae	A. Warren, Carneiro, & Dolibaina, 2018	2018	CARNEIRO_2018	FALSE						https://doi.org/10.11646/zootaxa.4392.1.11
3213			accepted	species	Greta Thunberg: We dedicate this species to the climate activist Greta Thunberg, for her brave and insightful efforts to open the eyes of the world leaders about the need for action against climate change. The achievements of Greta Thunberg give us hope that the challenges of changing the unsustainable path of human societies may still be possible, just like the tiny tardigrades are able to overcome seemingly impossible environmental challenges. But we have to act now!	Xerobiotus gretae	Massa et al., 2021	2021	Massa_2021	FALSE	Animalia	Tardigrada	Eutardigrada	Parachela	Macrobiotidae	https://doi.org/10.1038/s41598-021-83627-w
3214			accepted	species	Roger Federer: Because of the male palpal apophysis, which resembles a tennis racket, this species is dedicated to Roger Federer, the best tennis player ever	Xyphinus rogerfedereri	Kranz-Baltensperger, 2014	2014	KRANZ_BALTENSPERGER_2014	FALSE	Animalia	Arthropoda	Arachnida	Araneae	Oonopidae	https://doi.org/10.11646/zootaxa.3870.1.1
